grid	teeth	module	pressure_angle	profile_shift	backlash	rho_requested	rho_used	reason	waist_half_angle
A	6	1	14.5	-0.6	0	0	0	tooth severed	-0.0473952
A	6	1	14.5	-0.6	0	0.1	0.1	tooth severed	-0.0332155
A	6	1	14.5	-0.6	0	0.25	0.25	tooth severed	-0.0122168
A	6	1	14.5	-0.6	0.1	0	0	tooth severed	-0.0640618
A	6	1	14.5	-0.6	0.1	0.1	0.1	tooth severed	-0.0498822
A	6	1	14.5	-0.6	0.1	0.25	0.25	tooth severed	-0.0288835
A	6	1	14.5	-0.6	0.1	0.38	0.38	tooth severed	-0.0109628
A	6	1	14.5	-0.5	0	0	0	tooth severed	-0.00655884
A	6	1	14.5	-0.5	0.1	0	0	tooth severed	-0.0232255
A	6	1	14.5	-0.5	0.1	0.1	0.1	tooth severed	-0.00969192
A	6	1	20	-0.6	0	0	0	tooth severed	-0.00349822
A	6	1	20	-0.6	0.1	0	0	tooth severed	-0.0201649
A	6	1	20	-0.6	0.1	0.1	0.1	tooth severed	-0.00845439
A	7	1	14.5	-0.6	0.1	0	0	tooth severed	-0.012325
A	7	1	14.5	-0.6	0.1	0.1	0.1	tooth severed	-0.00162715
A	16	1	14.5	1	0	0	0	nothing radial to replace	
A	16	1	14.5	1	0	0.1	0.1	nothing radial to replace	
A	16	1	14.5	1	0	0.25	0.25	nothing radial to replace	
A	16	1	14.5	1	0	0.38	0.38	nothing radial to replace	
A	16	1	14.5	1	0	0.5	0.5	nothing radial to replace	
A	16	1	14.5	1	0	3	0.596	nothing radial to replace	
A	17	1	14.5	1	0	0	0	nothing radial to replace	
A	17	1	14.5	1	0	0.1	0.1	nothing radial to replace	
A	17	1	14.5	1	0	0.25	0.25	nothing radial to replace	
A	17	1	14.5	1	0	0.38	0.38	nothing radial to replace	
A	17	1	14.5	1	0	0.5	0.5	nothing radial to replace	
A	17	1	14.5	1	0	3	0.596	nothing radial to replace	
A	17	1	20	1	0	0	0	nothing radial to replace	
A	17	1	20	1	0	0.1	0.1	nothing radial to replace	
A	17	1	20	1	0	0.25	0.25	nothing radial to replace	
A	17	1	20	1	0	0.38	0.38	nothing radial to replace	
A	17	1	20	1	0	0.5	0.471	nothing radial to replace	
A	17	1	20	1	0	3	0.471	nothing radial to replace	
A	17	1	25	0.5	0	0	0	nothing radial to replace	
A	17	1	25	0.5	0	0.1	0.1	nothing radial to replace	
A	17	1	25	0.5	0	0.25	0.25	nothing radial to replace	
A	17	1	25	0.5	0	0.38	0.317	nothing radial to replace	
A	17	1	25	0.5	0	0.5	0.317	nothing radial to replace	
A	17	1	25	0.5	0	3	0.317	nothing radial to replace	
A	17	1	25	0.5	0.1	0	0	nothing radial to replace	
A	17	1	25	0.5	0.1	0.1	0.1	nothing radial to replace	
A	17	1	25	0.5	0.1	0.25	0.25	nothing radial to replace	
A	17	1	25	0.5	0.1	0.38	0.38	nothing radial to replace	
A	17	1	25	0.5	0.1	0.5	0.396	nothing radial to replace	
A	17	1	25	0.5	0.1	3	0.396	nothing radial to replace	
A	18	1	14.5	1	0	0	0	nothing radial to replace	
A	18	1	14.5	1	0	0.1	0.1	nothing radial to replace	
A	18	1	14.5	1	0	0.25	0.25	nothing radial to replace	
A	18	1	14.5	1	0	0.38	0.38	nothing radial to replace	
A	18	1	14.5	1	0	0.5	0.5	nothing radial to replace	
A	18	1	14.5	1	0	3	0.596	nothing radial to replace	
A	18	1	20	1	0	0	0	nothing radial to replace	
A	18	1	20	1	0	0.1	0.1	nothing radial to replace	
A	18	1	20	1	0	0.25	0.25	nothing radial to replace	
A	18	1	20	1	0	0.38	0.38	nothing radial to replace	
A	18	1	20	1	0	0.5	0.471	nothing radial to replace	
A	18	1	20	1	0	3	0.471	nothing radial to replace	
A	18	1	25	0.5	0	0	0	nothing radial to replace	
A	18	1	25	0.5	0	0.1	0.1	nothing radial to replace	
A	18	1	25	0.5	0	0.25	0.25	nothing radial to replace	
A	18	1	25	0.5	0	0.38	0.317	nothing radial to replace	
A	18	1	25	0.5	0	0.5	0.317	nothing radial to replace	
A	18	1	25	0.5	0	3	0.317	nothing radial to replace	
A	18	1	25	0.5	0.1	0	0	nothing radial to replace	
A	18	1	25	0.5	0.1	0.1	0.1	nothing radial to replace	
A	18	1	25	0.5	0.1	0.25	0.25	nothing radial to replace	
A	18	1	25	0.5	0.1	0.38	0.38	nothing radial to replace	
A	18	1	25	0.5	0.1	0.5	0.396	nothing radial to replace	
A	18	1	25	0.5	0.1	3	0.396	nothing radial to replace	
A	19	1	14.5	1	0	0	0	nothing radial to replace	
A	19	1	14.5	1	0	0.1	0.1	nothing radial to replace	
A	19	1	14.5	1	0	0.25	0.25	nothing radial to replace	
A	19	1	14.5	1	0	0.38	0.38	nothing radial to replace	
A	19	1	14.5	1	0	0.5	0.5	nothing radial to replace	
A	19	1	14.5	1	0	3	0.596	nothing radial to replace	
A	19	1	14.5	1	0.1	0	0	nothing radial to replace	
A	19	1	14.5	1	0.1	0.1	0.1	nothing radial to replace	
A	19	1	14.5	1	0.1	0.25	0.25	nothing radial to replace	
A	19	1	14.5	1	0.1	0.38	0.38	nothing radial to replace	
A	19	1	14.5	1	0.1	0.5	0.5	nothing radial to replace	
A	19	1	14.5	1	0.1	3	0.661	nothing radial to replace	
A	19	1	20	1	0	0	0	nothing radial to replace	
A	19	1	20	1	0	0.1	0.1	nothing radial to replace	
A	19	1	20	1	0	0.25	0.25	nothing radial to replace	
A	19	1	20	1	0	0.38	0.38	nothing radial to replace	
A	19	1	20	1	0	0.5	0.471	nothing radial to replace	
A	19	1	20	1	0	3	0.471	nothing radial to replace	
A	19	1	25	0.5	0	0	0	nothing radial to replace	
A	19	1	25	0.5	0	0.1	0.1	nothing radial to replace	
A	19	1	25	0.5	0	0.25	0.25	nothing radial to replace	
A	19	1	25	0.5	0	0.38	0.317	nothing radial to replace	
A	19	1	25	0.5	0	0.5	0.317	nothing radial to replace	
A	19	1	25	0.5	0	3	0.317	nothing radial to replace	
A	19	1	25	0.5	0.1	0	0	nothing radial to replace	
A	19	1	25	0.5	0.1	0.1	0.1	nothing radial to replace	
A	19	1	25	0.5	0.1	0.25	0.25	nothing radial to replace	
A	19	1	25	0.5	0.1	0.38	0.38	nothing radial to replace	
A	19	1	25	0.5	0.1	0.5	0.396	nothing radial to replace	
A	19	1	25	0.5	0.1	3	0.396	nothing radial to replace	
A	20	1	14.5	1	0	0	0	nothing radial to replace	
A	20	1	14.5	1	0	0.1	0.1	nothing radial to replace	
A	20	1	14.5	1	0	0.25	0.25	nothing radial to replace	
A	20	1	14.5	1	0	0.38	0.38	nothing radial to replace	
A	20	1	14.5	1	0	0.5	0.5	nothing radial to replace	
A	20	1	14.5	1	0	3	0.596	nothing radial to replace	
A	20	1	14.5	1	0.1	0	0	nothing radial to replace	
A	20	1	14.5	1	0.1	0.1	0.1	nothing radial to replace	
A	20	1	14.5	1	0.1	0.25	0.25	nothing radial to replace	
A	20	1	14.5	1	0.1	0.38	0.38	nothing radial to replace	
A	20	1	14.5	1	0.1	0.5	0.5	nothing radial to replace	
A	20	1	14.5	1	0.1	3	0.661	nothing radial to replace	
A	20	1	20	1	0	0	0	nothing radial to replace	
A	20	1	20	1	0	0.1	0.1	nothing radial to replace	
A	20	1	20	1	0	0.25	0.25	nothing radial to replace	
A	20	1	20	1	0	0.38	0.38	nothing radial to replace	
A	20	1	20	1	0	0.5	0.471	nothing radial to replace	
A	20	1	20	1	0	3	0.471	nothing radial to replace	
A	20	1	25	0.5	0	0	0	nothing radial to replace	
A	20	1	25	0.5	0	0.1	0.1	nothing radial to replace	
A	20	1	25	0.5	0	0.25	0.25	nothing radial to replace	
A	20	1	25	0.5	0	0.38	0.317	nothing radial to replace	
A	20	1	25	0.5	0	0.5	0.317	nothing radial to replace	
A	20	1	25	0.5	0	3	0.317	nothing radial to replace	
A	20	1	25	0.5	0.1	0	0	nothing radial to replace	
A	20	1	25	0.5	0.1	0.1	0.1	nothing radial to replace	
A	20	1	25	0.5	0.1	0.25	0.25	nothing radial to replace	
A	20	1	25	0.5	0.1	0.38	0.38	nothing radial to replace	
A	20	1	25	0.5	0.1	0.5	0.396	nothing radial to replace	
A	20	1	25	0.5	0.1	3	0.396	nothing radial to replace	
A	21	1	14.5	1	0	0	0	nothing radial to replace	
A	21	1	14.5	1	0	0.1	0.1	nothing radial to replace	
A	21	1	14.5	1	0	0.25	0.25	nothing radial to replace	
A	21	1	14.5	1	0	0.38	0.38	nothing radial to replace	
A	21	1	14.5	1	0	0.5	0.5	nothing radial to replace	
A	21	1	14.5	1	0	3	0.596	nothing radial to replace	
A	21	1	14.5	1	0.1	0	0	nothing radial to replace	
A	21	1	14.5	1	0.1	0.1	0.1	nothing radial to replace	
A	21	1	14.5	1	0.1	0.25	0.25	nothing radial to replace	
A	21	1	14.5	1	0.1	0.38	0.38	nothing radial to replace	
A	21	1	14.5	1	0.1	0.5	0.5	nothing radial to replace	
A	21	1	14.5	1	0.1	3	0.661	nothing radial to replace	
A	21	1	20	1	0	0	0	nothing radial to replace	
A	21	1	20	1	0	0.1	0.1	nothing radial to replace	
A	21	1	20	1	0	0.25	0.25	nothing radial to replace	
A	21	1	20	1	0	0.38	0.38	nothing radial to replace	
A	21	1	20	1	0	0.5	0.471	nothing radial to replace	
A	21	1	20	1	0	3	0.471	nothing radial to replace	
A	21	1	20	1	0.1	0	0	nothing radial to replace	
A	21	1	20	1	0.1	0.1	0.1	nothing radial to replace	
A	21	1	20	1	0.1	0.25	0.25	nothing radial to replace	
A	21	1	20	1	0.1	0.38	0.38	nothing radial to replace	
A	21	1	20	1	0.1	0.5	0.5	nothing radial to replace	
A	21	1	20	1	0.1	3	0.543	nothing radial to replace	
A	21	1	25	0.5	0	0	0	nothing radial to replace	
A	21	1	25	0.5	0	0.1	0.1	nothing radial to replace	
A	21	1	25	0.5	0	0.25	0.25	nothing radial to replace	
A	21	1	25	0.5	0	0.38	0.317	nothing radial to replace	
A	21	1	25	0.5	0	0.5	0.317	nothing radial to replace	
A	21	1	25	0.5	0	3	0.317	nothing radial to replace	
A	21	1	25	0.5	0.1	0	0	nothing radial to replace	
A	21	1	25	0.5	0.1	0.1	0.1	nothing radial to replace	
A	21	1	25	0.5	0.1	0.25	0.25	nothing radial to replace	
A	21	1	25	0.5	0.1	0.38	0.38	nothing radial to replace	
A	21	1	25	0.5	0.1	0.5	0.396	nothing radial to replace	
A	21	1	25	0.5	0.1	3	0.396	nothing radial to replace	
A	21	1	25	1	0	0	0	nothing radial to replace	
A	21	1	25	1	0	0.1	0.1	nothing radial to replace	
A	21	1	25	1	0	0.25	0.25	nothing radial to replace	
A	21	1	25	1	0	0.38	0.317	nothing radial to replace	
A	21	1	25	1	0	0.5	0.317	nothing radial to replace	
A	21	1	25	1	0	3	0.317	nothing radial to replace	
A	22	1	14.5	1	0	0	0	nothing radial to replace	
A	22	1	14.5	1	0	0.1	0.1	nothing radial to replace	
A	22	1	14.5	1	0	0.25	0.25	nothing radial to replace	
A	22	1	14.5	1	0	0.38	0.38	nothing radial to replace	
A	22	1	14.5	1	0	0.5	0.5	nothing radial to replace	
A	22	1	14.5	1	0	3	0.596	nothing radial to replace	
A	22	1	14.5	1	0.1	0	0	nothing radial to replace	
A	22	1	14.5	1	0.1	0.1	0.1	nothing radial to replace	
A	22	1	14.5	1	0.1	0.25	0.25	nothing radial to replace	
A	22	1	14.5	1	0.1	0.38	0.38	nothing radial to replace	
A	22	1	14.5	1	0.1	0.5	0.5	nothing radial to replace	
A	22	1	14.5	1	0.1	3	0.661	nothing radial to replace	
A	22	1	20	1	0	0	0	nothing radial to replace	
A	22	1	20	1	0	0.1	0.1	nothing radial to replace	
A	22	1	20	1	0	0.25	0.25	nothing radial to replace	
A	22	1	20	1	0	0.38	0.38	nothing radial to replace	
A	22	1	20	1	0	0.5	0.471	nothing radial to replace	
A	22	1	20	1	0	3	0.471	nothing radial to replace	
A	22	1	20	1	0.1	0	0	nothing radial to replace	
A	22	1	20	1	0.1	0.1	0.1	nothing radial to replace	
A	22	1	20	1	0.1	0.25	0.25	nothing radial to replace	
A	22	1	20	1	0.1	0.38	0.38	nothing radial to replace	
A	22	1	20	1	0.1	0.5	0.5	nothing radial to replace	
A	22	1	20	1	0.1	3	0.543	nothing radial to replace	
A	22	1	25	0.5	0	0	0	nothing radial to replace	
A	22	1	25	0.5	0	0.1	0.1	nothing radial to replace	
A	22	1	25	0.5	0	0.25	0.25	nothing radial to replace	
A	22	1	25	0.5	0	0.38	0.317	nothing radial to replace	
A	22	1	25	0.5	0	0.5	0.317	nothing radial to replace	
A	22	1	25	0.5	0	3	0.317	nothing radial to replace	
A	22	1	25	0.5	0.1	0	0	nothing radial to replace	
A	22	1	25	0.5	0.1	0.1	0.1	nothing radial to replace	
A	22	1	25	0.5	0.1	0.25	0.25	nothing radial to replace	
A	22	1	25	0.5	0.1	0.38	0.38	nothing radial to replace	
A	22	1	25	0.5	0.1	0.5	0.396	nothing radial to replace	
A	22	1	25	0.5	0.1	3	0.396	nothing radial to replace	
A	22	1	25	1	0	0	0	nothing radial to replace	
A	22	1	25	1	0	0.1	0.1	nothing radial to replace	
A	22	1	25	1	0	0.25	0.25	nothing radial to replace	
A	22	1	25	1	0	0.38	0.317	nothing radial to replace	
A	22	1	25	1	0	0.5	0.317	nothing radial to replace	
A	22	1	25	1	0	3	0.317	nothing radial to replace	
A	23	1	14.5	1	0	0	0	nothing radial to replace	
A	23	1	14.5	1	0	0.1	0.1	nothing radial to replace	
A	23	1	14.5	1	0	0.25	0.25	nothing radial to replace	
A	23	1	14.5	1	0	0.38	0.38	nothing radial to replace	
A	23	1	14.5	1	0	0.5	0.5	nothing radial to replace	
A	23	1	14.5	1	0	3	0.596	nothing radial to replace	
A	23	1	14.5	1	0.1	0	0	nothing radial to replace	
A	23	1	14.5	1	0.1	0.1	0.1	nothing radial to replace	
A	23	1	14.5	1	0.1	0.25	0.25	nothing radial to replace	
A	23	1	14.5	1	0.1	0.38	0.38	nothing radial to replace	
A	23	1	14.5	1	0.1	0.5	0.5	nothing radial to replace	
A	23	1	14.5	1	0.1	3	0.661	nothing radial to replace	
A	23	1	20	1	0	0	0	nothing radial to replace	
A	23	1	20	1	0	0.1	0.1	nothing radial to replace	
A	23	1	20	1	0	0.25	0.25	nothing radial to replace	
A	23	1	20	1	0	0.38	0.38	nothing radial to replace	
A	23	1	20	1	0	0.5	0.471	nothing radial to replace	
A	23	1	20	1	0	3	0.471	nothing radial to replace	
A	23	1	20	1	0.1	0	0	nothing radial to replace	
A	23	1	20	1	0.1	0.1	0.1	nothing radial to replace	
A	23	1	20	1	0.1	0.25	0.25	nothing radial to replace	
A	23	1	20	1	0.1	0.38	0.38	nothing radial to replace	
A	23	1	20	1	0.1	0.5	0.5	nothing radial to replace	
A	23	1	20	1	0.1	3	0.543	nothing radial to replace	
A	23	1	25	0.2	0	0	0	nothing radial to replace	
A	23	1	25	0.2	0	0.1	0.1	nothing radial to replace	
A	23	1	25	0.2	0	0.25	0.25	nothing radial to replace	
A	23	1	25	0.2	0	0.38	0.317	nothing radial to replace	
A	23	1	25	0.2	0	0.5	0.317	nothing radial to replace	
A	23	1	25	0.2	0	3	0.317	nothing radial to replace	
A	23	1	25	0.2	0.1	0	0	nothing radial to replace	
A	23	1	25	0.2	0.1	0.1	0.1	nothing radial to replace	
A	23	1	25	0.2	0.1	0.25	0.25	nothing radial to replace	
A	23	1	25	0.2	0.1	0.38	0.38	nothing radial to replace	
A	23	1	25	0.2	0.1	0.5	0.396	nothing radial to replace	
A	23	1	25	0.2	0.1	3	0.396	nothing radial to replace	
A	23	1	25	0.5	0	0	0	nothing radial to replace	
A	23	1	25	0.5	0	0.1	0.1	nothing radial to replace	
A	23	1	25	0.5	0	0.25	0.25	nothing radial to replace	
A	23	1	25	0.5	0	0.38	0.317	nothing radial to replace	
A	23	1	25	0.5	0	0.5	0.317	nothing radial to replace	
A	23	1	25	0.5	0	3	0.317	nothing radial to replace	
A	23	1	25	0.5	0.1	0	0	nothing radial to replace	
A	23	1	25	0.5	0.1	0.1	0.1	nothing radial to replace	
A	23	1	25	0.5	0.1	0.25	0.25	nothing radial to replace	
A	23	1	25	0.5	0.1	0.38	0.38	nothing radial to replace	
A	23	1	25	0.5	0.1	0.5	0.396	nothing radial to replace	
A	23	1	25	0.5	0.1	3	0.396	nothing radial to replace	
A	23	1	25	1	0	0	0	nothing radial to replace	
A	23	1	25	1	0	0.1	0.1	nothing radial to replace	
A	23	1	25	1	0	0.25	0.25	nothing radial to replace	
A	23	1	25	1	0	0.38	0.317	nothing radial to replace	
A	23	1	25	1	0	0.5	0.317	nothing radial to replace	
A	23	1	25	1	0	3	0.317	nothing radial to replace	
A	24	1	14.5	1	0	0	0	nothing radial to replace	
A	24	1	14.5	1	0	0.1	0.1	nothing radial to replace	
A	24	1	14.5	1	0	0.25	0.25	nothing radial to replace	
A	24	1	14.5	1	0	0.38	0.38	nothing radial to replace	
A	24	1	14.5	1	0	0.5	0.5	nothing radial to replace	
A	24	1	14.5	1	0	3	0.596	nothing radial to replace	
A	24	1	14.5	1	0.1	0	0	nothing radial to replace	
A	24	1	14.5	1	0.1	0.1	0.1	nothing radial to replace	
A	24	1	14.5	1	0.1	0.25	0.25	nothing radial to replace	
A	24	1	14.5	1	0.1	0.38	0.38	nothing radial to replace	
A	24	1	14.5	1	0.1	0.5	0.5	nothing radial to replace	
A	24	1	14.5	1	0.1	3	0.661	nothing radial to replace	
A	24	1	20	1	0	0	0	nothing radial to replace	
A	24	1	20	1	0	0.1	0.1	nothing radial to replace	
A	24	1	20	1	0	0.25	0.25	nothing radial to replace	
A	24	1	20	1	0	0.38	0.38	nothing radial to replace	
A	24	1	20	1	0	0.5	0.471	nothing radial to replace	
A	24	1	20	1	0	3	0.471	nothing radial to replace	
A	24	1	20	1	0.1	0	0	nothing radial to replace	
A	24	1	20	1	0.1	0.1	0.1	nothing radial to replace	
A	24	1	20	1	0.1	0.25	0.25	nothing radial to replace	
A	24	1	20	1	0.1	0.38	0.38	nothing radial to replace	
A	24	1	20	1	0.1	0.5	0.5	nothing radial to replace	
A	24	1	20	1	0.1	3	0.543	nothing radial to replace	
A	24	1	25	0.2	0	0	0	nothing radial to replace	
A	24	1	25	0.2	0	0.1	0.1	nothing radial to replace	
A	24	1	25	0.2	0	0.25	0.25	nothing radial to replace	
A	24	1	25	0.2	0	0.38	0.317	nothing radial to replace	
A	24	1	25	0.2	0	0.5	0.317	nothing radial to replace	
A	24	1	25	0.2	0	3	0.317	nothing radial to replace	
A	24	1	25	0.2	0.1	0	0	nothing radial to replace	
A	24	1	25	0.2	0.1	0.1	0.1	nothing radial to replace	
A	24	1	25	0.2	0.1	0.25	0.25	nothing radial to replace	
A	24	1	25	0.2	0.1	0.38	0.38	nothing radial to replace	
A	24	1	25	0.2	0.1	0.5	0.396	nothing radial to replace	
A	24	1	25	0.2	0.1	3	0.396	nothing radial to replace	
A	24	1	25	0.5	0	0	0	nothing radial to replace	
A	24	1	25	0.5	0	0.1	0.1	nothing radial to replace	
A	24	1	25	0.5	0	0.25	0.25	nothing radial to replace	
A	24	1	25	0.5	0	0.38	0.317	nothing radial to replace	
A	24	1	25	0.5	0	0.5	0.317	nothing radial to replace	
A	24	1	25	0.5	0	3	0.317	nothing radial to replace	
A	24	1	25	0.5	0.1	0	0	nothing radial to replace	
A	24	1	25	0.5	0.1	0.1	0.1	nothing radial to replace	
A	24	1	25	0.5	0.1	0.25	0.25	nothing radial to replace	
A	24	1	25	0.5	0.1	0.38	0.38	nothing radial to replace	
A	24	1	25	0.5	0.1	0.5	0.396	nothing radial to replace	
A	24	1	25	0.5	0.1	3	0.396	nothing radial to replace	
A	24	1	25	1	0	0	0	nothing radial to replace	
A	24	1	25	1	0	0.1	0.1	nothing radial to replace	
A	24	1	25	1	0	0.25	0.25	nothing radial to replace	
A	24	1	25	1	0	0.38	0.317	nothing radial to replace	
A	24	1	25	1	0	0.5	0.317	nothing radial to replace	
A	24	1	25	1	0	3	0.317	nothing radial to replace	
A	25	1	14.5	1	0	0	0	nothing radial to replace	
A	25	1	14.5	1	0	0.1	0.1	nothing radial to replace	
A	25	1	14.5	1	0	0.25	0.25	nothing radial to replace	
A	25	1	14.5	1	0	0.38	0.38	nothing radial to replace	
A	25	1	14.5	1	0	0.5	0.5	nothing radial to replace	
A	25	1	14.5	1	0	3	0.596	nothing radial to replace	
A	25	1	14.5	1	0.1	0	0	nothing radial to replace	
A	25	1	14.5	1	0.1	0.1	0.1	nothing radial to replace	
A	25	1	14.5	1	0.1	0.25	0.25	nothing radial to replace	
A	25	1	14.5	1	0.1	0.38	0.38	nothing radial to replace	
A	25	1	14.5	1	0.1	0.5	0.5	nothing radial to replace	
A	25	1	14.5	1	0.1	3	0.661	nothing radial to replace	
A	25	1	20	0.5	0	0	0	nothing radial to replace	
A	25	1	20	0.5	0	0.1	0.1	nothing radial to replace	
A	25	1	20	0.5	0	0.25	0.25	nothing radial to replace	
A	25	1	20	0.5	0	0.38	0.38	nothing radial to replace	
A	25	1	20	0.5	0	0.5	0.471	nothing radial to replace	
A	25	1	20	0.5	0	3	0.471	nothing radial to replace	
A	25	1	20	0.5	0.1	0	0	nothing radial to replace	
A	25	1	20	0.5	0.1	0.1	0.1	nothing radial to replace	
A	25	1	20	0.5	0.1	0.25	0.25	nothing radial to replace	
A	25	1	20	0.5	0.1	0.38	0.38	nothing radial to replace	
A	25	1	20	0.5	0.1	0.5	0.5	nothing radial to replace	
A	25	1	20	0.5	0.1	3	0.543	nothing radial to replace	
A	25	1	20	1	0	0	0	nothing radial to replace	
A	25	1	20	1	0	0.1	0.1	nothing radial to replace	
A	25	1	20	1	0	0.25	0.25	nothing radial to replace	
A	25	1	20	1	0	0.38	0.38	nothing radial to replace	
A	25	1	20	1	0	0.5	0.471	nothing radial to replace	
A	25	1	20	1	0	3	0.471	nothing radial to replace	
A	25	1	20	1	0.1	0	0	nothing radial to replace	
A	25	1	20	1	0.1	0.1	0.1	nothing radial to replace	
A	25	1	20	1	0.1	0.25	0.25	nothing radial to replace	
A	25	1	20	1	0.1	0.38	0.38	nothing radial to replace	
A	25	1	20	1	0.1	0.5	0.5	nothing radial to replace	
A	25	1	20	1	0.1	3	0.543	nothing radial to replace	
A	25	1	25	0.2	0	0	0	nothing radial to replace	
A	25	1	25	0.2	0	0.1	0.1	nothing radial to replace	
A	25	1	25	0.2	0	0.25	0.25	nothing radial to replace	
A	25	1	25	0.2	0	0.38	0.317	nothing radial to replace	
A	25	1	25	0.2	0	0.5	0.317	nothing radial to replace	
A	25	1	25	0.2	0	3	0.317	nothing radial to replace	
A	25	1	25	0.2	0.1	0	0	nothing radial to replace	
A	25	1	25	0.2	0.1	0.1	0.1	nothing radial to replace	
A	25	1	25	0.2	0.1	0.25	0.25	nothing radial to replace	
A	25	1	25	0.2	0.1	0.38	0.38	nothing radial to replace	
A	25	1	25	0.2	0.1	0.5	0.396	nothing radial to replace	
A	25	1	25	0.2	0.1	3	0.396	nothing radial to replace	
A	25	1	25	0.5	0	0	0	nothing radial to replace	
A	25	1	25	0.5	0	0.1	0.1	nothing radial to replace	
A	25	1	25	0.5	0	0.25	0.25	nothing radial to replace	
A	25	1	25	0.5	0	0.38	0.317	nothing radial to replace	
A	25	1	25	0.5	0	0.5	0.317	nothing radial to replace	
A	25	1	25	0.5	0	3	0.317	nothing radial to replace	
A	25	1	25	0.5	0.1	0	0	nothing radial to replace	
A	25	1	25	0.5	0.1	0.1	0.1	nothing radial to replace	
A	25	1	25	0.5	0.1	0.25	0.25	nothing radial to replace	
A	25	1	25	0.5	0.1	0.38	0.38	nothing radial to replace	
A	25	1	25	0.5	0.1	0.5	0.396	nothing radial to replace	
A	25	1	25	0.5	0.1	3	0.396	nothing radial to replace	
A	25	1	25	1	0	0	0	nothing radial to replace	
A	25	1	25	1	0	0.1	0.1	nothing radial to replace	
A	25	1	25	1	0	0.25	0.25	nothing radial to replace	
A	25	1	25	1	0	0.38	0.317	nothing radial to replace	
A	25	1	25	1	0	0.5	0.317	nothing radial to replace	
A	25	1	25	1	0	3	0.317	nothing radial to replace	
A	26	1	14.5	1	0	0	0	nothing radial to replace	
A	26	1	14.5	1	0	0.1	0.1	nothing radial to replace	
A	26	1	14.5	1	0	0.25	0.25	nothing radial to replace	
A	26	1	14.5	1	0	0.38	0.38	nothing radial to replace	
A	26	1	14.5	1	0	0.5	0.5	nothing radial to replace	
A	26	1	14.5	1	0	3	0.596	nothing radial to replace	
A	26	1	14.5	1	0.1	0	0	nothing radial to replace	
A	26	1	14.5	1	0.1	0.1	0.1	nothing radial to replace	
A	26	1	14.5	1	0.1	0.25	0.25	nothing radial to replace	
A	26	1	14.5	1	0.1	0.38	0.38	nothing radial to replace	
A	26	1	14.5	1	0.1	0.5	0.5	nothing radial to replace	
A	26	1	14.5	1	0.1	3	0.661	nothing radial to replace	
A	26	1	20	0.5	0	0	0	nothing radial to replace	
A	26	1	20	0.5	0	0.1	0.1	nothing radial to replace	
A	26	1	20	0.5	0	0.25	0.25	nothing radial to replace	
A	26	1	20	0.5	0	0.38	0.38	nothing radial to replace	
A	26	1	20	0.5	0	0.5	0.471	nothing radial to replace	
A	26	1	20	0.5	0	3	0.471	nothing radial to replace	
A	26	1	20	0.5	0.1	0	0	nothing radial to replace	
A	26	1	20	0.5	0.1	0.1	0.1	nothing radial to replace	
A	26	1	20	0.5	0.1	0.25	0.25	nothing radial to replace	
A	26	1	20	0.5	0.1	0.38	0.38	nothing radial to replace	
A	26	1	20	0.5	0.1	0.5	0.5	nothing radial to replace	
A	26	1	20	0.5	0.1	3	0.543	nothing radial to replace	
A	26	1	20	1	0	0	0	nothing radial to replace	
A	26	1	20	1	0	0.1	0.1	nothing radial to replace	
A	26	1	20	1	0	0.25	0.25	nothing radial to replace	
A	26	1	20	1	0	0.38	0.38	nothing radial to replace	
A	26	1	20	1	0	0.5	0.471	nothing radial to replace	
A	26	1	20	1	0	3	0.471	nothing radial to replace	
A	26	1	20	1	0.1	0	0	nothing radial to replace	
A	26	1	20	1	0.1	0.1	0.1	nothing radial to replace	
A	26	1	20	1	0.1	0.25	0.25	nothing radial to replace	
A	26	1	20	1	0.1	0.38	0.38	nothing radial to replace	
A	26	1	20	1	0.1	0.5	0.5	nothing radial to replace	
A	26	1	20	1	0.1	3	0.543	nothing radial to replace	
A	26	1	25	0.2	0	0	0	nothing radial to replace	
A	26	1	25	0.2	0	0.1	0.1	nothing radial to replace	
A	26	1	25	0.2	0	0.25	0.25	nothing radial to replace	
A	26	1	25	0.2	0	0.38	0.317	nothing radial to replace	
A	26	1	25	0.2	0	0.5	0.317	nothing radial to replace	
A	26	1	25	0.2	0	3	0.317	nothing radial to replace	
A	26	1	25	0.2	0.1	0	0	nothing radial to replace	
A	26	1	25	0.2	0.1	0.1	0.1	nothing radial to replace	
A	26	1	25	0.2	0.1	0.25	0.25	nothing radial to replace	
A	26	1	25	0.2	0.1	0.38	0.38	nothing radial to replace	
A	26	1	25	0.2	0.1	0.5	0.396	nothing radial to replace	
A	26	1	25	0.2	0.1	3	0.396	nothing radial to replace	
A	26	1	25	0.5	0	0	0	nothing radial to replace	
A	26	1	25	0.5	0	0.1	0.1	nothing radial to replace	
A	26	1	25	0.5	0	0.25	0.25	nothing radial to replace	
A	26	1	25	0.5	0	0.38	0.317	nothing radial to replace	
A	26	1	25	0.5	0	0.5	0.317	nothing radial to replace	
A	26	1	25	0.5	0	3	0.317	nothing radial to replace	
A	26	1	25	0.5	0.1	0	0	nothing radial to replace	
A	26	1	25	0.5	0.1	0.1	0.1	nothing radial to replace	
A	26	1	25	0.5	0.1	0.25	0.25	nothing radial to replace	
A	26	1	25	0.5	0.1	0.38	0.38	nothing radial to replace	
A	26	1	25	0.5	0.1	0.5	0.396	nothing radial to replace	
A	26	1	25	0.5	0.1	3	0.396	nothing radial to replace	
A	26	1	25	1	0	0	0	nothing radial to replace	
A	26	1	25	1	0	0.1	0.1	nothing radial to replace	
A	26	1	25	1	0	0.25	0.25	nothing radial to replace	
A	26	1	25	1	0	0.38	0.317	nothing radial to replace	
A	26	1	25	1	0	0.5	0.317	nothing radial to replace	
A	26	1	25	1	0	3	0.317	nothing radial to replace	
A	26	1	25	1	0.1	0	0	nothing radial to replace	
A	26	1	25	1	0.1	0.1	0.1	nothing radial to replace	
A	26	1	25	1	0.1	0.25	0.25	nothing radial to replace	
A	26	1	25	1	0.1	0.38	0.38	nothing radial to replace	
A	26	1	25	1	0.1	0.5	0.396	nothing radial to replace	
A	26	1	25	1	0.1	3	0.396	nothing radial to replace	
A	27	1	14.5	1	0	0	0	nothing radial to replace	
A	27	1	14.5	1	0	0.1	0.1	nothing radial to replace	
A	27	1	14.5	1	0	0.25	0.25	nothing radial to replace	
A	27	1	14.5	1	0	0.38	0.38	nothing radial to replace	
A	27	1	14.5	1	0	0.5	0.5	nothing radial to replace	
A	27	1	14.5	1	0	3	0.596	nothing radial to replace	
A	27	1	14.5	1	0.1	0	0	nothing radial to replace	
A	27	1	14.5	1	0.1	0.1	0.1	nothing radial to replace	
A	27	1	14.5	1	0.1	0.25	0.25	nothing radial to replace	
A	27	1	14.5	1	0.1	0.38	0.38	nothing radial to replace	
A	27	1	14.5	1	0.1	0.5	0.5	nothing radial to replace	
A	27	1	14.5	1	0.1	3	0.661	nothing radial to replace	
A	27	1	20	0.5	0	0	0	nothing radial to replace	
A	27	1	20	0.5	0	0.1	0.1	nothing radial to replace	
A	27	1	20	0.5	0	0.25	0.25	nothing radial to replace	
A	27	1	20	0.5	0	0.38	0.38	nothing radial to replace	
A	27	1	20	0.5	0	0.5	0.471	nothing radial to replace	
A	27	1	20	0.5	0	3	0.471	nothing radial to replace	
A	27	1	20	0.5	0.1	0	0	nothing radial to replace	
A	27	1	20	0.5	0.1	0.1	0.1	nothing radial to replace	
A	27	1	20	0.5	0.1	0.25	0.25	nothing radial to replace	
A	27	1	20	0.5	0.1	0.38	0.38	nothing radial to replace	
A	27	1	20	0.5	0.1	0.5	0.5	nothing radial to replace	
A	27	1	20	0.5	0.1	3	0.543	nothing radial to replace	
A	27	1	20	1	0	0	0	nothing radial to replace	
A	27	1	20	1	0	0.1	0.1	nothing radial to replace	
A	27	1	20	1	0	0.25	0.25	nothing radial to replace	
A	27	1	20	1	0	0.38	0.38	nothing radial to replace	
A	27	1	20	1	0	0.5	0.471	nothing radial to replace	
A	27	1	20	1	0	3	0.471	nothing radial to replace	
A	27	1	20	1	0.1	0	0	nothing radial to replace	
A	27	1	20	1	0.1	0.1	0.1	nothing radial to replace	
A	27	1	20	1	0.1	0.25	0.25	nothing radial to replace	
A	27	1	20	1	0.1	0.38	0.38	nothing radial to replace	
A	27	1	20	1	0.1	0.5	0.5	nothing radial to replace	
A	27	1	20	1	0.1	3	0.543	nothing radial to replace	
A	27	1	25	0	0	0	0	nothing radial to replace	
A	27	1	25	0	0	0.1	0.1	nothing radial to replace	
A	27	1	25	0	0	0.25	0.25	nothing radial to replace	
A	27	1	25	0	0	0.38	0.317	nothing radial to replace	
A	27	1	25	0	0	0.5	0.317	nothing radial to replace	
A	27	1	25	0	0	3	0.317	nothing radial to replace	
A	27	1	25	0	0.1	0	0	nothing radial to replace	
A	27	1	25	0	0.1	0.1	0.1	nothing radial to replace	
A	27	1	25	0	0.1	0.25	0.25	nothing radial to replace	
A	27	1	25	0	0.1	0.38	0.38	nothing radial to replace	
A	27	1	25	0	0.1	0.5	0.396	nothing radial to replace	
A	27	1	25	0	0.1	3	0.396	nothing radial to replace	
A	27	1	25	0.2	0	0	0	nothing radial to replace	
A	27	1	25	0.2	0	0.1	0.1	nothing radial to replace	
A	27	1	25	0.2	0	0.25	0.25	nothing radial to replace	
A	27	1	25	0.2	0	0.38	0.317	nothing radial to replace	
A	27	1	25	0.2	0	0.5	0.317	nothing radial to replace	
A	27	1	25	0.2	0	3	0.317	nothing radial to replace	
A	27	1	25	0.2	0.1	0	0	nothing radial to replace	
A	27	1	25	0.2	0.1	0.1	0.1	nothing radial to replace	
A	27	1	25	0.2	0.1	0.25	0.25	nothing radial to replace	
A	27	1	25	0.2	0.1	0.38	0.38	nothing radial to replace	
A	27	1	25	0.2	0.1	0.5	0.396	nothing radial to replace	
A	27	1	25	0.2	0.1	3	0.396	nothing radial to replace	
A	27	1	25	0.5	0	0	0	nothing radial to replace	
A	27	1	25	0.5	0	0.1	0.1	nothing radial to replace	
A	27	1	25	0.5	0	0.25	0.25	nothing radial to replace	
A	27	1	25	0.5	0	0.38	0.317	nothing radial to replace	
A	27	1	25	0.5	0	0.5	0.317	nothing radial to replace	
A	27	1	25	0.5	0	3	0.317	nothing radial to replace	
A	27	1	25	0.5	0.1	0	0	nothing radial to replace	
A	27	1	25	0.5	0.1	0.1	0.1	nothing radial to replace	
A	27	1	25	0.5	0.1	0.25	0.25	nothing radial to replace	
A	27	1	25	0.5	0.1	0.38	0.38	nothing radial to replace	
A	27	1	25	0.5	0.1	0.5	0.396	nothing radial to replace	
A	27	1	25	0.5	0.1	3	0.396	nothing radial to replace	
A	27	1	25	1	0	0	0	nothing radial to replace	
A	27	1	25	1	0	0.1	0.1	nothing radial to replace	
A	27	1	25	1	0	0.25	0.25	nothing radial to replace	
A	27	1	25	1	0	0.38	0.317	nothing radial to replace	
A	27	1	25	1	0	0.5	0.317	nothing radial to replace	
A	27	1	25	1	0	3	0.317	nothing radial to replace	
A	27	1	25	1	0.1	0	0	nothing radial to replace	
A	27	1	25	1	0.1	0.1	0.1	nothing radial to replace	
A	27	1	25	1	0.1	0.25	0.25	nothing radial to replace	
A	27	1	25	1	0.1	0.38	0.38	nothing radial to replace	
A	27	1	25	1	0.1	0.5	0.396	nothing radial to replace	
A	27	1	25	1	0.1	3	0.396	nothing radial to replace	
A	28	1	14.5	1	0	0	0	nothing radial to replace	
A	28	1	14.5	1	0	0.1	0.1	nothing radial to replace	
A	28	1	14.5	1	0	0.25	0.25	nothing radial to replace	
A	28	1	14.5	1	0	0.38	0.38	nothing radial to replace	
A	28	1	14.5	1	0	0.5	0.5	nothing radial to replace	
A	28	1	14.5	1	0	3	0.596	nothing radial to replace	
A	28	1	14.5	1	0.1	0	0	nothing radial to replace	
A	28	1	14.5	1	0.1	0.1	0.1	nothing radial to replace	
A	28	1	14.5	1	0.1	0.25	0.25	nothing radial to replace	
A	28	1	14.5	1	0.1	0.38	0.38	nothing radial to replace	
A	28	1	14.5	1	0.1	0.5	0.5	nothing radial to replace	
A	28	1	14.5	1	0.1	3	0.661	nothing radial to replace	
A	28	1	20	0.5	0	0	0	nothing radial to replace	
A	28	1	20	0.5	0	0.1	0.1	nothing radial to replace	
A	28	1	20	0.5	0	0.25	0.25	nothing radial to replace	
A	28	1	20	0.5	0	0.38	0.38	nothing radial to replace	
A	28	1	20	0.5	0	0.5	0.471	nothing radial to replace	
A	28	1	20	0.5	0	3	0.471	nothing radial to replace	
A	28	1	20	0.5	0.1	0	0	nothing radial to replace	
A	28	1	20	0.5	0.1	0.1	0.1	nothing radial to replace	
A	28	1	20	0.5	0.1	0.25	0.25	nothing radial to replace	
A	28	1	20	0.5	0.1	0.38	0.38	nothing radial to replace	
A	28	1	20	0.5	0.1	0.5	0.5	nothing radial to replace	
A	28	1	20	0.5	0.1	3	0.543	nothing radial to replace	
A	28	1	20	1	0	0	0	nothing radial to replace	
A	28	1	20	1	0	0.1	0.1	nothing radial to replace	
A	28	1	20	1	0	0.25	0.25	nothing radial to replace	
A	28	1	20	1	0	0.38	0.38	nothing radial to replace	
A	28	1	20	1	0	0.5	0.471	nothing radial to replace	
A	28	1	20	1	0	3	0.471	nothing radial to replace	
A	28	1	20	1	0.1	0	0	nothing radial to replace	
A	28	1	20	1	0.1	0.1	0.1	nothing radial to replace	
A	28	1	20	1	0.1	0.25	0.25	nothing radial to replace	
A	28	1	20	1	0.1	0.38	0.38	nothing radial to replace	
A	28	1	20	1	0.1	0.5	0.5	nothing radial to replace	
A	28	1	20	1	0.1	3	0.543	nothing radial to replace	
A	28	1	25	0	0	0	0	nothing radial to replace	
A	28	1	25	0	0	0.1	0.1	nothing radial to replace	
A	28	1	25	0	0	0.25	0.25	nothing radial to replace	
A	28	1	25	0	0	0.38	0.317	nothing radial to replace	
A	28	1	25	0	0	0.5	0.317	nothing radial to replace	
A	28	1	25	0	0	3	0.317	nothing radial to replace	
A	28	1	25	0	0.1	0	0	nothing radial to replace	
A	28	1	25	0	0.1	0.1	0.1	nothing radial to replace	
A	28	1	25	0	0.1	0.25	0.25	nothing radial to replace	
A	28	1	25	0	0.1	0.38	0.38	nothing radial to replace	
A	28	1	25	0	0.1	0.5	0.396	nothing radial to replace	
A	28	1	25	0	0.1	3	0.396	nothing radial to replace	
A	28	1	25	0.2	0	0	0	nothing radial to replace	
A	28	1	25	0.2	0	0.1	0.1	nothing radial to replace	
A	28	1	25	0.2	0	0.25	0.25	nothing radial to replace	
A	28	1	25	0.2	0	0.38	0.317	nothing radial to replace	
A	28	1	25	0.2	0	0.5	0.317	nothing radial to replace	
A	28	1	25	0.2	0	3	0.317	nothing radial to replace	
A	28	1	25	0.2	0.1	0	0	nothing radial to replace	
A	28	1	25	0.2	0.1	0.1	0.1	nothing radial to replace	
A	28	1	25	0.2	0.1	0.25	0.25	nothing radial to replace	
A	28	1	25	0.2	0.1	0.38	0.38	nothing radial to replace	
A	28	1	25	0.2	0.1	0.5	0.396	nothing radial to replace	
A	28	1	25	0.2	0.1	3	0.396	nothing radial to replace	
A	28	1	25	0.5	0	0	0	nothing radial to replace	
A	28	1	25	0.5	0	0.1	0.1	nothing radial to replace	
A	28	1	25	0.5	0	0.25	0.25	nothing radial to replace	
A	28	1	25	0.5	0	0.38	0.317	nothing radial to replace	
A	28	1	25	0.5	0	0.5	0.317	nothing radial to replace	
A	28	1	25	0.5	0	3	0.317	nothing radial to replace	
A	28	1	25	0.5	0.1	0	0	nothing radial to replace	
A	28	1	25	0.5	0.1	0.1	0.1	nothing radial to replace	
A	28	1	25	0.5	0.1	0.25	0.25	nothing radial to replace	
A	28	1	25	0.5	0.1	0.38	0.38	nothing radial to replace	
A	28	1	25	0.5	0.1	0.5	0.396	nothing radial to replace	
A	28	1	25	0.5	0.1	3	0.396	nothing radial to replace	
A	28	1	25	1	0	0	0	nothing radial to replace	
A	28	1	25	1	0	0.1	0.1	nothing radial to replace	
A	28	1	25	1	0	0.25	0.25	nothing radial to replace	
A	28	1	25	1	0	0.38	0.317	nothing radial to replace	
A	28	1	25	1	0	0.5	0.317	nothing radial to replace	
A	28	1	25	1	0	3	0.317	nothing radial to replace	
A	28	1	25	1	0.1	0	0	nothing radial to replace	
A	28	1	25	1	0.1	0.1	0.1	nothing radial to replace	
A	28	1	25	1	0.1	0.25	0.25	nothing radial to replace	
A	28	1	25	1	0.1	0.38	0.38	nothing radial to replace	
A	28	1	25	1	0.1	0.5	0.396	nothing radial to replace	
A	28	1	25	1	0.1	3	0.396	nothing radial to replace	
A	29	1	14.5	1	0	0	0	nothing radial to replace	
A	29	1	14.5	1	0	0.1	0.1	nothing radial to replace	
A	29	1	14.5	1	0	0.25	0.25	nothing radial to replace	
A	29	1	14.5	1	0	0.38	0.38	nothing radial to replace	
A	29	1	14.5	1	0	0.5	0.5	nothing radial to replace	
A	29	1	14.5	1	0	3	0.596	nothing radial to replace	
A	29	1	14.5	1	0.1	0	0	nothing radial to replace	
A	29	1	14.5	1	0.1	0.1	0.1	nothing radial to replace	
A	29	1	14.5	1	0.1	0.25	0.25	nothing radial to replace	
A	29	1	14.5	1	0.1	0.38	0.38	nothing radial to replace	
A	29	1	14.5	1	0.1	0.5	0.5	nothing radial to replace	
A	29	1	14.5	1	0.1	3	0.661	nothing radial to replace	
A	29	1	20	0.5	0	0	0	nothing radial to replace	
A	29	1	20	0.5	0	0.1	0.1	nothing radial to replace	
A	29	1	20	0.5	0	0.25	0.25	nothing radial to replace	
A	29	1	20	0.5	0	0.38	0.38	nothing radial to replace	
A	29	1	20	0.5	0	0.5	0.471	nothing radial to replace	
A	29	1	20	0.5	0	3	0.471	nothing radial to replace	
A	29	1	20	0.5	0.1	0	0	nothing radial to replace	
A	29	1	20	0.5	0.1	0.1	0.1	nothing radial to replace	
A	29	1	20	0.5	0.1	0.25	0.25	nothing radial to replace	
A	29	1	20	0.5	0.1	0.38	0.38	nothing radial to replace	
A	29	1	20	0.5	0.1	0.5	0.5	nothing radial to replace	
A	29	1	20	0.5	0.1	3	0.543	nothing radial to replace	
A	29	1	20	1	0	0	0	nothing radial to replace	
A	29	1	20	1	0	0.1	0.1	nothing radial to replace	
A	29	1	20	1	0	0.25	0.25	nothing radial to replace	
A	29	1	20	1	0	0.38	0.38	nothing radial to replace	
A	29	1	20	1	0	0.5	0.471	nothing radial to replace	
A	29	1	20	1	0	3	0.471	nothing radial to replace	
A	29	1	20	1	0.1	0	0	nothing radial to replace	
A	29	1	20	1	0.1	0.1	0.1	nothing radial to replace	
A	29	1	20	1	0.1	0.25	0.25	nothing radial to replace	
A	29	1	20	1	0.1	0.38	0.38	nothing radial to replace	
A	29	1	20	1	0.1	0.5	0.5	nothing radial to replace	
A	29	1	20	1	0.1	3	0.543	nothing radial to replace	
A	29	1	25	0	0	0	0	nothing radial to replace	
A	29	1	25	0	0	0.1	0.1	nothing radial to replace	
A	29	1	25	0	0	0.25	0.25	nothing radial to replace	
A	29	1	25	0	0	0.38	0.317	nothing radial to replace	
A	29	1	25	0	0	0.5	0.317	nothing radial to replace	
A	29	1	25	0	0	3	0.317	nothing radial to replace	
A	29	1	25	0	0.1	0	0	nothing radial to replace	
A	29	1	25	0	0.1	0.1	0.1	nothing radial to replace	
A	29	1	25	0	0.1	0.25	0.25	nothing radial to replace	
A	29	1	25	0	0.1	0.38	0.38	nothing radial to replace	
A	29	1	25	0	0.1	0.5	0.396	nothing radial to replace	
A	29	1	25	0	0.1	3	0.396	nothing radial to replace	
A	29	1	25	0.2	0	0	0	nothing radial to replace	
A	29	1	25	0.2	0	0.1	0.1	nothing radial to replace	
A	29	1	25	0.2	0	0.25	0.25	nothing radial to replace	
A	29	1	25	0.2	0	0.38	0.317	nothing radial to replace	
A	29	1	25	0.2	0	0.5	0.317	nothing radial to replace	
A	29	1	25	0.2	0	3	0.317	nothing radial to replace	
A	29	1	25	0.2	0.1	0	0	nothing radial to replace	
A	29	1	25	0.2	0.1	0.1	0.1	nothing radial to replace	
A	29	1	25	0.2	0.1	0.25	0.25	nothing radial to replace	
A	29	1	25	0.2	0.1	0.38	0.38	nothing radial to replace	
A	29	1	25	0.2	0.1	0.5	0.396	nothing radial to replace	
A	29	1	25	0.2	0.1	3	0.396	nothing radial to replace	
A	29	1	25	0.5	0	0	0	nothing radial to replace	
A	29	1	25	0.5	0	0.1	0.1	nothing radial to replace	
A	29	1	25	0.5	0	0.25	0.25	nothing radial to replace	
A	29	1	25	0.5	0	0.38	0.317	nothing radial to replace	
A	29	1	25	0.5	0	0.5	0.317	nothing radial to replace	
A	29	1	25	0.5	0	3	0.317	nothing radial to replace	
A	29	1	25	0.5	0.1	0	0	nothing radial to replace	
A	29	1	25	0.5	0.1	0.1	0.1	nothing radial to replace	
A	29	1	25	0.5	0.1	0.25	0.25	nothing radial to replace	
A	29	1	25	0.5	0.1	0.38	0.38	nothing radial to replace	
A	29	1	25	0.5	0.1	0.5	0.396	nothing radial to replace	
A	29	1	25	0.5	0.1	3	0.396	nothing radial to replace	
A	29	1	25	1	0	0	0	nothing radial to replace	
A	29	1	25	1	0	0.1	0.1	nothing radial to replace	
A	29	1	25	1	0	0.25	0.25	nothing radial to replace	
A	29	1	25	1	0	0.38	0.317	nothing radial to replace	
A	29	1	25	1	0	0.5	0.317	nothing radial to replace	
A	29	1	25	1	0	3	0.317	nothing radial to replace	
A	29	1	25	1	0.1	0	0	nothing radial to replace	
A	29	1	25	1	0.1	0.1	0.1	nothing radial to replace	
A	29	1	25	1	0.1	0.25	0.25	nothing radial to replace	
A	29	1	25	1	0.1	0.38	0.38	nothing radial to replace	
A	29	1	25	1	0.1	0.5	0.396	nothing radial to replace	
A	29	1	25	1	0.1	3	0.396	nothing radial to replace	
A	30	1	14.5	1	0	0	0	nothing radial to replace	
A	30	1	14.5	1	0	0.1	0.1	nothing radial to replace	
A	30	1	14.5	1	0	0.25	0.25	nothing radial to replace	
A	30	1	14.5	1	0	0.38	0.38	nothing radial to replace	
A	30	1	14.5	1	0	0.5	0.5	nothing radial to replace	
A	30	1	14.5	1	0	3	0.596	nothing radial to replace	
A	30	1	14.5	1	0.1	0	0	nothing radial to replace	
A	30	1	14.5	1	0.1	0.1	0.1	nothing radial to replace	
A	30	1	14.5	1	0.1	0.25	0.25	nothing radial to replace	
A	30	1	14.5	1	0.1	0.38	0.38	nothing radial to replace	
A	30	1	14.5	1	0.1	0.5	0.5	nothing radial to replace	
A	30	1	14.5	1	0.1	3	0.661	nothing radial to replace	
A	30	1	20	0.5	0	0	0	nothing radial to replace	
A	30	1	20	0.5	0	0.1	0.1	nothing radial to replace	
A	30	1	20	0.5	0	0.25	0.25	nothing radial to replace	
A	30	1	20	0.5	0	0.38	0.38	nothing radial to replace	
A	30	1	20	0.5	0	0.5	0.471	nothing radial to replace	
A	30	1	20	0.5	0	3	0.471	nothing radial to replace	
A	30	1	20	0.5	0.1	0	0	nothing radial to replace	
A	30	1	20	0.5	0.1	0.1	0.1	nothing radial to replace	
A	30	1	20	0.5	0.1	0.25	0.25	nothing radial to replace	
A	30	1	20	0.5	0.1	0.38	0.38	nothing radial to replace	
A	30	1	20	0.5	0.1	0.5	0.5	nothing radial to replace	
A	30	1	20	0.5	0.1	3	0.543	nothing radial to replace	
A	30	1	20	1	0	0	0	nothing radial to replace	
A	30	1	20	1	0	0.1	0.1	nothing radial to replace	
A	30	1	20	1	0	0.25	0.25	nothing radial to replace	
A	30	1	20	1	0	0.38	0.38	nothing radial to replace	
A	30	1	20	1	0	0.5	0.471	nothing radial to replace	
A	30	1	20	1	0	3	0.471	nothing radial to replace	
A	30	1	20	1	0.1	0	0	nothing radial to replace	
A	30	1	20	1	0.1	0.1	0.1	nothing radial to replace	
A	30	1	20	1	0.1	0.25	0.25	nothing radial to replace	
A	30	1	20	1	0.1	0.38	0.38	nothing radial to replace	
A	30	1	20	1	0.1	0.5	0.5	nothing radial to replace	
A	30	1	20	1	0.1	3	0.543	nothing radial to replace	
A	30	1	25	0	0	0	0	nothing radial to replace	
A	30	1	25	0	0	0.1	0.1	nothing radial to replace	
A	30	1	25	0	0	0.25	0.25	nothing radial to replace	
A	30	1	25	0	0	0.38	0.317	nothing radial to replace	
A	30	1	25	0	0	0.5	0.317	nothing radial to replace	
A	30	1	25	0	0	3	0.317	nothing radial to replace	
A	30	1	25	0	0.1	0	0	nothing radial to replace	
A	30	1	25	0	0.1	0.1	0.1	nothing radial to replace	
A	30	1	25	0	0.1	0.25	0.25	nothing radial to replace	
A	30	1	25	0	0.1	0.38	0.38	nothing radial to replace	
A	30	1	25	0	0.1	0.5	0.396	nothing radial to replace	
A	30	1	25	0	0.1	3	0.396	nothing radial to replace	
A	30	1	25	0.2	0	0	0	nothing radial to replace	
A	30	1	25	0.2	0	0.1	0.1	nothing radial to replace	
A	30	1	25	0.2	0	0.25	0.25	nothing radial to replace	
A	30	1	25	0.2	0	0.38	0.317	nothing radial to replace	
A	30	1	25	0.2	0	0.5	0.317	nothing radial to replace	
A	30	1	25	0.2	0	3	0.317	nothing radial to replace	
A	30	1	25	0.2	0.1	0	0	nothing radial to replace	
A	30	1	25	0.2	0.1	0.1	0.1	nothing radial to replace	
A	30	1	25	0.2	0.1	0.25	0.25	nothing radial to replace	
A	30	1	25	0.2	0.1	0.38	0.38	nothing radial to replace	
A	30	1	25	0.2	0.1	0.5	0.396	nothing radial to replace	
A	30	1	25	0.2	0.1	3	0.396	nothing radial to replace	
A	30	1	25	0.5	0	0	0	nothing radial to replace	
A	30	1	25	0.5	0	0.1	0.1	nothing radial to replace	
A	30	1	25	0.5	0	0.25	0.25	nothing radial to replace	
A	30	1	25	0.5	0	0.38	0.317	nothing radial to replace	
A	30	1	25	0.5	0	0.5	0.317	nothing radial to replace	
A	30	1	25	0.5	0	3	0.317	nothing radial to replace	
A	30	1	25	0.5	0.1	0	0	nothing radial to replace	
A	30	1	25	0.5	0.1	0.1	0.1	nothing radial to replace	
A	30	1	25	0.5	0.1	0.25	0.25	nothing radial to replace	
A	30	1	25	0.5	0.1	0.38	0.38	nothing radial to replace	
A	30	1	25	0.5	0.1	0.5	0.396	nothing radial to replace	
A	30	1	25	0.5	0.1	3	0.396	nothing radial to replace	
A	30	1	25	1	0	0	0	nothing radial to replace	
A	30	1	25	1	0	0.1	0.1	nothing radial to replace	
A	30	1	25	1	0	0.25	0.25	nothing radial to replace	
A	30	1	25	1	0	0.38	0.317	nothing radial to replace	
A	30	1	25	1	0	0.5	0.317	nothing radial to replace	
A	30	1	25	1	0	3	0.317	nothing radial to replace	
A	30	1	25	1	0.1	0	0	nothing radial to replace	
A	30	1	25	1	0.1	0.1	0.1	nothing radial to replace	
A	30	1	25	1	0.1	0.25	0.25	nothing radial to replace	
A	30	1	25	1	0.1	0.38	0.38	nothing radial to replace	
A	30	1	25	1	0.1	0.5	0.396	nothing radial to replace	
A	30	1	25	1	0.1	3	0.396	nothing radial to replace	
A	31	1	14.5	1	0	0	0	nothing radial to replace	
A	31	1	14.5	1	0	0.1	0.1	nothing radial to replace	
A	31	1	14.5	1	0	0.25	0.25	nothing radial to replace	
A	31	1	14.5	1	0	0.38	0.38	nothing radial to replace	
A	31	1	14.5	1	0	0.5	0.5	nothing radial to replace	
A	31	1	14.5	1	0	3	0.596	nothing radial to replace	
A	31	1	14.5	1	0.1	0	0	nothing radial to replace	
A	31	1	14.5	1	0.1	0.1	0.1	nothing radial to replace	
A	31	1	14.5	1	0.1	0.25	0.25	nothing radial to replace	
A	31	1	14.5	1	0.1	0.38	0.38	nothing radial to replace	
A	31	1	14.5	1	0.1	0.5	0.5	nothing radial to replace	
A	31	1	14.5	1	0.1	3	0.661	nothing radial to replace	
A	31	1	20	0.5	0	0	0	nothing radial to replace	
A	31	1	20	0.5	0	0.1	0.1	nothing radial to replace	
A	31	1	20	0.5	0	0.25	0.25	nothing radial to replace	
A	31	1	20	0.5	0	0.38	0.38	nothing radial to replace	
A	31	1	20	0.5	0	0.5	0.471	nothing radial to replace	
A	31	1	20	0.5	0	3	0.471	nothing radial to replace	
A	31	1	20	0.5	0.1	0	0	nothing radial to replace	
A	31	1	20	0.5	0.1	0.1	0.1	nothing radial to replace	
A	31	1	20	0.5	0.1	0.25	0.25	nothing radial to replace	
A	31	1	20	0.5	0.1	0.38	0.38	nothing radial to replace	
A	31	1	20	0.5	0.1	0.5	0.5	nothing radial to replace	
A	31	1	20	0.5	0.1	3	0.543	nothing radial to replace	
A	31	1	20	1	0	0	0	nothing radial to replace	
A	31	1	20	1	0	0.1	0.1	nothing radial to replace	
A	31	1	20	1	0	0.25	0.25	nothing radial to replace	
A	31	1	20	1	0	0.38	0.38	nothing radial to replace	
A	31	1	20	1	0	0.5	0.471	nothing radial to replace	
A	31	1	20	1	0	3	0.471	nothing radial to replace	
A	31	1	20	1	0.1	0	0	nothing radial to replace	
A	31	1	20	1	0.1	0.1	0.1	nothing radial to replace	
A	31	1	20	1	0.1	0.25	0.25	nothing radial to replace	
A	31	1	20	1	0.1	0.38	0.38	nothing radial to replace	
A	31	1	20	1	0.1	0.5	0.5	nothing radial to replace	
A	31	1	20	1	0.1	3	0.543	nothing radial to replace	
A	31	1	25	-0.2	0	0	0	nothing radial to replace	
A	31	1	25	-0.2	0	0.1	0.1	nothing radial to replace	
A	31	1	25	-0.2	0	0.25	0.25	nothing radial to replace	
A	31	1	25	-0.2	0	0.38	0.317	nothing radial to replace	
A	31	1	25	-0.2	0	0.5	0.317	nothing radial to replace	
A	31	1	25	-0.2	0	3	0.317	nothing radial to replace	
A	31	1	25	-0.2	0.1	0	0	nothing radial to replace	
A	31	1	25	-0.2	0.1	0.1	0.1	nothing radial to replace	
A	31	1	25	-0.2	0.1	0.25	0.25	nothing radial to replace	
A	31	1	25	-0.2	0.1	0.38	0.38	nothing radial to replace	
A	31	1	25	-0.2	0.1	0.5	0.396	nothing radial to replace	
A	31	1	25	-0.2	0.1	3	0.396	nothing radial to replace	
A	31	1	25	0	0	0	0	nothing radial to replace	
A	31	1	25	0	0	0.1	0.1	nothing radial to replace	
A	31	1	25	0	0	0.25	0.25	nothing radial to replace	
A	31	1	25	0	0	0.38	0.317	nothing radial to replace	
A	31	1	25	0	0	0.5	0.317	nothing radial to replace	
A	31	1	25	0	0	3	0.317	nothing radial to replace	
A	31	1	25	0	0.1	0	0	nothing radial to replace	
A	31	1	25	0	0.1	0.1	0.1	nothing radial to replace	
A	31	1	25	0	0.1	0.25	0.25	nothing radial to replace	
A	31	1	25	0	0.1	0.38	0.38	nothing radial to replace	
A	31	1	25	0	0.1	0.5	0.396	nothing radial to replace	
A	31	1	25	0	0.1	3	0.396	nothing radial to replace	
A	31	1	25	0.2	0	0	0	nothing radial to replace	
A	31	1	25	0.2	0	0.1	0.1	nothing radial to replace	
A	31	1	25	0.2	0	0.25	0.25	nothing radial to replace	
A	31	1	25	0.2	0	0.38	0.317	nothing radial to replace	
A	31	1	25	0.2	0	0.5	0.317	nothing radial to replace	
A	31	1	25	0.2	0	3	0.317	nothing radial to replace	
A	31	1	25	0.2	0.1	0	0	nothing radial to replace	
A	31	1	25	0.2	0.1	0.1	0.1	nothing radial to replace	
A	31	1	25	0.2	0.1	0.25	0.25	nothing radial to replace	
A	31	1	25	0.2	0.1	0.38	0.38	nothing radial to replace	
A	31	1	25	0.2	0.1	0.5	0.396	nothing radial to replace	
A	31	1	25	0.2	0.1	3	0.396	nothing radial to replace	
A	31	1	25	0.5	0	0	0	nothing radial to replace	
A	31	1	25	0.5	0	0.1	0.1	nothing radial to replace	
A	31	1	25	0.5	0	0.25	0.25	nothing radial to replace	
A	31	1	25	0.5	0	0.38	0.317	nothing radial to replace	
A	31	1	25	0.5	0	0.5	0.317	nothing radial to replace	
A	31	1	25	0.5	0	3	0.317	nothing radial to replace	
A	31	1	25	0.5	0.1	0	0	nothing radial to replace	
A	31	1	25	0.5	0.1	0.1	0.1	nothing radial to replace	
A	31	1	25	0.5	0.1	0.25	0.25	nothing radial to replace	
A	31	1	25	0.5	0.1	0.38	0.38	nothing radial to replace	
A	31	1	25	0.5	0.1	0.5	0.396	nothing radial to replace	
A	31	1	25	0.5	0.1	3	0.396	nothing radial to replace	
A	31	1	25	1	0	0	0	nothing radial to replace	
A	31	1	25	1	0	0.1	0.1	nothing radial to replace	
A	31	1	25	1	0	0.25	0.25	nothing radial to replace	
A	31	1	25	1	0	0.38	0.317	nothing radial to replace	
A	31	1	25	1	0	0.5	0.317	nothing radial to replace	
A	31	1	25	1	0	3	0.317	nothing radial to replace	
A	31	1	25	1	0.1	0	0	nothing radial to replace	
A	31	1	25	1	0.1	0.1	0.1	nothing radial to replace	
A	31	1	25	1	0.1	0.25	0.25	nothing radial to replace	
A	31	1	25	1	0.1	0.38	0.38	nothing radial to replace	
A	31	1	25	1	0.1	0.5	0.396	nothing radial to replace	
A	31	1	25	1	0.1	3	0.396	nothing radial to replace	
A	32	1	14.5	1	0	0	0	nothing radial to replace	
A	32	1	14.5	1	0	0.1	0.1	nothing radial to replace	
A	32	1	14.5	1	0	0.25	0.25	nothing radial to replace	
A	32	1	14.5	1	0	0.38	0.38	nothing radial to replace	
A	32	1	14.5	1	0	0.5	0.5	nothing radial to replace	
A	32	1	14.5	1	0	3	0.596	nothing radial to replace	
A	32	1	14.5	1	0.1	0	0	nothing radial to replace	
A	32	1	14.5	1	0.1	0.1	0.1	nothing radial to replace	
A	32	1	14.5	1	0.1	0.25	0.25	nothing radial to replace	
A	32	1	14.5	1	0.1	0.38	0.38	nothing radial to replace	
A	32	1	14.5	1	0.1	0.5	0.5	nothing radial to replace	
A	32	1	14.5	1	0.1	3	0.661	nothing radial to replace	
A	32	1	20	0.5	0	0	0	nothing radial to replace	
A	32	1	20	0.5	0	0.1	0.1	nothing radial to replace	
A	32	1	20	0.5	0	0.25	0.25	nothing radial to replace	
A	32	1	20	0.5	0	0.38	0.38	nothing radial to replace	
A	32	1	20	0.5	0	0.5	0.471	nothing radial to replace	
A	32	1	20	0.5	0	3	0.471	nothing radial to replace	
A	32	1	20	0.5	0.1	0	0	nothing radial to replace	
A	32	1	20	0.5	0.1	0.1	0.1	nothing radial to replace	
A	32	1	20	0.5	0.1	0.25	0.25	nothing radial to replace	
A	32	1	20	0.5	0.1	0.38	0.38	nothing radial to replace	
A	32	1	20	0.5	0.1	0.5	0.5	nothing radial to replace	
A	32	1	20	0.5	0.1	3	0.543	nothing radial to replace	
A	32	1	20	1	0	0	0	nothing radial to replace	
A	32	1	20	1	0	0.1	0.1	nothing radial to replace	
A	32	1	20	1	0	0.25	0.25	nothing radial to replace	
A	32	1	20	1	0	0.38	0.38	nothing radial to replace	
A	32	1	20	1	0	0.5	0.471	nothing radial to replace	
A	32	1	20	1	0	3	0.471	nothing radial to replace	
A	32	1	20	1	0.1	0	0	nothing radial to replace	
A	32	1	20	1	0.1	0.1	0.1	nothing radial to replace	
A	32	1	20	1	0.1	0.25	0.25	nothing radial to replace	
A	32	1	20	1	0.1	0.38	0.38	nothing radial to replace	
A	32	1	20	1	0.1	0.5	0.5	nothing radial to replace	
A	32	1	20	1	0.1	3	0.543	nothing radial to replace	
A	32	1	25	-0.2	0	0	0	nothing radial to replace	
A	32	1	25	-0.2	0	0.1	0.1	nothing radial to replace	
A	32	1	25	-0.2	0	0.25	0.25	nothing radial to replace	
A	32	1	25	-0.2	0	0.38	0.317	nothing radial to replace	
A	32	1	25	-0.2	0	0.5	0.317	nothing radial to replace	
A	32	1	25	-0.2	0	3	0.317	nothing radial to replace	
A	32	1	25	-0.2	0.1	0	0	nothing radial to replace	
A	32	1	25	-0.2	0.1	0.1	0.1	nothing radial to replace	
A	32	1	25	-0.2	0.1	0.25	0.25	nothing radial to replace	
A	32	1	25	-0.2	0.1	0.38	0.38	nothing radial to replace	
A	32	1	25	-0.2	0.1	0.5	0.396	nothing radial to replace	
A	32	1	25	-0.2	0.1	3	0.396	nothing radial to replace	
A	32	1	25	0	0	0	0	nothing radial to replace	
A	32	1	25	0	0	0.1	0.1	nothing radial to replace	
A	32	1	25	0	0	0.25	0.25	nothing radial to replace	
A	32	1	25	0	0	0.38	0.317	nothing radial to replace	
A	32	1	25	0	0	0.5	0.317	nothing radial to replace	
A	32	1	25	0	0	3	0.317	nothing radial to replace	
A	32	1	25	0	0.1	0	0	nothing radial to replace	
A	32	1	25	0	0.1	0.1	0.1	nothing radial to replace	
A	32	1	25	0	0.1	0.25	0.25	nothing radial to replace	
A	32	1	25	0	0.1	0.38	0.38	nothing radial to replace	
A	32	1	25	0	0.1	0.5	0.396	nothing radial to replace	
A	32	1	25	0	0.1	3	0.396	nothing radial to replace	
A	32	1	25	0.2	0	0	0	nothing radial to replace	
A	32	1	25	0.2	0	0.1	0.1	nothing radial to replace	
A	32	1	25	0.2	0	0.25	0.25	nothing radial to replace	
A	32	1	25	0.2	0	0.38	0.317	nothing radial to replace	
A	32	1	25	0.2	0	0.5	0.317	nothing radial to replace	
A	32	1	25	0.2	0	3	0.317	nothing radial to replace	
A	32	1	25	0.2	0.1	0	0	nothing radial to replace	
A	32	1	25	0.2	0.1	0.1	0.1	nothing radial to replace	
A	32	1	25	0.2	0.1	0.25	0.25	nothing radial to replace	
A	32	1	25	0.2	0.1	0.38	0.38	nothing radial to replace	
A	32	1	25	0.2	0.1	0.5	0.396	nothing radial to replace	
A	32	1	25	0.2	0.1	3	0.396	nothing radial to replace	
A	32	1	25	0.5	0	0	0	nothing radial to replace	
A	32	1	25	0.5	0	0.1	0.1	nothing radial to replace	
A	32	1	25	0.5	0	0.25	0.25	nothing radial to replace	
A	32	1	25	0.5	0	0.38	0.317	nothing radial to replace	
A	32	1	25	0.5	0	0.5	0.317	nothing radial to replace	
A	32	1	25	0.5	0	3	0.317	nothing radial to replace	
A	32	1	25	0.5	0.1	0	0	nothing radial to replace	
A	32	1	25	0.5	0.1	0.1	0.1	nothing radial to replace	
A	32	1	25	0.5	0.1	0.25	0.25	nothing radial to replace	
A	32	1	25	0.5	0.1	0.38	0.38	nothing radial to replace	
A	32	1	25	0.5	0.1	0.5	0.396	nothing radial to replace	
A	32	1	25	0.5	0.1	3	0.396	nothing radial to replace	
A	32	1	25	1	0	0	0	nothing radial to replace	
A	32	1	25	1	0	0.1	0.1	nothing radial to replace	
A	32	1	25	1	0	0.25	0.25	nothing radial to replace	
A	32	1	25	1	0	0.38	0.317	nothing radial to replace	
A	32	1	25	1	0	0.5	0.317	nothing radial to replace	
A	32	1	25	1	0	3	0.317	nothing radial to replace	
A	32	1	25	1	0.1	0	0	nothing radial to replace	
A	32	1	25	1	0.1	0.1	0.1	nothing radial to replace	
A	32	1	25	1	0.1	0.25	0.25	nothing radial to replace	
A	32	1	25	1	0.1	0.38	0.38	nothing radial to replace	
A	32	1	25	1	0.1	0.5	0.396	nothing radial to replace	
A	32	1	25	1	0.1	3	0.396	nothing radial to replace	
A	33	1	14.5	1	0	0	0	nothing radial to replace	
A	33	1	14.5	1	0	0.1	0.1	nothing radial to replace	
A	33	1	14.5	1	0	0.25	0.25	nothing radial to replace	
A	33	1	14.5	1	0	0.38	0.38	nothing radial to replace	
A	33	1	14.5	1	0	0.5	0.5	nothing radial to replace	
A	33	1	14.5	1	0	3	0.596	nothing radial to replace	
A	33	1	14.5	1	0.1	0	0	nothing radial to replace	
A	33	1	14.5	1	0.1	0.1	0.1	nothing radial to replace	
A	33	1	14.5	1	0.1	0.25	0.25	nothing radial to replace	
A	33	1	14.5	1	0.1	0.38	0.38	nothing radial to replace	
A	33	1	14.5	1	0.1	0.5	0.5	nothing radial to replace	
A	33	1	14.5	1	0.1	3	0.661	nothing radial to replace	
A	33	1	20	0.5	0	0	0	nothing radial to replace	
A	33	1	20	0.5	0	0.1	0.1	nothing radial to replace	
A	33	1	20	0.5	0	0.25	0.25	nothing radial to replace	
A	33	1	20	0.5	0	0.38	0.38	nothing radial to replace	
A	33	1	20	0.5	0	0.5	0.471	nothing radial to replace	
A	33	1	20	0.5	0	3	0.471	nothing radial to replace	
A	33	1	20	0.5	0.1	0	0	nothing radial to replace	
A	33	1	20	0.5	0.1	0.1	0.1	nothing radial to replace	
A	33	1	20	0.5	0.1	0.25	0.25	nothing radial to replace	
A	33	1	20	0.5	0.1	0.38	0.38	nothing radial to replace	
A	33	1	20	0.5	0.1	0.5	0.5	nothing radial to replace	
A	33	1	20	0.5	0.1	3	0.543	nothing radial to replace	
A	33	1	20	1	0	0	0	nothing radial to replace	
A	33	1	20	1	0	0.1	0.1	nothing radial to replace	
A	33	1	20	1	0	0.25	0.25	nothing radial to replace	
A	33	1	20	1	0	0.38	0.38	nothing radial to replace	
A	33	1	20	1	0	0.5	0.471	nothing radial to replace	
A	33	1	20	1	0	3	0.471	nothing radial to replace	
A	33	1	20	1	0.1	0	0	nothing radial to replace	
A	33	1	20	1	0.1	0.1	0.1	nothing radial to replace	
A	33	1	20	1	0.1	0.25	0.25	nothing radial to replace	
A	33	1	20	1	0.1	0.38	0.38	nothing radial to replace	
A	33	1	20	1	0.1	0.5	0.5	nothing radial to replace	
A	33	1	20	1	0.1	3	0.543	nothing radial to replace	
A	33	1	25	-0.2	0	0	0	nothing radial to replace	
A	33	1	25	-0.2	0	0.1	0.1	nothing radial to replace	
A	33	1	25	-0.2	0	0.25	0.25	nothing radial to replace	
A	33	1	25	-0.2	0	0.38	0.317	nothing radial to replace	
A	33	1	25	-0.2	0	0.5	0.317	nothing radial to replace	
A	33	1	25	-0.2	0	3	0.317	nothing radial to replace	
A	33	1	25	-0.2	0.1	0	0	nothing radial to replace	
A	33	1	25	-0.2	0.1	0.1	0.1	nothing radial to replace	
A	33	1	25	-0.2	0.1	0.25	0.25	nothing radial to replace	
A	33	1	25	-0.2	0.1	0.38	0.38	nothing radial to replace	
A	33	1	25	-0.2	0.1	0.5	0.396	nothing radial to replace	
A	33	1	25	-0.2	0.1	3	0.396	nothing radial to replace	
A	33	1	25	0	0	0	0	nothing radial to replace	
A	33	1	25	0	0	0.1	0.1	nothing radial to replace	
A	33	1	25	0	0	0.25	0.25	nothing radial to replace	
A	33	1	25	0	0	0.38	0.317	nothing radial to replace	
A	33	1	25	0	0	0.5	0.317	nothing radial to replace	
A	33	1	25	0	0	3	0.317	nothing radial to replace	
A	33	1	25	0	0.1	0	0	nothing radial to replace	
A	33	1	25	0	0.1	0.1	0.1	nothing radial to replace	
A	33	1	25	0	0.1	0.25	0.25	nothing radial to replace	
A	33	1	25	0	0.1	0.38	0.38	nothing radial to replace	
A	33	1	25	0	0.1	0.5	0.396	nothing radial to replace	
A	33	1	25	0	0.1	3	0.396	nothing radial to replace	
A	33	1	25	0.2	0	0	0	nothing radial to replace	
A	33	1	25	0.2	0	0.1	0.1	nothing radial to replace	
A	33	1	25	0.2	0	0.25	0.25	nothing radial to replace	
A	33	1	25	0.2	0	0.38	0.317	nothing radial to replace	
A	33	1	25	0.2	0	0.5	0.317	nothing radial to replace	
A	33	1	25	0.2	0	3	0.317	nothing radial to replace	
A	33	1	25	0.2	0.1	0	0	nothing radial to replace	
A	33	1	25	0.2	0.1	0.1	0.1	nothing radial to replace	
A	33	1	25	0.2	0.1	0.25	0.25	nothing radial to replace	
A	33	1	25	0.2	0.1	0.38	0.38	nothing radial to replace	
A	33	1	25	0.2	0.1	0.5	0.396	nothing radial to replace	
A	33	1	25	0.2	0.1	3	0.396	nothing radial to replace	
A	33	1	25	0.5	0	0	0	nothing radial to replace	
A	33	1	25	0.5	0	0.1	0.1	nothing radial to replace	
A	33	1	25	0.5	0	0.25	0.25	nothing radial to replace	
A	33	1	25	0.5	0	0.38	0.317	nothing radial to replace	
A	33	1	25	0.5	0	0.5	0.317	nothing radial to replace	
A	33	1	25	0.5	0	3	0.317	nothing radial to replace	
A	33	1	25	0.5	0.1	0	0	nothing radial to replace	
A	33	1	25	0.5	0.1	0.1	0.1	nothing radial to replace	
A	33	1	25	0.5	0.1	0.25	0.25	nothing radial to replace	
A	33	1	25	0.5	0.1	0.38	0.38	nothing radial to replace	
A	33	1	25	0.5	0.1	0.5	0.396	nothing radial to replace	
A	33	1	25	0.5	0.1	3	0.396	nothing radial to replace	
A	33	1	25	1	0	0	0	nothing radial to replace	
A	33	1	25	1	0	0.1	0.1	nothing radial to replace	
A	33	1	25	1	0	0.25	0.25	nothing radial to replace	
A	33	1	25	1	0	0.38	0.317	nothing radial to replace	
A	33	1	25	1	0	0.5	0.317	nothing radial to replace	
A	33	1	25	1	0	3	0.317	nothing radial to replace	
A	33	1	25	1	0.1	0	0	nothing radial to replace	
A	33	1	25	1	0.1	0.1	0.1	nothing radial to replace	
A	33	1	25	1	0.1	0.25	0.25	nothing radial to replace	
A	33	1	25	1	0.1	0.38	0.38	nothing radial to replace	
A	33	1	25	1	0.1	0.5	0.396	nothing radial to replace	
A	33	1	25	1	0.1	3	0.396	nothing radial to replace	
A	34	1	14.5	1	0	0	0	nothing radial to replace	
A	34	1	14.5	1	0	0.1	0.1	nothing radial to replace	
A	34	1	14.5	1	0	0.25	0.25	nothing radial to replace	
A	34	1	14.5	1	0	0.38	0.38	nothing radial to replace	
A	34	1	14.5	1	0	0.5	0.5	nothing radial to replace	
A	34	1	14.5	1	0	3	0.596	nothing radial to replace	
A	34	1	14.5	1	0.1	0	0	nothing radial to replace	
A	34	1	14.5	1	0.1	0.1	0.1	nothing radial to replace	
A	34	1	14.5	1	0.1	0.25	0.25	nothing radial to replace	
A	34	1	14.5	1	0.1	0.38	0.38	nothing radial to replace	
A	34	1	14.5	1	0.1	0.5	0.5	nothing radial to replace	
A	34	1	14.5	1	0.1	3	0.661	nothing radial to replace	
A	34	1	20	0.5	0	0	0	nothing radial to replace	
A	34	1	20	0.5	0	0.1	0.1	nothing radial to replace	
A	34	1	20	0.5	0	0.25	0.25	nothing radial to replace	
A	34	1	20	0.5	0	0.38	0.38	nothing radial to replace	
A	34	1	20	0.5	0	0.5	0.471	nothing radial to replace	
A	34	1	20	0.5	0	3	0.471	nothing radial to replace	
A	34	1	20	0.5	0.1	0	0	nothing radial to replace	
A	34	1	20	0.5	0.1	0.1	0.1	nothing radial to replace	
A	34	1	20	0.5	0.1	0.25	0.25	nothing radial to replace	
A	34	1	20	0.5	0.1	0.38	0.38	nothing radial to replace	
A	34	1	20	0.5	0.1	0.5	0.5	nothing radial to replace	
A	34	1	20	0.5	0.1	3	0.543	nothing radial to replace	
A	34	1	20	1	0	0	0	nothing radial to replace	
A	34	1	20	1	0	0.1	0.1	nothing radial to replace	
A	34	1	20	1	0	0.25	0.25	nothing radial to replace	
A	34	1	20	1	0	0.38	0.38	nothing radial to replace	
A	34	1	20	1	0	0.5	0.471	nothing radial to replace	
A	34	1	20	1	0	3	0.471	nothing radial to replace	
A	34	1	20	1	0.1	0	0	nothing radial to replace	
A	34	1	20	1	0.1	0.1	0.1	nothing radial to replace	
A	34	1	20	1	0.1	0.25	0.25	nothing radial to replace	
A	34	1	20	1	0.1	0.38	0.38	nothing radial to replace	
A	34	1	20	1	0.1	0.5	0.5	nothing radial to replace	
A	34	1	20	1	0.1	3	0.543	nothing radial to replace	
A	34	1	25	-0.2	0	0	0	nothing radial to replace	
A	34	1	25	-0.2	0	0.1	0.1	nothing radial to replace	
A	34	1	25	-0.2	0	0.25	0.25	nothing radial to replace	
A	34	1	25	-0.2	0	0.38	0.317	nothing radial to replace	
A	34	1	25	-0.2	0	0.5	0.317	nothing radial to replace	
A	34	1	25	-0.2	0	3	0.317	nothing radial to replace	
A	34	1	25	-0.2	0.1	0	0	nothing radial to replace	
A	34	1	25	-0.2	0.1	0.1	0.1	nothing radial to replace	
A	34	1	25	-0.2	0.1	0.25	0.25	nothing radial to replace	
A	34	1	25	-0.2	0.1	0.38	0.38	nothing radial to replace	
A	34	1	25	-0.2	0.1	0.5	0.396	nothing radial to replace	
A	34	1	25	-0.2	0.1	3	0.396	nothing radial to replace	
A	34	1	25	0	0	0	0	nothing radial to replace	
A	34	1	25	0	0	0.1	0.1	nothing radial to replace	
A	34	1	25	0	0	0.25	0.25	nothing radial to replace	
A	34	1	25	0	0	0.38	0.317	nothing radial to replace	
A	34	1	25	0	0	0.5	0.317	nothing radial to replace	
A	34	1	25	0	0	3	0.317	nothing radial to replace	
A	34	1	25	0	0.1	0	0	nothing radial to replace	
A	34	1	25	0	0.1	0.1	0.1	nothing radial to replace	
A	34	1	25	0	0.1	0.25	0.25	nothing radial to replace	
A	34	1	25	0	0.1	0.38	0.38	nothing radial to replace	
A	34	1	25	0	0.1	0.5	0.396	nothing radial to replace	
A	34	1	25	0	0.1	3	0.396	nothing radial to replace	
A	34	1	25	0.2	0	0	0	nothing radial to replace	
A	34	1	25	0.2	0	0.1	0.1	nothing radial to replace	
A	34	1	25	0.2	0	0.25	0.25	nothing radial to replace	
A	34	1	25	0.2	0	0.38	0.317	nothing radial to replace	
A	34	1	25	0.2	0	0.5	0.317	nothing radial to replace	
A	34	1	25	0.2	0	3	0.317	nothing radial to replace	
A	34	1	25	0.2	0.1	0	0	nothing radial to replace	
A	34	1	25	0.2	0.1	0.1	0.1	nothing radial to replace	
A	34	1	25	0.2	0.1	0.25	0.25	nothing radial to replace	
A	34	1	25	0.2	0.1	0.38	0.38	nothing radial to replace	
A	34	1	25	0.2	0.1	0.5	0.396	nothing radial to replace	
A	34	1	25	0.2	0.1	3	0.396	nothing radial to replace	
A	34	1	25	0.5	0	0	0	nothing radial to replace	
A	34	1	25	0.5	0	0.1	0.1	nothing radial to replace	
A	34	1	25	0.5	0	0.25	0.25	nothing radial to replace	
A	34	1	25	0.5	0	0.38	0.317	nothing radial to replace	
A	34	1	25	0.5	0	0.5	0.317	nothing radial to replace	
A	34	1	25	0.5	0	3	0.317	nothing radial to replace	
A	34	1	25	0.5	0.1	0	0	nothing radial to replace	
A	34	1	25	0.5	0.1	0.1	0.1	nothing radial to replace	
A	34	1	25	0.5	0.1	0.25	0.25	nothing radial to replace	
A	34	1	25	0.5	0.1	0.38	0.38	nothing radial to replace	
A	34	1	25	0.5	0.1	0.5	0.396	nothing radial to replace	
A	34	1	25	0.5	0.1	3	0.396	nothing radial to replace	
A	34	1	25	1	0	0	0	nothing radial to replace	
A	34	1	25	1	0	0.1	0.1	nothing radial to replace	
A	34	1	25	1	0	0.25	0.25	nothing radial to replace	
A	34	1	25	1	0	0.38	0.317	nothing radial to replace	
A	34	1	25	1	0	0.5	0.317	nothing radial to replace	
A	34	1	25	1	0	3	0.317	nothing radial to replace	
A	34	1	25	1	0.1	0	0	nothing radial to replace	
A	34	1	25	1	0.1	0.1	0.1	nothing radial to replace	
A	34	1	25	1	0.1	0.25	0.25	nothing radial to replace	
A	34	1	25	1	0.1	0.38	0.38	nothing radial to replace	
A	34	1	25	1	0.1	0.5	0.396	nothing radial to replace	
A	34	1	25	1	0.1	3	0.396	nothing radial to replace	
A	35	1	14.5	1	0	0	0	nothing radial to replace	
A	35	1	14.5	1	0	0.1	0.1	nothing radial to replace	
A	35	1	14.5	1	0	0.25	0.25	nothing radial to replace	
A	35	1	14.5	1	0	0.38	0.38	nothing radial to replace	
A	35	1	14.5	1	0	0.5	0.5	nothing radial to replace	
A	35	1	14.5	1	0	3	0.596	nothing radial to replace	
A	35	1	14.5	1	0.1	0	0	nothing radial to replace	
A	35	1	14.5	1	0.1	0.1	0.1	nothing radial to replace	
A	35	1	14.5	1	0.1	0.25	0.25	nothing radial to replace	
A	35	1	14.5	1	0.1	0.38	0.38	nothing radial to replace	
A	35	1	14.5	1	0.1	0.5	0.5	nothing radial to replace	
A	35	1	14.5	1	0.1	3	0.661	nothing radial to replace	
A	35	1	20	0.2	0	0	0	nothing radial to replace	
A	35	1	20	0.2	0	0.1	0.1	nothing radial to replace	
A	35	1	20	0.2	0	0.25	0.25	nothing radial to replace	
A	35	1	20	0.2	0	0.38	0.38	nothing radial to replace	
A	35	1	20	0.2	0	0.5	0.471	nothing radial to replace	
A	35	1	20	0.2	0	3	0.471	nothing radial to replace	
A	35	1	20	0.2	0.1	0	0	nothing radial to replace	
A	35	1	20	0.2	0.1	0.1	0.1	nothing radial to replace	
A	35	1	20	0.2	0.1	0.25	0.25	nothing radial to replace	
A	35	1	20	0.2	0.1	0.38	0.38	nothing radial to replace	
A	35	1	20	0.2	0.1	0.5	0.5	nothing radial to replace	
A	35	1	20	0.2	0.1	3	0.543	nothing radial to replace	
A	35	1	20	0.5	0	0	0	nothing radial to replace	
A	35	1	20	0.5	0	0.1	0.1	nothing radial to replace	
A	35	1	20	0.5	0	0.25	0.25	nothing radial to replace	
A	35	1	20	0.5	0	0.38	0.38	nothing radial to replace	
A	35	1	20	0.5	0	0.5	0.471	nothing radial to replace	
A	35	1	20	0.5	0	3	0.471	nothing radial to replace	
A	35	1	20	0.5	0.1	0	0	nothing radial to replace	
A	35	1	20	0.5	0.1	0.1	0.1	nothing radial to replace	
A	35	1	20	0.5	0.1	0.25	0.25	nothing radial to replace	
A	35	1	20	0.5	0.1	0.38	0.38	nothing radial to replace	
A	35	1	20	0.5	0.1	0.5	0.5	nothing radial to replace	
A	35	1	20	0.5	0.1	3	0.543	nothing radial to replace	
A	35	1	20	1	0	0	0	nothing radial to replace	
A	35	1	20	1	0	0.1	0.1	nothing radial to replace	
A	35	1	20	1	0	0.25	0.25	nothing radial to replace	
A	35	1	20	1	0	0.38	0.38	nothing radial to replace	
A	35	1	20	1	0	0.5	0.471	nothing radial to replace	
A	35	1	20	1	0	3	0.471	nothing radial to replace	
A	35	1	20	1	0.1	0	0	nothing radial to replace	
A	35	1	20	1	0.1	0.1	0.1	nothing radial to replace	
A	35	1	20	1	0.1	0.25	0.25	nothing radial to replace	
A	35	1	20	1	0.1	0.38	0.38	nothing radial to replace	
A	35	1	20	1	0.1	0.5	0.5	nothing radial to replace	
A	35	1	20	1	0.1	3	0.543	nothing radial to replace	
A	35	1	25	-0.2	0	0	0	nothing radial to replace	
A	35	1	25	-0.2	0	0.1	0.1	nothing radial to replace	
A	35	1	25	-0.2	0	0.25	0.25	nothing radial to replace	
A	35	1	25	-0.2	0	0.38	0.317	nothing radial to replace	
A	35	1	25	-0.2	0	0.5	0.317	nothing radial to replace	
A	35	1	25	-0.2	0	3	0.317	nothing radial to replace	
A	35	1	25	-0.2	0.1	0	0	nothing radial to replace	
A	35	1	25	-0.2	0.1	0.1	0.1	nothing radial to replace	
A	35	1	25	-0.2	0.1	0.25	0.25	nothing radial to replace	
A	35	1	25	-0.2	0.1	0.38	0.38	nothing radial to replace	
A	35	1	25	-0.2	0.1	0.5	0.396	nothing radial to replace	
A	35	1	25	-0.2	0.1	3	0.396	nothing radial to replace	
A	35	1	25	0	0	0	0	nothing radial to replace	
A	35	1	25	0	0	0.1	0.1	nothing radial to replace	
A	35	1	25	0	0	0.25	0.25	nothing radial to replace	
A	35	1	25	0	0	0.38	0.317	nothing radial to replace	
A	35	1	25	0	0	0.5	0.317	nothing radial to replace	
A	35	1	25	0	0	3	0.317	nothing radial to replace	
A	35	1	25	0	0.1	0	0	nothing radial to replace	
A	35	1	25	0	0.1	0.1	0.1	nothing radial to replace	
A	35	1	25	0	0.1	0.25	0.25	nothing radial to replace	
A	35	1	25	0	0.1	0.38	0.38	nothing radial to replace	
A	35	1	25	0	0.1	0.5	0.396	nothing radial to replace	
A	35	1	25	0	0.1	3	0.396	nothing radial to replace	
A	35	1	25	0.2	0	0	0	nothing radial to replace	
A	35	1	25	0.2	0	0.1	0.1	nothing radial to replace	
A	35	1	25	0.2	0	0.25	0.25	nothing radial to replace	
A	35	1	25	0.2	0	0.38	0.317	nothing radial to replace	
A	35	1	25	0.2	0	0.5	0.317	nothing radial to replace	
A	35	1	25	0.2	0	3	0.317	nothing radial to replace	
A	35	1	25	0.2	0.1	0	0	nothing radial to replace	
A	35	1	25	0.2	0.1	0.1	0.1	nothing radial to replace	
A	35	1	25	0.2	0.1	0.25	0.25	nothing radial to replace	
A	35	1	25	0.2	0.1	0.38	0.38	nothing radial to replace	
A	35	1	25	0.2	0.1	0.5	0.396	nothing radial to replace	
A	35	1	25	0.2	0.1	3	0.396	nothing radial to replace	
A	35	1	25	0.5	0	0	0	nothing radial to replace	
A	35	1	25	0.5	0	0.1	0.1	nothing radial to replace	
A	35	1	25	0.5	0	0.25	0.25	nothing radial to replace	
A	35	1	25	0.5	0	0.38	0.317	nothing radial to replace	
A	35	1	25	0.5	0	0.5	0.317	nothing radial to replace	
A	35	1	25	0.5	0	3	0.317	nothing radial to replace	
A	35	1	25	0.5	0.1	0	0	nothing radial to replace	
A	35	1	25	0.5	0.1	0.1	0.1	nothing radial to replace	
A	35	1	25	0.5	0.1	0.25	0.25	nothing radial to replace	
A	35	1	25	0.5	0.1	0.38	0.38	nothing radial to replace	
A	35	1	25	0.5	0.1	0.5	0.396	nothing radial to replace	
A	35	1	25	0.5	0.1	3	0.396	nothing radial to replace	
A	35	1	25	1	0	0	0	nothing radial to replace	
A	35	1	25	1	0	0.1	0.1	nothing radial to replace	
A	35	1	25	1	0	0.25	0.25	nothing radial to replace	
A	35	1	25	1	0	0.38	0.317	nothing radial to replace	
A	35	1	25	1	0	0.5	0.317	nothing radial to replace	
A	35	1	25	1	0	3	0.317	nothing radial to replace	
A	35	1	25	1	0.1	0	0	nothing radial to replace	
A	35	1	25	1	0.1	0.1	0.1	nothing radial to replace	
A	35	1	25	1	0.1	0.25	0.25	nothing radial to replace	
A	35	1	25	1	0.1	0.38	0.38	nothing radial to replace	
A	35	1	25	1	0.1	0.5	0.396	nothing radial to replace	
A	35	1	25	1	0.1	3	0.396	nothing radial to replace	
A	36	1	14.5	1	0	0	0	nothing radial to replace	
A	36	1	14.5	1	0	0.1	0.1	nothing radial to replace	
A	36	1	14.5	1	0	0.25	0.25	nothing radial to replace	
A	36	1	14.5	1	0	0.38	0.38	nothing radial to replace	
A	36	1	14.5	1	0	0.5	0.5	nothing radial to replace	
A	36	1	14.5	1	0	3	0.596	nothing radial to replace	
A	36	1	14.5	1	0.1	0	0	nothing radial to replace	
A	36	1	14.5	1	0.1	0.1	0.1	nothing radial to replace	
A	36	1	14.5	1	0.1	0.25	0.25	nothing radial to replace	
A	36	1	14.5	1	0.1	0.38	0.38	nothing radial to replace	
A	36	1	14.5	1	0.1	0.5	0.5	nothing radial to replace	
A	36	1	14.5	1	0.1	3	0.661	nothing radial to replace	
A	36	1	20	0.2	0	0	0	nothing radial to replace	
A	36	1	20	0.2	0	0.1	0.1	nothing radial to replace	
A	36	1	20	0.2	0	0.25	0.25	nothing radial to replace	
A	36	1	20	0.2	0	0.38	0.38	nothing radial to replace	
A	36	1	20	0.2	0	0.5	0.471	nothing radial to replace	
A	36	1	20	0.2	0	3	0.471	nothing radial to replace	
A	36	1	20	0.2	0.1	0	0	nothing radial to replace	
A	36	1	20	0.2	0.1	0.1	0.1	nothing radial to replace	
A	36	1	20	0.2	0.1	0.25	0.25	nothing radial to replace	
A	36	1	20	0.2	0.1	0.38	0.38	nothing radial to replace	
A	36	1	20	0.2	0.1	0.5	0.5	nothing radial to replace	
A	36	1	20	0.2	0.1	3	0.543	nothing radial to replace	
A	36	1	20	0.5	0	0	0	nothing radial to replace	
A	36	1	20	0.5	0	0.1	0.1	nothing radial to replace	
A	36	1	20	0.5	0	0.25	0.25	nothing radial to replace	
A	36	1	20	0.5	0	0.38	0.38	nothing radial to replace	
A	36	1	20	0.5	0	0.5	0.471	nothing radial to replace	
A	36	1	20	0.5	0	3	0.471	nothing radial to replace	
A	36	1	20	0.5	0.1	0	0	nothing radial to replace	
A	36	1	20	0.5	0.1	0.1	0.1	nothing radial to replace	
A	36	1	20	0.5	0.1	0.25	0.25	nothing radial to replace	
A	36	1	20	0.5	0.1	0.38	0.38	nothing radial to replace	
A	36	1	20	0.5	0.1	0.5	0.5	nothing radial to replace	
A	36	1	20	0.5	0.1	3	0.543	nothing radial to replace	
A	36	1	20	1	0	0	0	nothing radial to replace	
A	36	1	20	1	0	0.1	0.1	nothing radial to replace	
A	36	1	20	1	0	0.25	0.25	nothing radial to replace	
A	36	1	20	1	0	0.38	0.38	nothing radial to replace	
A	36	1	20	1	0	0.5	0.471	nothing radial to replace	
A	36	1	20	1	0	3	0.471	nothing radial to replace	
A	36	1	20	1	0.1	0	0	nothing radial to replace	
A	36	1	20	1	0.1	0.1	0.1	nothing radial to replace	
A	36	1	20	1	0.1	0.25	0.25	nothing radial to replace	
A	36	1	20	1	0.1	0.38	0.38	nothing radial to replace	
A	36	1	20	1	0.1	0.5	0.5	nothing radial to replace	
A	36	1	20	1	0.1	3	0.543	nothing radial to replace	
A	36	1	25	-0.2	0	0	0	nothing radial to replace	
A	36	1	25	-0.2	0	0.1	0.1	nothing radial to replace	
A	36	1	25	-0.2	0	0.25	0.25	nothing radial to replace	
A	36	1	25	-0.2	0	0.38	0.317	nothing radial to replace	
A	36	1	25	-0.2	0	0.5	0.317	nothing radial to replace	
A	36	1	25	-0.2	0	3	0.317	nothing radial to replace	
A	36	1	25	-0.2	0.1	0	0	nothing radial to replace	
A	36	1	25	-0.2	0.1	0.1	0.1	nothing radial to replace	
A	36	1	25	-0.2	0.1	0.25	0.25	nothing radial to replace	
A	36	1	25	-0.2	0.1	0.38	0.38	nothing radial to replace	
A	36	1	25	-0.2	0.1	0.5	0.396	nothing radial to replace	
A	36	1	25	-0.2	0.1	3	0.396	nothing radial to replace	
A	36	1	25	0	0	0	0	nothing radial to replace	
A	36	1	25	0	0	0.1	0.1	nothing radial to replace	
A	36	1	25	0	0	0.25	0.25	nothing radial to replace	
A	36	1	25	0	0	0.38	0.317	nothing radial to replace	
A	36	1	25	0	0	0.5	0.317	nothing radial to replace	
A	36	1	25	0	0	3	0.317	nothing radial to replace	
A	36	1	25	0	0.1	0	0	nothing radial to replace	
A	36	1	25	0	0.1	0.1	0.1	nothing radial to replace	
A	36	1	25	0	0.1	0.25	0.25	nothing radial to replace	
A	36	1	25	0	0.1	0.38	0.38	nothing radial to replace	
A	36	1	25	0	0.1	0.5	0.396	nothing radial to replace	
A	36	1	25	0	0.1	3	0.396	nothing radial to replace	
A	36	1	25	0.2	0	0	0	nothing radial to replace	
A	36	1	25	0.2	0	0.1	0.1	nothing radial to replace	
A	36	1	25	0.2	0	0.25	0.25	nothing radial to replace	
A	36	1	25	0.2	0	0.38	0.317	nothing radial to replace	
A	36	1	25	0.2	0	0.5	0.317	nothing radial to replace	
A	36	1	25	0.2	0	3	0.317	nothing radial to replace	
A	36	1	25	0.2	0.1	0	0	nothing radial to replace	
A	36	1	25	0.2	0.1	0.1	0.1	nothing radial to replace	
A	36	1	25	0.2	0.1	0.25	0.25	nothing radial to replace	
A	36	1	25	0.2	0.1	0.38	0.38	nothing radial to replace	
A	36	1	25	0.2	0.1	0.5	0.396	nothing radial to replace	
A	36	1	25	0.2	0.1	3	0.396	nothing radial to replace	
A	36	1	25	0.5	0	0	0	nothing radial to replace	
A	36	1	25	0.5	0	0.1	0.1	nothing radial to replace	
A	36	1	25	0.5	0	0.25	0.25	nothing radial to replace	
A	36	1	25	0.5	0	0.38	0.317	nothing radial to replace	
A	36	1	25	0.5	0	0.5	0.317	nothing radial to replace	
A	36	1	25	0.5	0	3	0.317	nothing radial to replace	
A	36	1	25	0.5	0.1	0	0	nothing radial to replace	
A	36	1	25	0.5	0.1	0.1	0.1	nothing radial to replace	
A	36	1	25	0.5	0.1	0.25	0.25	nothing radial to replace	
A	36	1	25	0.5	0.1	0.38	0.38	nothing radial to replace	
A	36	1	25	0.5	0.1	0.5	0.396	nothing radial to replace	
A	36	1	25	0.5	0.1	3	0.396	nothing radial to replace	
A	36	1	25	1	0	0	0	nothing radial to replace	
A	36	1	25	1	0	0.1	0.1	nothing radial to replace	
A	36	1	25	1	0	0.25	0.25	nothing radial to replace	
A	36	1	25	1	0	0.38	0.317	nothing radial to replace	
A	36	1	25	1	0	0.5	0.317	nothing radial to replace	
A	36	1	25	1	0	3	0.317	nothing radial to replace	
A	36	1	25	1	0.1	0	0	nothing radial to replace	
A	36	1	25	1	0.1	0.1	0.1	nothing radial to replace	
A	36	1	25	1	0.1	0.25	0.25	nothing radial to replace	
A	36	1	25	1	0.1	0.38	0.38	nothing radial to replace	
A	36	1	25	1	0.1	0.5	0.396	nothing radial to replace	
A	36	1	25	1	0.1	3	0.396	nothing radial to replace	
A	37	1	14.5	1	0	0	0	nothing radial to replace	
A	37	1	14.5	1	0	0.1	0.1	nothing radial to replace	
A	37	1	14.5	1	0	0.25	0.25	nothing radial to replace	
A	37	1	14.5	1	0	0.38	0.38	nothing radial to replace	
A	37	1	14.5	1	0	0.5	0.5	nothing radial to replace	
A	37	1	14.5	1	0	3	0.596	nothing radial to replace	
A	37	1	14.5	1	0.1	0	0	nothing radial to replace	
A	37	1	14.5	1	0.1	0.1	0.1	nothing radial to replace	
A	37	1	14.5	1	0.1	0.25	0.25	nothing radial to replace	
A	37	1	14.5	1	0.1	0.38	0.38	nothing radial to replace	
A	37	1	14.5	1	0.1	0.5	0.5	nothing radial to replace	
A	37	1	14.5	1	0.1	3	0.661	nothing radial to replace	
A	37	1	20	0.2	0	0	0	nothing radial to replace	
A	37	1	20	0.2	0	0.1	0.1	nothing radial to replace	
A	37	1	20	0.2	0	0.25	0.25	nothing radial to replace	
A	37	1	20	0.2	0	0.38	0.38	nothing radial to replace	
A	37	1	20	0.2	0	0.5	0.471	nothing radial to replace	
A	37	1	20	0.2	0	3	0.471	nothing radial to replace	
A	37	1	20	0.2	0.1	0	0	nothing radial to replace	
A	37	1	20	0.2	0.1	0.1	0.1	nothing radial to replace	
A	37	1	20	0.2	0.1	0.25	0.25	nothing radial to replace	
A	37	1	20	0.2	0.1	0.38	0.38	nothing radial to replace	
A	37	1	20	0.2	0.1	0.5	0.5	nothing radial to replace	
A	37	1	20	0.2	0.1	3	0.543	nothing radial to replace	
A	37	1	20	0.5	0	0	0	nothing radial to replace	
A	37	1	20	0.5	0	0.1	0.1	nothing radial to replace	
A	37	1	20	0.5	0	0.25	0.25	nothing radial to replace	
A	37	1	20	0.5	0	0.38	0.38	nothing radial to replace	
A	37	1	20	0.5	0	0.5	0.471	nothing radial to replace	
A	37	1	20	0.5	0	3	0.471	nothing radial to replace	
A	37	1	20	0.5	0.1	0	0	nothing radial to replace	
A	37	1	20	0.5	0.1	0.1	0.1	nothing radial to replace	
A	37	1	20	0.5	0.1	0.25	0.25	nothing radial to replace	
A	37	1	20	0.5	0.1	0.38	0.38	nothing radial to replace	
A	37	1	20	0.5	0.1	0.5	0.5	nothing radial to replace	
A	37	1	20	0.5	0.1	3	0.543	nothing radial to replace	
A	37	1	20	1	0	0	0	nothing radial to replace	
A	37	1	20	1	0	0.1	0.1	nothing radial to replace	
A	37	1	20	1	0	0.25	0.25	nothing radial to replace	
A	37	1	20	1	0	0.38	0.38	nothing radial to replace	
A	37	1	20	1	0	0.5	0.471	nothing radial to replace	
A	37	1	20	1	0	3	0.471	nothing radial to replace	
A	37	1	20	1	0.1	0	0	nothing radial to replace	
A	37	1	20	1	0.1	0.1	0.1	nothing radial to replace	
A	37	1	20	1	0.1	0.25	0.25	nothing radial to replace	
A	37	1	20	1	0.1	0.38	0.38	nothing radial to replace	
A	37	1	20	1	0.1	0.5	0.5	nothing radial to replace	
A	37	1	20	1	0.1	3	0.543	nothing radial to replace	
A	37	1	25	-0.2	0	0	0	nothing radial to replace	
A	37	1	25	-0.2	0	0.1	0.1	nothing radial to replace	
A	37	1	25	-0.2	0	0.25	0.25	nothing radial to replace	
A	37	1	25	-0.2	0	0.38	0.317	nothing radial to replace	
A	37	1	25	-0.2	0	0.5	0.317	nothing radial to replace	
A	37	1	25	-0.2	0	3	0.317	nothing radial to replace	
A	37	1	25	-0.2	0.1	0	0	nothing radial to replace	
A	37	1	25	-0.2	0.1	0.1	0.1	nothing radial to replace	
A	37	1	25	-0.2	0.1	0.25	0.25	nothing radial to replace	
A	37	1	25	-0.2	0.1	0.38	0.38	nothing radial to replace	
A	37	1	25	-0.2	0.1	0.5	0.396	nothing radial to replace	
A	37	1	25	-0.2	0.1	3	0.396	nothing radial to replace	
A	37	1	25	0	0	0	0	nothing radial to replace	
A	37	1	25	0	0	0.1	0.1	nothing radial to replace	
A	37	1	25	0	0	0.25	0.25	nothing radial to replace	
A	37	1	25	0	0	0.38	0.317	nothing radial to replace	
A	37	1	25	0	0	0.5	0.317	nothing radial to replace	
A	37	1	25	0	0	3	0.317	nothing radial to replace	
A	37	1	25	0	0.1	0	0	nothing radial to replace	
A	37	1	25	0	0.1	0.1	0.1	nothing radial to replace	
A	37	1	25	0	0.1	0.25	0.25	nothing radial to replace	
A	37	1	25	0	0.1	0.38	0.38	nothing radial to replace	
A	37	1	25	0	0.1	0.5	0.396	nothing radial to replace	
A	37	1	25	0	0.1	3	0.396	nothing radial to replace	
A	37	1	25	0.2	0	0	0	nothing radial to replace	
A	37	1	25	0.2	0	0.1	0.1	nothing radial to replace	
A	37	1	25	0.2	0	0.25	0.25	nothing radial to replace	
A	37	1	25	0.2	0	0.38	0.317	nothing radial to replace	
A	37	1	25	0.2	0	0.5	0.317	nothing radial to replace	
A	37	1	25	0.2	0	3	0.317	nothing radial to replace	
A	37	1	25	0.2	0.1	0	0	nothing radial to replace	
A	37	1	25	0.2	0.1	0.1	0.1	nothing radial to replace	
A	37	1	25	0.2	0.1	0.25	0.25	nothing radial to replace	
A	37	1	25	0.2	0.1	0.38	0.38	nothing radial to replace	
A	37	1	25	0.2	0.1	0.5	0.396	nothing radial to replace	
A	37	1	25	0.2	0.1	3	0.396	nothing radial to replace	
A	37	1	25	0.5	0	0	0	nothing radial to replace	
A	37	1	25	0.5	0	0.1	0.1	nothing radial to replace	
A	37	1	25	0.5	0	0.25	0.25	nothing radial to replace	
A	37	1	25	0.5	0	0.38	0.317	nothing radial to replace	
A	37	1	25	0.5	0	0.5	0.317	nothing radial to replace	
A	37	1	25	0.5	0	3	0.317	nothing radial to replace	
A	37	1	25	0.5	0.1	0	0	nothing radial to replace	
A	37	1	25	0.5	0.1	0.1	0.1	nothing radial to replace	
A	37	1	25	0.5	0.1	0.25	0.25	nothing radial to replace	
A	37	1	25	0.5	0.1	0.38	0.38	nothing radial to replace	
A	37	1	25	0.5	0.1	0.5	0.396	nothing radial to replace	
A	37	1	25	0.5	0.1	3	0.396	nothing radial to replace	
A	37	1	25	1	0	0	0	nothing radial to replace	
A	37	1	25	1	0	0.1	0.1	nothing radial to replace	
A	37	1	25	1	0	0.25	0.25	nothing radial to replace	
A	37	1	25	1	0	0.38	0.317	nothing radial to replace	
A	37	1	25	1	0	0.5	0.317	nothing radial to replace	
A	37	1	25	1	0	3	0.317	nothing radial to replace	
A	37	1	25	1	0.1	0	0	nothing radial to replace	
A	37	1	25	1	0.1	0.1	0.1	nothing radial to replace	
A	37	1	25	1	0.1	0.25	0.25	nothing radial to replace	
A	37	1	25	1	0.1	0.38	0.38	nothing radial to replace	
A	37	1	25	1	0.1	0.5	0.396	nothing radial to replace	
A	37	1	25	1	0.1	3	0.396	nothing radial to replace	
A	38	1	14.5	1	0	0	0	nothing radial to replace	
A	38	1	14.5	1	0	0.1	0.1	nothing radial to replace	
A	38	1	14.5	1	0	0.25	0.25	nothing radial to replace	
A	38	1	14.5	1	0	0.38	0.38	nothing radial to replace	
A	38	1	14.5	1	0	0.5	0.5	nothing radial to replace	
A	38	1	14.5	1	0	3	0.596	nothing radial to replace	
A	38	1	14.5	1	0.1	0	0	nothing radial to replace	
A	38	1	14.5	1	0.1	0.1	0.1	nothing radial to replace	
A	38	1	14.5	1	0.1	0.25	0.25	nothing radial to replace	
A	38	1	14.5	1	0.1	0.38	0.38	nothing radial to replace	
A	38	1	14.5	1	0.1	0.5	0.5	nothing radial to replace	
A	38	1	14.5	1	0.1	3	0.661	nothing radial to replace	
A	38	1	20	0.2	0	0	0	nothing radial to replace	
A	38	1	20	0.2	0	0.1	0.1	nothing radial to replace	
A	38	1	20	0.2	0	0.25	0.25	nothing radial to replace	
A	38	1	20	0.2	0	0.38	0.38	nothing radial to replace	
A	38	1	20	0.2	0	0.5	0.471	nothing radial to replace	
A	38	1	20	0.2	0	3	0.471	nothing radial to replace	
A	38	1	20	0.2	0.1	0	0	nothing radial to replace	
A	38	1	20	0.2	0.1	0.1	0.1	nothing radial to replace	
A	38	1	20	0.2	0.1	0.25	0.25	nothing radial to replace	
A	38	1	20	0.2	0.1	0.38	0.38	nothing radial to replace	
A	38	1	20	0.2	0.1	0.5	0.5	nothing radial to replace	
A	38	1	20	0.2	0.1	3	0.543	nothing radial to replace	
A	38	1	20	0.5	0	0	0	nothing radial to replace	
A	38	1	20	0.5	0	0.1	0.1	nothing radial to replace	
A	38	1	20	0.5	0	0.25	0.25	nothing radial to replace	
A	38	1	20	0.5	0	0.38	0.38	nothing radial to replace	
A	38	1	20	0.5	0	0.5	0.471	nothing radial to replace	
A	38	1	20	0.5	0	3	0.471	nothing radial to replace	
A	38	1	20	0.5	0.1	0	0	nothing radial to replace	
A	38	1	20	0.5	0.1	0.1	0.1	nothing radial to replace	
A	38	1	20	0.5	0.1	0.25	0.25	nothing radial to replace	
A	38	1	20	0.5	0.1	0.38	0.38	nothing radial to replace	
A	38	1	20	0.5	0.1	0.5	0.5	nothing radial to replace	
A	38	1	20	0.5	0.1	3	0.543	nothing radial to replace	
A	38	1	20	1	0	0	0	nothing radial to replace	
A	38	1	20	1	0	0.1	0.1	nothing radial to replace	
A	38	1	20	1	0	0.25	0.25	nothing radial to replace	
A	38	1	20	1	0	0.38	0.38	nothing radial to replace	
A	38	1	20	1	0	0.5	0.471	nothing radial to replace	
A	38	1	20	1	0	3	0.471	nothing radial to replace	
A	38	1	20	1	0.1	0	0	nothing radial to replace	
A	38	1	20	1	0.1	0.1	0.1	nothing radial to replace	
A	38	1	20	1	0.1	0.25	0.25	nothing radial to replace	
A	38	1	20	1	0.1	0.38	0.38	nothing radial to replace	
A	38	1	20	1	0.1	0.5	0.5	nothing radial to replace	
A	38	1	20	1	0.1	3	0.543	nothing radial to replace	
A	38	1	25	-0.5	0	0	0	nothing radial to replace	
A	38	1	25	-0.5	0	0.1	0.1	nothing radial to replace	
A	38	1	25	-0.5	0	0.25	0.25	nothing radial to replace	
A	38	1	25	-0.5	0	0.38	0.317	nothing radial to replace	
A	38	1	25	-0.5	0	0.5	0.317	nothing radial to replace	
A	38	1	25	-0.5	0	3	0.317	nothing radial to replace	
A	38	1	25	-0.5	0.1	0	0	nothing radial to replace	
A	38	1	25	-0.5	0.1	0.1	0.1	nothing radial to replace	
A	38	1	25	-0.5	0.1	0.25	0.25	nothing radial to replace	
A	38	1	25	-0.5	0.1	0.38	0.38	nothing radial to replace	
A	38	1	25	-0.5	0.1	0.5	0.396	nothing radial to replace	
A	38	1	25	-0.5	0.1	3	0.396	nothing radial to replace	
A	38	1	25	-0.2	0	0	0	nothing radial to replace	
A	38	1	25	-0.2	0	0.1	0.1	nothing radial to replace	
A	38	1	25	-0.2	0	0.25	0.25	nothing radial to replace	
A	38	1	25	-0.2	0	0.38	0.317	nothing radial to replace	
A	38	1	25	-0.2	0	0.5	0.317	nothing radial to replace	
A	38	1	25	-0.2	0	3	0.317	nothing radial to replace	
A	38	1	25	-0.2	0.1	0	0	nothing radial to replace	
A	38	1	25	-0.2	0.1	0.1	0.1	nothing radial to replace	
A	38	1	25	-0.2	0.1	0.25	0.25	nothing radial to replace	
A	38	1	25	-0.2	0.1	0.38	0.38	nothing radial to replace	
A	38	1	25	-0.2	0.1	0.5	0.396	nothing radial to replace	
A	38	1	25	-0.2	0.1	3	0.396	nothing radial to replace	
A	38	1	25	0	0	0	0	nothing radial to replace	
A	38	1	25	0	0	0.1	0.1	nothing radial to replace	
A	38	1	25	0	0	0.25	0.25	nothing radial to replace	
A	38	1	25	0	0	0.38	0.317	nothing radial to replace	
A	38	1	25	0	0	0.5	0.317	nothing radial to replace	
A	38	1	25	0	0	3	0.317	nothing radial to replace	
A	38	1	25	0	0.1	0	0	nothing radial to replace	
A	38	1	25	0	0.1	0.1	0.1	nothing radial to replace	
A	38	1	25	0	0.1	0.25	0.25	nothing radial to replace	
A	38	1	25	0	0.1	0.38	0.38	nothing radial to replace	
A	38	1	25	0	0.1	0.5	0.396	nothing radial to replace	
A	38	1	25	0	0.1	3	0.396	nothing radial to replace	
A	38	1	25	0.2	0	0	0	nothing radial to replace	
A	38	1	25	0.2	0	0.1	0.1	nothing radial to replace	
A	38	1	25	0.2	0	0.25	0.25	nothing radial to replace	
A	38	1	25	0.2	0	0.38	0.317	nothing radial to replace	
A	38	1	25	0.2	0	0.5	0.317	nothing radial to replace	
A	38	1	25	0.2	0	3	0.317	nothing radial to replace	
A	38	1	25	0.2	0.1	0	0	nothing radial to replace	
A	38	1	25	0.2	0.1	0.1	0.1	nothing radial to replace	
A	38	1	25	0.2	0.1	0.25	0.25	nothing radial to replace	
A	38	1	25	0.2	0.1	0.38	0.38	nothing radial to replace	
A	38	1	25	0.2	0.1	0.5	0.396	nothing radial to replace	
A	38	1	25	0.2	0.1	3	0.396	nothing radial to replace	
A	38	1	25	0.5	0	0	0	nothing radial to replace	
A	38	1	25	0.5	0	0.1	0.1	nothing radial to replace	
A	38	1	25	0.5	0	0.25	0.25	nothing radial to replace	
A	38	1	25	0.5	0	0.38	0.317	nothing radial to replace	
A	38	1	25	0.5	0	0.5	0.317	nothing radial to replace	
A	38	1	25	0.5	0	3	0.317	nothing radial to replace	
A	38	1	25	0.5	0.1	0	0	nothing radial to replace	
A	38	1	25	0.5	0.1	0.1	0.1	nothing radial to replace	
A	38	1	25	0.5	0.1	0.25	0.25	nothing radial to replace	
A	38	1	25	0.5	0.1	0.38	0.38	nothing radial to replace	
A	38	1	25	0.5	0.1	0.5	0.396	nothing radial to replace	
A	38	1	25	0.5	0.1	3	0.396	nothing radial to replace	
A	38	1	25	1	0	0	0	nothing radial to replace	
A	38	1	25	1	0	0.1	0.1	nothing radial to replace	
A	38	1	25	1	0	0.25	0.25	nothing radial to replace	
A	38	1	25	1	0	0.38	0.317	nothing radial to replace	
A	38	1	25	1	0	0.5	0.317	nothing radial to replace	
A	38	1	25	1	0	3	0.317	nothing radial to replace	
A	38	1	25	1	0.1	0	0	nothing radial to replace	
A	38	1	25	1	0.1	0.1	0.1	nothing radial to replace	
A	38	1	25	1	0.1	0.25	0.25	nothing radial to replace	
A	38	1	25	1	0.1	0.38	0.38	nothing radial to replace	
A	38	1	25	1	0.1	0.5	0.396	nothing radial to replace	
A	38	1	25	1	0.1	3	0.396	nothing radial to replace	
A	39	1	14.5	1	0	0	0	nothing radial to replace	
A	39	1	14.5	1	0	0.1	0.1	nothing radial to replace	
A	39	1	14.5	1	0	0.25	0.25	nothing radial to replace	
A	39	1	14.5	1	0	0.38	0.38	nothing radial to replace	
A	39	1	14.5	1	0	0.5	0.5	nothing radial to replace	
A	39	1	14.5	1	0	3	0.596	nothing radial to replace	
A	39	1	14.5	1	0.1	0	0	nothing radial to replace	
A	39	1	14.5	1	0.1	0.1	0.1	nothing radial to replace	
A	39	1	14.5	1	0.1	0.25	0.25	nothing radial to replace	
A	39	1	14.5	1	0.1	0.38	0.38	nothing radial to replace	
A	39	1	14.5	1	0.1	0.5	0.5	nothing radial to replace	
A	39	1	14.5	1	0.1	3	0.661	nothing radial to replace	
A	39	1	20	0.2	0	0	0	nothing radial to replace	
A	39	1	20	0.2	0	0.1	0.1	nothing radial to replace	
A	39	1	20	0.2	0	0.25	0.25	nothing radial to replace	
A	39	1	20	0.2	0	0.38	0.38	nothing radial to replace	
A	39	1	20	0.2	0	0.5	0.471	nothing radial to replace	
A	39	1	20	0.2	0	3	0.471	nothing radial to replace	
A	39	1	20	0.2	0.1	0	0	nothing radial to replace	
A	39	1	20	0.2	0.1	0.1	0.1	nothing radial to replace	
A	39	1	20	0.2	0.1	0.25	0.25	nothing radial to replace	
A	39	1	20	0.2	0.1	0.38	0.38	nothing radial to replace	
A	39	1	20	0.2	0.1	0.5	0.5	nothing radial to replace	
A	39	1	20	0.2	0.1	3	0.543	nothing radial to replace	
A	39	1	20	0.5	0	0	0	nothing radial to replace	
A	39	1	20	0.5	0	0.1	0.1	nothing radial to replace	
A	39	1	20	0.5	0	0.25	0.25	nothing radial to replace	
A	39	1	20	0.5	0	0.38	0.38	nothing radial to replace	
A	39	1	20	0.5	0	0.5	0.471	nothing radial to replace	
A	39	1	20	0.5	0	3	0.471	nothing radial to replace	
A	39	1	20	0.5	0.1	0	0	nothing radial to replace	
A	39	1	20	0.5	0.1	0.1	0.1	nothing radial to replace	
A	39	1	20	0.5	0.1	0.25	0.25	nothing radial to replace	
A	39	1	20	0.5	0.1	0.38	0.38	nothing radial to replace	
A	39	1	20	0.5	0.1	0.5	0.5	nothing radial to replace	
A	39	1	20	0.5	0.1	3	0.543	nothing radial to replace	
A	39	1	20	1	0	0	0	nothing radial to replace	
A	39	1	20	1	0	0.1	0.1	nothing radial to replace	
A	39	1	20	1	0	0.25	0.25	nothing radial to replace	
A	39	1	20	1	0	0.38	0.38	nothing radial to replace	
A	39	1	20	1	0	0.5	0.471	nothing radial to replace	
A	39	1	20	1	0	3	0.471	nothing radial to replace	
A	39	1	20	1	0.1	0	0	nothing radial to replace	
A	39	1	20	1	0.1	0.1	0.1	nothing radial to replace	
A	39	1	20	1	0.1	0.25	0.25	nothing radial to replace	
A	39	1	20	1	0.1	0.38	0.38	nothing radial to replace	
A	39	1	20	1	0.1	0.5	0.5	nothing radial to replace	
A	39	1	20	1	0.1	3	0.543	nothing radial to replace	
A	39	1	25	-0.5	0	0	0	nothing radial to replace	
A	39	1	25	-0.5	0	0.1	0.1	nothing radial to replace	
A	39	1	25	-0.5	0	0.25	0.25	nothing radial to replace	
A	39	1	25	-0.5	0	0.38	0.317	nothing radial to replace	
A	39	1	25	-0.5	0	0.5	0.317	nothing radial to replace	
A	39	1	25	-0.5	0	3	0.317	nothing radial to replace	
A	39	1	25	-0.5	0.1	0	0	nothing radial to replace	
A	39	1	25	-0.5	0.1	0.1	0.1	nothing radial to replace	
A	39	1	25	-0.5	0.1	0.25	0.25	nothing radial to replace	
A	39	1	25	-0.5	0.1	0.38	0.38	nothing radial to replace	
A	39	1	25	-0.5	0.1	0.5	0.396	nothing radial to replace	
A	39	1	25	-0.5	0.1	3	0.396	nothing radial to replace	
A	39	1	25	-0.2	0	0	0	nothing radial to replace	
A	39	1	25	-0.2	0	0.1	0.1	nothing radial to replace	
A	39	1	25	-0.2	0	0.25	0.25	nothing radial to replace	
A	39	1	25	-0.2	0	0.38	0.317	nothing radial to replace	
A	39	1	25	-0.2	0	0.5	0.317	nothing radial to replace	
A	39	1	25	-0.2	0	3	0.317	nothing radial to replace	
A	39	1	25	-0.2	0.1	0	0	nothing radial to replace	
A	39	1	25	-0.2	0.1	0.1	0.1	nothing radial to replace	
A	39	1	25	-0.2	0.1	0.25	0.25	nothing radial to replace	
A	39	1	25	-0.2	0.1	0.38	0.38	nothing radial to replace	
A	39	1	25	-0.2	0.1	0.5	0.396	nothing radial to replace	
A	39	1	25	-0.2	0.1	3	0.396	nothing radial to replace	
A	39	1	25	0	0	0	0	nothing radial to replace	
A	39	1	25	0	0	0.1	0.1	nothing radial to replace	
A	39	1	25	0	0	0.25	0.25	nothing radial to replace	
A	39	1	25	0	0	0.38	0.317	nothing radial to replace	
A	39	1	25	0	0	0.5	0.317	nothing radial to replace	
A	39	1	25	0	0	3	0.317	nothing radial to replace	
A	39	1	25	0	0.1	0	0	nothing radial to replace	
A	39	1	25	0	0.1	0.1	0.1	nothing radial to replace	
A	39	1	25	0	0.1	0.25	0.25	nothing radial to replace	
A	39	1	25	0	0.1	0.38	0.38	nothing radial to replace	
A	39	1	25	0	0.1	0.5	0.396	nothing radial to replace	
A	39	1	25	0	0.1	3	0.396	nothing radial to replace	
A	39	1	25	0.2	0	0	0	nothing radial to replace	
A	39	1	25	0.2	0	0.1	0.1	nothing radial to replace	
A	39	1	25	0.2	0	0.25	0.25	nothing radial to replace	
A	39	1	25	0.2	0	0.38	0.317	nothing radial to replace	
A	39	1	25	0.2	0	0.5	0.317	nothing radial to replace	
A	39	1	25	0.2	0	3	0.317	nothing radial to replace	
A	39	1	25	0.2	0.1	0	0	nothing radial to replace	
A	39	1	25	0.2	0.1	0.1	0.1	nothing radial to replace	
A	39	1	25	0.2	0.1	0.25	0.25	nothing radial to replace	
A	39	1	25	0.2	0.1	0.38	0.38	nothing radial to replace	
A	39	1	25	0.2	0.1	0.5	0.396	nothing radial to replace	
A	39	1	25	0.2	0.1	3	0.396	nothing radial to replace	
A	39	1	25	0.5	0	0	0	nothing radial to replace	
A	39	1	25	0.5	0	0.1	0.1	nothing radial to replace	
A	39	1	25	0.5	0	0.25	0.25	nothing radial to replace	
A	39	1	25	0.5	0	0.38	0.317	nothing radial to replace	
A	39	1	25	0.5	0	0.5	0.317	nothing radial to replace	
A	39	1	25	0.5	0	3	0.317	nothing radial to replace	
A	39	1	25	0.5	0.1	0	0	nothing radial to replace	
A	39	1	25	0.5	0.1	0.1	0.1	nothing radial to replace	
A	39	1	25	0.5	0.1	0.25	0.25	nothing radial to replace	
A	39	1	25	0.5	0.1	0.38	0.38	nothing radial to replace	
A	39	1	25	0.5	0.1	0.5	0.396	nothing radial to replace	
A	39	1	25	0.5	0.1	3	0.396	nothing radial to replace	
A	39	1	25	1	0	0	0	nothing radial to replace	
A	39	1	25	1	0	0.1	0.1	nothing radial to replace	
A	39	1	25	1	0	0.25	0.25	nothing radial to replace	
A	39	1	25	1	0	0.38	0.317	nothing radial to replace	
A	39	1	25	1	0	0.5	0.317	nothing radial to replace	
A	39	1	25	1	0	3	0.317	nothing radial to replace	
A	39	1	25	1	0.1	0	0	nothing radial to replace	
A	39	1	25	1	0.1	0.1	0.1	nothing radial to replace	
A	39	1	25	1	0.1	0.25	0.25	nothing radial to replace	
A	39	1	25	1	0.1	0.38	0.38	nothing radial to replace	
A	39	1	25	1	0.1	0.5	0.396	nothing radial to replace	
A	39	1	25	1	0.1	3	0.396	nothing radial to replace	
A	40	1	14.5	1	0	0	0	nothing radial to replace	
A	40	1	14.5	1	0	0.1	0.1	nothing radial to replace	
A	40	1	14.5	1	0	0.25	0.25	nothing radial to replace	
A	40	1	14.5	1	0	0.38	0.38	nothing radial to replace	
A	40	1	14.5	1	0	0.5	0.5	nothing radial to replace	
A	40	1	14.5	1	0	3	0.596	nothing radial to replace	
A	40	1	14.5	1	0.1	0	0	nothing radial to replace	
A	40	1	14.5	1	0.1	0.1	0.1	nothing radial to replace	
A	40	1	14.5	1	0.1	0.25	0.25	nothing radial to replace	
A	40	1	14.5	1	0.1	0.38	0.38	nothing radial to replace	
A	40	1	14.5	1	0.1	0.5	0.5	nothing radial to replace	
A	40	1	14.5	1	0.1	3	0.661	nothing radial to replace	
A	40	1	20	0.2	0	0	0	nothing radial to replace	
A	40	1	20	0.2	0	0.1	0.1	nothing radial to replace	
A	40	1	20	0.2	0	0.25	0.25	nothing radial to replace	
A	40	1	20	0.2	0	0.38	0.38	nothing radial to replace	
A	40	1	20	0.2	0	0.5	0.471	nothing radial to replace	
A	40	1	20	0.2	0	3	0.471	nothing radial to replace	
A	40	1	20	0.2	0.1	0	0	nothing radial to replace	
A	40	1	20	0.2	0.1	0.1	0.1	nothing radial to replace	
A	40	1	20	0.2	0.1	0.25	0.25	nothing radial to replace	
A	40	1	20	0.2	0.1	0.38	0.38	nothing radial to replace	
A	40	1	20	0.2	0.1	0.5	0.5	nothing radial to replace	
A	40	1	20	0.2	0.1	3	0.543	nothing radial to replace	
A	40	1	20	0.5	0	0	0	nothing radial to replace	
A	40	1	20	0.5	0	0.1	0.1	nothing radial to replace	
A	40	1	20	0.5	0	0.25	0.25	nothing radial to replace	
A	40	1	20	0.5	0	0.38	0.38	nothing radial to replace	
A	40	1	20	0.5	0	0.5	0.471	nothing radial to replace	
A	40	1	20	0.5	0	3	0.471	nothing radial to replace	
A	40	1	20	0.5	0.1	0	0	nothing radial to replace	
A	40	1	20	0.5	0.1	0.1	0.1	nothing radial to replace	
A	40	1	20	0.5	0.1	0.25	0.25	nothing radial to replace	
A	40	1	20	0.5	0.1	0.38	0.38	nothing radial to replace	
A	40	1	20	0.5	0.1	0.5	0.5	nothing radial to replace	
A	40	1	20	0.5	0.1	3	0.543	nothing radial to replace	
A	40	1	20	1	0	0	0	nothing radial to replace	
A	40	1	20	1	0	0.1	0.1	nothing radial to replace	
A	40	1	20	1	0	0.25	0.25	nothing radial to replace	
A	40	1	20	1	0	0.38	0.38	nothing radial to replace	
A	40	1	20	1	0	0.5	0.471	nothing radial to replace	
A	40	1	20	1	0	3	0.471	nothing radial to replace	
A	40	1	20	1	0.1	0	0	nothing radial to replace	
A	40	1	20	1	0.1	0.1	0.1	nothing radial to replace	
A	40	1	20	1	0.1	0.25	0.25	nothing radial to replace	
A	40	1	20	1	0.1	0.38	0.38	nothing radial to replace	
A	40	1	20	1	0.1	0.5	0.5	nothing radial to replace	
A	40	1	20	1	0.1	3	0.543	nothing radial to replace	
A	40	1	25	-0.6	0	0	0	nothing radial to replace	
A	40	1	25	-0.6	0	0.1	0.1	nothing radial to replace	
A	40	1	25	-0.6	0	0.25	0.25	nothing radial to replace	
A	40	1	25	-0.6	0	0.38	0.317	nothing radial to replace	
A	40	1	25	-0.6	0	0.5	0.317	nothing radial to replace	
A	40	1	25	-0.6	0	3	0.317	nothing radial to replace	
A	40	1	25	-0.6	0.1	0	0	nothing radial to replace	
A	40	1	25	-0.6	0.1	0.1	0.1	nothing radial to replace	
A	40	1	25	-0.6	0.1	0.25	0.25	nothing radial to replace	
A	40	1	25	-0.6	0.1	0.38	0.38	nothing radial to replace	
A	40	1	25	-0.6	0.1	0.5	0.396	nothing radial to replace	
A	40	1	25	-0.6	0.1	3	0.396	nothing radial to replace	
A	40	1	25	-0.5	0	0	0	nothing radial to replace	
A	40	1	25	-0.5	0	0.1	0.1	nothing radial to replace	
A	40	1	25	-0.5	0	0.25	0.25	nothing radial to replace	
A	40	1	25	-0.5	0	0.38	0.317	nothing radial to replace	
A	40	1	25	-0.5	0	0.5	0.317	nothing radial to replace	
A	40	1	25	-0.5	0	3	0.317	nothing radial to replace	
A	40	1	25	-0.5	0.1	0	0	nothing radial to replace	
A	40	1	25	-0.5	0.1	0.1	0.1	nothing radial to replace	
A	40	1	25	-0.5	0.1	0.25	0.25	nothing radial to replace	
A	40	1	25	-0.5	0.1	0.38	0.38	nothing radial to replace	
A	40	1	25	-0.5	0.1	0.5	0.396	nothing radial to replace	
A	40	1	25	-0.5	0.1	3	0.396	nothing radial to replace	
A	40	1	25	-0.2	0	0	0	nothing radial to replace	
A	40	1	25	-0.2	0	0.1	0.1	nothing radial to replace	
A	40	1	25	-0.2	0	0.25	0.25	nothing radial to replace	
A	40	1	25	-0.2	0	0.38	0.317	nothing radial to replace	
A	40	1	25	-0.2	0	0.5	0.317	nothing radial to replace	
A	40	1	25	-0.2	0	3	0.317	nothing radial to replace	
A	40	1	25	-0.2	0.1	0	0	nothing radial to replace	
A	40	1	25	-0.2	0.1	0.1	0.1	nothing radial to replace	
A	40	1	25	-0.2	0.1	0.25	0.25	nothing radial to replace	
A	40	1	25	-0.2	0.1	0.38	0.38	nothing radial to replace	
A	40	1	25	-0.2	0.1	0.5	0.396	nothing radial to replace	
A	40	1	25	-0.2	0.1	3	0.396	nothing radial to replace	
A	40	1	25	0	0	0	0	nothing radial to replace	
A	40	1	25	0	0	0.1	0.1	nothing radial to replace	
A	40	1	25	0	0	0.25	0.25	nothing radial to replace	
A	40	1	25	0	0	0.38	0.317	nothing radial to replace	
A	40	1	25	0	0	0.5	0.317	nothing radial to replace	
A	40	1	25	0	0	3	0.317	nothing radial to replace	
A	40	1	25	0	0.1	0	0	nothing radial to replace	
A	40	1	25	0	0.1	0.1	0.1	nothing radial to replace	
A	40	1	25	0	0.1	0.25	0.25	nothing radial to replace	
A	40	1	25	0	0.1	0.38	0.38	nothing radial to replace	
A	40	1	25	0	0.1	0.5	0.396	nothing radial to replace	
A	40	1	25	0	0.1	3	0.396	nothing radial to replace	
A	40	1	25	0.2	0	0	0	nothing radial to replace	
A	40	1	25	0.2	0	0.1	0.1	nothing radial to replace	
A	40	1	25	0.2	0	0.25	0.25	nothing radial to replace	
A	40	1	25	0.2	0	0.38	0.317	nothing radial to replace	
A	40	1	25	0.2	0	0.5	0.317	nothing radial to replace	
A	40	1	25	0.2	0	3	0.317	nothing radial to replace	
A	40	1	25	0.2	0.1	0	0	nothing radial to replace	
A	40	1	25	0.2	0.1	0.1	0.1	nothing radial to replace	
A	40	1	25	0.2	0.1	0.25	0.25	nothing radial to replace	
A	40	1	25	0.2	0.1	0.38	0.38	nothing radial to replace	
A	40	1	25	0.2	0.1	0.5	0.396	nothing radial to replace	
A	40	1	25	0.2	0.1	3	0.396	nothing radial to replace	
A	40	1	25	0.5	0	0	0	nothing radial to replace	
A	40	1	25	0.5	0	0.1	0.1	nothing radial to replace	
A	40	1	25	0.5	0	0.25	0.25	nothing radial to replace	
A	40	1	25	0.5	0	0.38	0.317	nothing radial to replace	
A	40	1	25	0.5	0	0.5	0.317	nothing radial to replace	
A	40	1	25	0.5	0	3	0.317	nothing radial to replace	
A	40	1	25	0.5	0.1	0	0	nothing radial to replace	
A	40	1	25	0.5	0.1	0.1	0.1	nothing radial to replace	
A	40	1	25	0.5	0.1	0.25	0.25	nothing radial to replace	
A	40	1	25	0.5	0.1	0.38	0.38	nothing radial to replace	
A	40	1	25	0.5	0.1	0.5	0.396	nothing radial to replace	
A	40	1	25	0.5	0.1	3	0.396	nothing radial to replace	
A	40	1	25	1	0	0	0	nothing radial to replace	
A	40	1	25	1	0	0.1	0.1	nothing radial to replace	
A	40	1	25	1	0	0.25	0.25	nothing radial to replace	
A	40	1	25	1	0	0.38	0.317	nothing radial to replace	
A	40	1	25	1	0	0.5	0.317	nothing radial to replace	
A	40	1	25	1	0	3	0.317	nothing radial to replace	
A	40	1	25	1	0.1	0	0	nothing radial to replace	
A	40	1	25	1	0.1	0.1	0.1	nothing radial to replace	
A	40	1	25	1	0.1	0.25	0.25	nothing radial to replace	
A	40	1	25	1	0.1	0.38	0.38	nothing radial to replace	
A	40	1	25	1	0.1	0.5	0.396	nothing radial to replace	
A	40	1	25	1	0.1	3	0.396	nothing radial to replace	
A	60	1	14.5	0.5	0	0	0	nothing radial to replace	
A	60	1	14.5	0.5	0	0.1	0.1	nothing radial to replace	
A	60	1	14.5	0.5	0	0.25	0.25	nothing radial to replace	
A	60	1	14.5	0.5	0	0.38	0.38	nothing radial to replace	
A	60	1	14.5	0.5	0	0.5	0.5	nothing radial to replace	
A	60	1	14.5	0.5	0	3	0.596	nothing radial to replace	
A	60	1	14.5	0.5	0.1	0	0	nothing radial to replace	
A	60	1	14.5	0.5	0.1	0.1	0.1	nothing radial to replace	
A	60	1	14.5	0.5	0.1	0.25	0.25	nothing radial to replace	
A	60	1	14.5	0.5	0.1	0.38	0.38	nothing radial to replace	
A	60	1	14.5	0.5	0.1	0.5	0.5	nothing radial to replace	
A	60	1	14.5	0.5	0.1	3	0.661	nothing radial to replace	
A	60	1	14.5	1	0	0	0	nothing radial to replace	
A	60	1	14.5	1	0	0.1	0.1	nothing radial to replace	
A	60	1	14.5	1	0	0.25	0.25	nothing radial to replace	
A	60	1	14.5	1	0	0.38	0.38	nothing radial to replace	
A	60	1	14.5	1	0	0.5	0.5	nothing radial to replace	
A	60	1	14.5	1	0	3	0.596	nothing radial to replace	
A	60	1	14.5	1	0.1	0	0	nothing radial to replace	
A	60	1	14.5	1	0.1	0.1	0.1	nothing radial to replace	
A	60	1	14.5	1	0.1	0.25	0.25	nothing radial to replace	
A	60	1	14.5	1	0.1	0.38	0.38	nothing radial to replace	
A	60	1	14.5	1	0.1	0.5	0.5	nothing radial to replace	
A	60	1	14.5	1	0.1	3	0.661	nothing radial to replace	
A	60	1	20	-0.5	0	0	0	nothing radial to replace	
A	60	1	20	-0.5	0	0.1	0.1	nothing radial to replace	
A	60	1	20	-0.5	0	0.25	0.25	nothing radial to replace	
A	60	1	20	-0.5	0	0.38	0.38	nothing radial to replace	
A	60	1	20	-0.5	0	0.5	0.471	nothing radial to replace	
A	60	1	20	-0.5	0	3	0.471	nothing radial to replace	
A	60	1	20	-0.5	0.1	0	0	nothing radial to replace	
A	60	1	20	-0.5	0.1	0.1	0.1	nothing radial to replace	
A	60	1	20	-0.5	0.1	0.25	0.25	nothing radial to replace	
A	60	1	20	-0.5	0.1	0.38	0.38	nothing radial to replace	
A	60	1	20	-0.5	0.1	0.5	0.5	nothing radial to replace	
A	60	1	20	-0.5	0.1	3	0.543	nothing radial to replace	
A	60	1	20	-0.2	0	0	0	nothing radial to replace	
A	60	1	20	-0.2	0	0.1	0.1	nothing radial to replace	
A	60	1	20	-0.2	0	0.25	0.25	nothing radial to replace	
A	60	1	20	-0.2	0	0.38	0.38	nothing radial to replace	
A	60	1	20	-0.2	0	0.5	0.471	nothing radial to replace	
A	60	1	20	-0.2	0	3	0.471	nothing radial to replace	
A	60	1	20	-0.2	0.1	0	0	nothing radial to replace	
A	60	1	20	-0.2	0.1	0.1	0.1	nothing radial to replace	
A	60	1	20	-0.2	0.1	0.25	0.25	nothing radial to replace	
A	60	1	20	-0.2	0.1	0.38	0.38	nothing radial to replace	
A	60	1	20	-0.2	0.1	0.5	0.5	nothing radial to replace	
A	60	1	20	-0.2	0.1	3	0.543	nothing radial to replace	
A	60	1	20	0	0	0	0	nothing radial to replace	
A	60	1	20	0	0	0.1	0.1	nothing radial to replace	
A	60	1	20	0	0	0.25	0.25	nothing radial to replace	
A	60	1	20	0	0	0.38	0.38	nothing radial to replace	
A	60	1	20	0	0	0.5	0.471	nothing radial to replace	
A	60	1	20	0	0	3	0.471	nothing radial to replace	
A	60	1	20	0	0.1	0	0	nothing radial to replace	
A	60	1	20	0	0.1	0.1	0.1	nothing radial to replace	
A	60	1	20	0	0.1	0.25	0.25	nothing radial to replace	
A	60	1	20	0	0.1	0.38	0.38	nothing radial to replace	
A	60	1	20	0	0.1	0.5	0.5	nothing radial to replace	
A	60	1	20	0	0.1	3	0.543	nothing radial to replace	
A	60	1	20	0.2	0	0	0	nothing radial to replace	
A	60	1	20	0.2	0	0.1	0.1	nothing radial to replace	
A	60	1	20	0.2	0	0.25	0.25	nothing radial to replace	
A	60	1	20	0.2	0	0.38	0.38	nothing radial to replace	
A	60	1	20	0.2	0	0.5	0.471	nothing radial to replace	
A	60	1	20	0.2	0	3	0.471	nothing radial to replace	
A	60	1	20	0.2	0.1	0	0	nothing radial to replace	
A	60	1	20	0.2	0.1	0.1	0.1	nothing radial to replace	
A	60	1	20	0.2	0.1	0.25	0.25	nothing radial to replace	
A	60	1	20	0.2	0.1	0.38	0.38	nothing radial to replace	
A	60	1	20	0.2	0.1	0.5	0.5	nothing radial to replace	
A	60	1	20	0.2	0.1	3	0.543	nothing radial to replace	
A	60	1	20	0.5	0	0	0	nothing radial to replace	
A	60	1	20	0.5	0	0.1	0.1	nothing radial to replace	
A	60	1	20	0.5	0	0.25	0.25	nothing radial to replace	
A	60	1	20	0.5	0	0.38	0.38	nothing radial to replace	
A	60	1	20	0.5	0	0.5	0.471	nothing radial to replace	
A	60	1	20	0.5	0	3	0.471	nothing radial to replace	
A	60	1	20	0.5	0.1	0	0	nothing radial to replace	
A	60	1	20	0.5	0.1	0.1	0.1	nothing radial to replace	
A	60	1	20	0.5	0.1	0.25	0.25	nothing radial to replace	
A	60	1	20	0.5	0.1	0.38	0.38	nothing radial to replace	
A	60	1	20	0.5	0.1	0.5	0.5	nothing radial to replace	
A	60	1	20	0.5	0.1	3	0.543	nothing radial to replace	
A	60	1	20	1	0	0	0	nothing radial to replace	
A	60	1	20	1	0	0.1	0.1	nothing radial to replace	
A	60	1	20	1	0	0.25	0.25	nothing radial to replace	
A	60	1	20	1	0	0.38	0.38	nothing radial to replace	
A	60	1	20	1	0	0.5	0.471	nothing radial to replace	
A	60	1	20	1	0	3	0.471	nothing radial to replace	
A	60	1	20	1	0.1	0	0	nothing radial to replace	
A	60	1	20	1	0.1	0.1	0.1	nothing radial to replace	
A	60	1	20	1	0.1	0.25	0.25	nothing radial to replace	
A	60	1	20	1	0.1	0.38	0.38	nothing radial to replace	
A	60	1	20	1	0.1	0.5	0.5	nothing radial to replace	
A	60	1	20	1	0.1	3	0.543	nothing radial to replace	
A	60	1	25	-0.6	0	0	0	nothing radial to replace	
A	60	1	25	-0.6	0	0.1	0.1	nothing radial to replace	
A	60	1	25	-0.6	0	0.25	0.25	nothing radial to replace	
A	60	1	25	-0.6	0	0.38	0.317	nothing radial to replace	
A	60	1	25	-0.6	0	0.5	0.317	nothing radial to replace	
A	60	1	25	-0.6	0	3	0.317	nothing radial to replace	
A	60	1	25	-0.6	0.1	0	0	nothing radial to replace	
A	60	1	25	-0.6	0.1	0.1	0.1	nothing radial to replace	
A	60	1	25	-0.6	0.1	0.25	0.25	nothing radial to replace	
A	60	1	25	-0.6	0.1	0.38	0.38	nothing radial to replace	
A	60	1	25	-0.6	0.1	0.5	0.396	nothing radial to replace	
A	60	1	25	-0.6	0.1	3	0.396	nothing radial to replace	
A	60	1	25	-0.5	0	0	0	nothing radial to replace	
A	60	1	25	-0.5	0	0.1	0.1	nothing radial to replace	
A	60	1	25	-0.5	0	0.25	0.25	nothing radial to replace	
A	60	1	25	-0.5	0	0.38	0.317	nothing radial to replace	
A	60	1	25	-0.5	0	0.5	0.317	nothing radial to replace	
A	60	1	25	-0.5	0	3	0.317	nothing radial to replace	
A	60	1	25	-0.5	0.1	0	0	nothing radial to replace	
A	60	1	25	-0.5	0.1	0.1	0.1	nothing radial to replace	
A	60	1	25	-0.5	0.1	0.25	0.25	nothing radial to replace	
A	60	1	25	-0.5	0.1	0.38	0.38	nothing radial to replace	
A	60	1	25	-0.5	0.1	0.5	0.396	nothing radial to replace	
A	60	1	25	-0.5	0.1	3	0.396	nothing radial to replace	
A	60	1	25	-0.2	0	0	0	nothing radial to replace	
A	60	1	25	-0.2	0	0.1	0.1	nothing radial to replace	
A	60	1	25	-0.2	0	0.25	0.25	nothing radial to replace	
A	60	1	25	-0.2	0	0.38	0.317	nothing radial to replace	
A	60	1	25	-0.2	0	0.5	0.317	nothing radial to replace	
A	60	1	25	-0.2	0	3	0.317	nothing radial to replace	
A	60	1	25	-0.2	0.1	0	0	nothing radial to replace	
A	60	1	25	-0.2	0.1	0.1	0.1	nothing radial to replace	
A	60	1	25	-0.2	0.1	0.25	0.25	nothing radial to replace	
A	60	1	25	-0.2	0.1	0.38	0.38	nothing radial to replace	
A	60	1	25	-0.2	0.1	0.5	0.396	nothing radial to replace	
A	60	1	25	-0.2	0.1	3	0.396	nothing radial to replace	
A	60	1	25	0	0	0	0	nothing radial to replace	
A	60	1	25	0	0	0.1	0.1	nothing radial to replace	
A	60	1	25	0	0	0.25	0.25	nothing radial to replace	
A	60	1	25	0	0	0.38	0.317	nothing radial to replace	
A	60	1	25	0	0	0.5	0.317	nothing radial to replace	
A	60	1	25	0	0	3	0.317	nothing radial to replace	
A	60	1	25	0	0.1	0	0	nothing radial to replace	
A	60	1	25	0	0.1	0.1	0.1	nothing radial to replace	
A	60	1	25	0	0.1	0.25	0.25	nothing radial to replace	
A	60	1	25	0	0.1	0.38	0.38	nothing radial to replace	
A	60	1	25	0	0.1	0.5	0.396	nothing radial to replace	
A	60	1	25	0	0.1	3	0.396	nothing radial to replace	
A	60	1	25	0.2	0	0	0	nothing radial to replace	
A	60	1	25	0.2	0	0.1	0.1	nothing radial to replace	
A	60	1	25	0.2	0	0.25	0.25	nothing radial to replace	
A	60	1	25	0.2	0	0.38	0.317	nothing radial to replace	
A	60	1	25	0.2	0	0.5	0.317	nothing radial to replace	
A	60	1	25	0.2	0	3	0.317	nothing radial to replace	
A	60	1	25	0.2	0.1	0	0	nothing radial to replace	
A	60	1	25	0.2	0.1	0.1	0.1	nothing radial to replace	
A	60	1	25	0.2	0.1	0.25	0.25	nothing radial to replace	
A	60	1	25	0.2	0.1	0.38	0.38	nothing radial to replace	
A	60	1	25	0.2	0.1	0.5	0.396	nothing radial to replace	
A	60	1	25	0.2	0.1	3	0.396	nothing radial to replace	
A	60	1	25	0.5	0	0	0	nothing radial to replace	
A	60	1	25	0.5	0	0.1	0.1	nothing radial to replace	
A	60	1	25	0.5	0	0.25	0.25	nothing radial to replace	
A	60	1	25	0.5	0	0.38	0.317	nothing radial to replace	
A	60	1	25	0.5	0	0.5	0.317	nothing radial to replace	
A	60	1	25	0.5	0	3	0.317	nothing radial to replace	
A	60	1	25	0.5	0.1	0	0	nothing radial to replace	
A	60	1	25	0.5	0.1	0.1	0.1	nothing radial to replace	
A	60	1	25	0.5	0.1	0.25	0.25	nothing radial to replace	
A	60	1	25	0.5	0.1	0.38	0.38	nothing radial to replace	
A	60	1	25	0.5	0.1	0.5	0.396	nothing radial to replace	
A	60	1	25	0.5	0.1	3	0.396	nothing radial to replace	
A	60	1	25	1	0	0	0	nothing radial to replace	
A	60	1	25	1	0	0.1	0.1	nothing radial to replace	
A	60	1	25	1	0	0.25	0.25	nothing radial to replace	
A	60	1	25	1	0	0.38	0.317	nothing radial to replace	
A	60	1	25	1	0	0.5	0.317	nothing radial to replace	
A	60	1	25	1	0	3	0.317	nothing radial to replace	
A	60	1	25	1	0.1	0	0	nothing radial to replace	
A	60	1	25	1	0.1	0.1	0.1	nothing radial to replace	
A	60	1	25	1	0.1	0.25	0.25	nothing radial to replace	
A	60	1	25	1	0.1	0.38	0.38	nothing radial to replace	
A	60	1	25	1	0.1	0.5	0.396	nothing radial to replace	
A	60	1	25	1	0.1	3	0.396	nothing radial to replace	
A	100	1	14.5	-0.2	0	0	0	nothing radial to replace	
A	100	1	14.5	-0.2	0	0.1	0.1	nothing radial to replace	
A	100	1	14.5	-0.2	0	0.25	0.25	nothing radial to replace	
A	100	1	14.5	-0.2	0	0.38	0.38	nothing radial to replace	
A	100	1	14.5	-0.2	0	0.5	0.5	nothing radial to replace	
A	100	1	14.5	-0.2	0	3	0.596	nothing radial to replace	
A	100	1	14.5	-0.2	0.1	0	0	nothing radial to replace	
A	100	1	14.5	-0.2	0.1	0.1	0.1	nothing radial to replace	
A	100	1	14.5	-0.2	0.1	0.25	0.25	nothing radial to replace	
A	100	1	14.5	-0.2	0.1	0.38	0.38	nothing radial to replace	
A	100	1	14.5	-0.2	0.1	0.5	0.5	nothing radial to replace	
A	100	1	14.5	-0.2	0.1	3	0.661	nothing radial to replace	
A	100	1	14.5	0	0	0	0	nothing radial to replace	
A	100	1	14.5	0	0	0.1	0.1	nothing radial to replace	
A	100	1	14.5	0	0	0.25	0.25	nothing radial to replace	
A	100	1	14.5	0	0	0.38	0.38	nothing radial to replace	
A	100	1	14.5	0	0	0.5	0.5	nothing radial to replace	
A	100	1	14.5	0	0	3	0.596	nothing radial to replace	
A	100	1	14.5	0	0.1	0	0	nothing radial to replace	
A	100	1	14.5	0	0.1	0.1	0.1	nothing radial to replace	
A	100	1	14.5	0	0.1	0.25	0.25	nothing radial to replace	
A	100	1	14.5	0	0.1	0.38	0.38	nothing radial to replace	
A	100	1	14.5	0	0.1	0.5	0.5	nothing radial to replace	
A	100	1	14.5	0	0.1	3	0.661	nothing radial to replace	
A	100	1	14.5	0.2	0	0	0	nothing radial to replace	
A	100	1	14.5	0.2	0	0.1	0.1	nothing radial to replace	
A	100	1	14.5	0.2	0	0.25	0.25	nothing radial to replace	
A	100	1	14.5	0.2	0	0.38	0.38	nothing radial to replace	
A	100	1	14.5	0.2	0	0.5	0.5	nothing radial to replace	
A	100	1	14.5	0.2	0	3	0.596	nothing radial to replace	
A	100	1	14.5	0.2	0.1	0	0	nothing radial to replace	
A	100	1	14.5	0.2	0.1	0.1	0.1	nothing radial to replace	
A	100	1	14.5	0.2	0.1	0.25	0.25	nothing radial to replace	
A	100	1	14.5	0.2	0.1	0.38	0.38	nothing radial to replace	
A	100	1	14.5	0.2	0.1	0.5	0.5	nothing radial to replace	
A	100	1	14.5	0.2	0.1	3	0.661	nothing radial to replace	
A	100	1	14.5	0.5	0	0	0	nothing radial to replace	
A	100	1	14.5	0.5	0	0.1	0.1	nothing radial to replace	
A	100	1	14.5	0.5	0	0.25	0.25	nothing radial to replace	
A	100	1	14.5	0.5	0	0.38	0.38	nothing radial to replace	
A	100	1	14.5	0.5	0	0.5	0.5	nothing radial to replace	
A	100	1	14.5	0.5	0	3	0.596	nothing radial to replace	
A	100	1	14.5	0.5	0.1	0	0	nothing radial to replace	
A	100	1	14.5	0.5	0.1	0.1	0.1	nothing radial to replace	
A	100	1	14.5	0.5	0.1	0.25	0.25	nothing radial to replace	
A	100	1	14.5	0.5	0.1	0.38	0.38	nothing radial to replace	
A	100	1	14.5	0.5	0.1	0.5	0.5	nothing radial to replace	
A	100	1	14.5	0.5	0.1	3	0.661	nothing radial to replace	
A	100	1	14.5	1	0	0	0	nothing radial to replace	
A	100	1	14.5	1	0	0.1	0.1	nothing radial to replace	
A	100	1	14.5	1	0	0.25	0.25	nothing radial to replace	
A	100	1	14.5	1	0	0.38	0.38	nothing radial to replace	
A	100	1	14.5	1	0	0.5	0.5	nothing radial to replace	
A	100	1	14.5	1	0	3	0.596	nothing radial to replace	
A	100	1	14.5	1	0.1	0	0	nothing radial to replace	
A	100	1	14.5	1	0.1	0.1	0.1	nothing radial to replace	
A	100	1	14.5	1	0.1	0.25	0.25	nothing radial to replace	
A	100	1	14.5	1	0.1	0.38	0.38	nothing radial to replace	
A	100	1	14.5	1	0.1	0.5	0.5	nothing radial to replace	
A	100	1	14.5	1	0.1	3	0.661	nothing radial to replace	
A	100	1	20	-0.6	0	0	0	nothing radial to replace	
A	100	1	20	-0.6	0	0.1	0.1	nothing radial to replace	
A	100	1	20	-0.6	0	0.25	0.25	nothing radial to replace	
A	100	1	20	-0.6	0	0.38	0.38	nothing radial to replace	
A	100	1	20	-0.6	0	0.5	0.471	nothing radial to replace	
A	100	1	20	-0.6	0	3	0.471	nothing radial to replace	
A	100	1	20	-0.6	0.1	0	0	nothing radial to replace	
A	100	1	20	-0.6	0.1	0.1	0.1	nothing radial to replace	
A	100	1	20	-0.6	0.1	0.25	0.25	nothing radial to replace	
A	100	1	20	-0.6	0.1	0.38	0.38	nothing radial to replace	
A	100	1	20	-0.6	0.1	0.5	0.5	nothing radial to replace	
A	100	1	20	-0.6	0.1	3	0.543	nothing radial to replace	
A	100	1	20	-0.5	0	0	0	nothing radial to replace	
A	100	1	20	-0.5	0	0.1	0.1	nothing radial to replace	
A	100	1	20	-0.5	0	0.25	0.25	nothing radial to replace	
A	100	1	20	-0.5	0	0.38	0.38	nothing radial to replace	
A	100	1	20	-0.5	0	0.5	0.471	nothing radial to replace	
A	100	1	20	-0.5	0	3	0.471	nothing radial to replace	
A	100	1	20	-0.5	0.1	0	0	nothing radial to replace	
A	100	1	20	-0.5	0.1	0.1	0.1	nothing radial to replace	
A	100	1	20	-0.5	0.1	0.25	0.25	nothing radial to replace	
A	100	1	20	-0.5	0.1	0.38	0.38	nothing radial to replace	
A	100	1	20	-0.5	0.1	0.5	0.5	nothing radial to replace	
A	100	1	20	-0.5	0.1	3	0.543	nothing radial to replace	
A	100	1	20	-0.2	0	0	0	nothing radial to replace	
A	100	1	20	-0.2	0	0.1	0.1	nothing radial to replace	
A	100	1	20	-0.2	0	0.25	0.25	nothing radial to replace	
A	100	1	20	-0.2	0	0.38	0.38	nothing radial to replace	
A	100	1	20	-0.2	0	0.5	0.471	nothing radial to replace	
A	100	1	20	-0.2	0	3	0.471	nothing radial to replace	
A	100	1	20	-0.2	0.1	0	0	nothing radial to replace	
A	100	1	20	-0.2	0.1	0.1	0.1	nothing radial to replace	
A	100	1	20	-0.2	0.1	0.25	0.25	nothing radial to replace	
A	100	1	20	-0.2	0.1	0.38	0.38	nothing radial to replace	
A	100	1	20	-0.2	0.1	0.5	0.5	nothing radial to replace	
A	100	1	20	-0.2	0.1	3	0.543	nothing radial to replace	
A	100	1	20	0	0	0	0	nothing radial to replace	
A	100	1	20	0	0	0.1	0.1	nothing radial to replace	
A	100	1	20	0	0	0.25	0.25	nothing radial to replace	
A	100	1	20	0	0	0.38	0.38	nothing radial to replace	
A	100	1	20	0	0	0.5	0.471	nothing radial to replace	
A	100	1	20	0	0	3	0.471	nothing radial to replace	
A	100	1	20	0	0.1	0	0	nothing radial to replace	
A	100	1	20	0	0.1	0.1	0.1	nothing radial to replace	
A	100	1	20	0	0.1	0.25	0.25	nothing radial to replace	
A	100	1	20	0	0.1	0.38	0.38	nothing radial to replace	
A	100	1	20	0	0.1	0.5	0.5	nothing radial to replace	
A	100	1	20	0	0.1	3	0.543	nothing radial to replace	
A	100	1	20	0.2	0	0	0	nothing radial to replace	
A	100	1	20	0.2	0	0.1	0.1	nothing radial to replace	
A	100	1	20	0.2	0	0.25	0.25	nothing radial to replace	
A	100	1	20	0.2	0	0.38	0.38	nothing radial to replace	
A	100	1	20	0.2	0	0.5	0.471	nothing radial to replace	
A	100	1	20	0.2	0	3	0.471	nothing radial to replace	
A	100	1	20	0.2	0.1	0	0	nothing radial to replace	
A	100	1	20	0.2	0.1	0.1	0.1	nothing radial to replace	
A	100	1	20	0.2	0.1	0.25	0.25	nothing radial to replace	
A	100	1	20	0.2	0.1	0.38	0.38	nothing radial to replace	
A	100	1	20	0.2	0.1	0.5	0.5	nothing radial to replace	
A	100	1	20	0.2	0.1	3	0.543	nothing radial to replace	
A	100	1	20	0.5	0	0	0	nothing radial to replace	
A	100	1	20	0.5	0	0.1	0.1	nothing radial to replace	
A	100	1	20	0.5	0	0.25	0.25	nothing radial to replace	
A	100	1	20	0.5	0	0.38	0.38	nothing radial to replace	
A	100	1	20	0.5	0	0.5	0.471	nothing radial to replace	
A	100	1	20	0.5	0	3	0.471	nothing radial to replace	
A	100	1	20	0.5	0.1	0	0	nothing radial to replace	
A	100	1	20	0.5	0.1	0.1	0.1	nothing radial to replace	
A	100	1	20	0.5	0.1	0.25	0.25	nothing radial to replace	
A	100	1	20	0.5	0.1	0.38	0.38	nothing radial to replace	
A	100	1	20	0.5	0.1	0.5	0.5	nothing radial to replace	
A	100	1	20	0.5	0.1	3	0.543	nothing radial to replace	
A	100	1	20	1	0	0	0	nothing radial to replace	
A	100	1	20	1	0	0.1	0.1	nothing radial to replace	
A	100	1	20	1	0	0.25	0.25	nothing radial to replace	
A	100	1	20	1	0	0.38	0.38	nothing radial to replace	
A	100	1	20	1	0	0.5	0.471	nothing radial to replace	
A	100	1	20	1	0	3	0.471	nothing radial to replace	
A	100	1	20	1	0.1	0	0	nothing radial to replace	
A	100	1	20	1	0.1	0.1	0.1	nothing radial to replace	
A	100	1	20	1	0.1	0.25	0.25	nothing radial to replace	
A	100	1	20	1	0.1	0.38	0.38	nothing radial to replace	
A	100	1	20	1	0.1	0.5	0.5	nothing radial to replace	
A	100	1	20	1	0.1	3	0.543	nothing radial to replace	
A	100	1	25	-0.6	0	0	0	nothing radial to replace	
A	100	1	25	-0.6	0	0.1	0.1	nothing radial to replace	
A	100	1	25	-0.6	0	0.25	0.25	nothing radial to replace	
A	100	1	25	-0.6	0	0.38	0.317	nothing radial to replace	
A	100	1	25	-0.6	0	0.5	0.317	nothing radial to replace	
A	100	1	25	-0.6	0	3	0.317	nothing radial to replace	
A	100	1	25	-0.6	0.1	0	0	nothing radial to replace	
A	100	1	25	-0.6	0.1	0.1	0.1	nothing radial to replace	
A	100	1	25	-0.6	0.1	0.25	0.25	nothing radial to replace	
A	100	1	25	-0.6	0.1	0.38	0.38	nothing radial to replace	
A	100	1	25	-0.6	0.1	0.5	0.396	nothing radial to replace	
A	100	1	25	-0.6	0.1	3	0.396	nothing radial to replace	
A	100	1	25	-0.5	0	0	0	nothing radial to replace	
A	100	1	25	-0.5	0	0.1	0.1	nothing radial to replace	
A	100	1	25	-0.5	0	0.25	0.25	nothing radial to replace	
A	100	1	25	-0.5	0	0.38	0.317	nothing radial to replace	
A	100	1	25	-0.5	0	0.5	0.317	nothing radial to replace	
A	100	1	25	-0.5	0	3	0.317	nothing radial to replace	
A	100	1	25	-0.5	0.1	0	0	nothing radial to replace	
A	100	1	25	-0.5	0.1	0.1	0.1	nothing radial to replace	
A	100	1	25	-0.5	0.1	0.25	0.25	nothing radial to replace	
A	100	1	25	-0.5	0.1	0.38	0.38	nothing radial to replace	
A	100	1	25	-0.5	0.1	0.5	0.396	nothing radial to replace	
A	100	1	25	-0.5	0.1	3	0.396	nothing radial to replace	
A	100	1	25	-0.2	0	0	0	nothing radial to replace	
A	100	1	25	-0.2	0	0.1	0.1	nothing radial to replace	
A	100	1	25	-0.2	0	0.25	0.25	nothing radial to replace	
A	100	1	25	-0.2	0	0.38	0.317	nothing radial to replace	
A	100	1	25	-0.2	0	0.5	0.317	nothing radial to replace	
A	100	1	25	-0.2	0	3	0.317	nothing radial to replace	
A	100	1	25	-0.2	0.1	0	0	nothing radial to replace	
A	100	1	25	-0.2	0.1	0.1	0.1	nothing radial to replace	
A	100	1	25	-0.2	0.1	0.25	0.25	nothing radial to replace	
A	100	1	25	-0.2	0.1	0.38	0.38	nothing radial to replace	
A	100	1	25	-0.2	0.1	0.5	0.396	nothing radial to replace	
A	100	1	25	-0.2	0.1	3	0.396	nothing radial to replace	
A	100	1	25	0	0	0	0	nothing radial to replace	
A	100	1	25	0	0	0.1	0.1	nothing radial to replace	
A	100	1	25	0	0	0.25	0.25	nothing radial to replace	
A	100	1	25	0	0	0.38	0.317	nothing radial to replace	
A	100	1	25	0	0	0.5	0.317	nothing radial to replace	
A	100	1	25	0	0	3	0.317	nothing radial to replace	
A	100	1	25	0	0.1	0	0	nothing radial to replace	
A	100	1	25	0	0.1	0.1	0.1	nothing radial to replace	
A	100	1	25	0	0.1	0.25	0.25	nothing radial to replace	
A	100	1	25	0	0.1	0.38	0.38	nothing radial to replace	
A	100	1	25	0	0.1	0.5	0.396	nothing radial to replace	
A	100	1	25	0	0.1	3	0.396	nothing radial to replace	
A	100	1	25	0.2	0	0	0	nothing radial to replace	
A	100	1	25	0.2	0	0.1	0.1	nothing radial to replace	
A	100	1	25	0.2	0	0.25	0.25	nothing radial to replace	
A	100	1	25	0.2	0	0.38	0.317	nothing radial to replace	
A	100	1	25	0.2	0	0.5	0.317	nothing radial to replace	
A	100	1	25	0.2	0	3	0.317	nothing radial to replace	
A	100	1	25	0.2	0.1	0	0	nothing radial to replace	
A	100	1	25	0.2	0.1	0.1	0.1	nothing radial to replace	
A	100	1	25	0.2	0.1	0.25	0.25	nothing radial to replace	
A	100	1	25	0.2	0.1	0.38	0.38	nothing radial to replace	
A	100	1	25	0.2	0.1	0.5	0.396	nothing radial to replace	
A	100	1	25	0.2	0.1	3	0.396	nothing radial to replace	
A	100	1	25	0.5	0	0	0	nothing radial to replace	
A	100	1	25	0.5	0	0.1	0.1	nothing radial to replace	
A	100	1	25	0.5	0	0.25	0.25	nothing radial to replace	
A	100	1	25	0.5	0	0.38	0.317	nothing radial to replace	
A	100	1	25	0.5	0	0.5	0.317	nothing radial to replace	
A	100	1	25	0.5	0	3	0.317	nothing radial to replace	
A	100	1	25	0.5	0.1	0	0	nothing radial to replace	
A	100	1	25	0.5	0.1	0.1	0.1	nothing radial to replace	
A	100	1	25	0.5	0.1	0.25	0.25	nothing radial to replace	
A	100	1	25	0.5	0.1	0.38	0.38	nothing radial to replace	
A	100	1	25	0.5	0.1	0.5	0.396	nothing radial to replace	
A	100	1	25	0.5	0.1	3	0.396	nothing radial to replace	
A	100	1	25	1	0	0	0	nothing radial to replace	
A	100	1	25	1	0	0.1	0.1	nothing radial to replace	
A	100	1	25	1	0	0.25	0.25	nothing radial to replace	
A	100	1	25	1	0	0.38	0.317	nothing radial to replace	
A	100	1	25	1	0	0.5	0.317	nothing radial to replace	
A	100	1	25	1	0	3	0.317	nothing radial to replace	
A	100	1	25	1	0.1	0	0	nothing radial to replace	
A	100	1	25	1	0.1	0.1	0.1	nothing radial to replace	
A	100	1	25	1	0.1	0.25	0.25	nothing radial to replace	
A	100	1	25	1	0.1	0.38	0.38	nothing radial to replace	
A	100	1	25	1	0.1	0.5	0.396	nothing radial to replace	
A	100	1	25	1	0.1	3	0.396	nothing radial to replace	
A	200	1	14.5	-0.6	0	0	0	nothing radial to replace	
A	200	1	14.5	-0.6	0	0.1	0.1	nothing radial to replace	
A	200	1	14.5	-0.6	0	0.25	0.25	nothing radial to replace	
A	200	1	14.5	-0.6	0	0.38	0.38	nothing radial to replace	
A	200	1	14.5	-0.6	0	0.5	0.5	nothing radial to replace	
A	200	1	14.5	-0.6	0	3	0.596	nothing radial to replace	
A	200	1	14.5	-0.6	0.1	0	0	nothing radial to replace	
A	200	1	14.5	-0.6	0.1	0.1	0.1	nothing radial to replace	
A	200	1	14.5	-0.6	0.1	0.25	0.25	nothing radial to replace	
A	200	1	14.5	-0.6	0.1	0.38	0.38	nothing radial to replace	
A	200	1	14.5	-0.6	0.1	0.5	0.5	nothing radial to replace	
A	200	1	14.5	-0.6	0.1	3	0.661	nothing radial to replace	
A	200	1	14.5	-0.5	0	0	0	nothing radial to replace	
A	200	1	14.5	-0.5	0	0.1	0.1	nothing radial to replace	
A	200	1	14.5	-0.5	0	0.25	0.25	nothing radial to replace	
A	200	1	14.5	-0.5	0	0.38	0.38	nothing radial to replace	
A	200	1	14.5	-0.5	0	0.5	0.5	nothing radial to replace	
A	200	1	14.5	-0.5	0	3	0.596	nothing radial to replace	
A	200	1	14.5	-0.5	0.1	0	0	nothing radial to replace	
A	200	1	14.5	-0.5	0.1	0.1	0.1	nothing radial to replace	
A	200	1	14.5	-0.5	0.1	0.25	0.25	nothing radial to replace	
A	200	1	14.5	-0.5	0.1	0.38	0.38	nothing radial to replace	
A	200	1	14.5	-0.5	0.1	0.5	0.5	nothing radial to replace	
A	200	1	14.5	-0.5	0.1	3	0.661	nothing radial to replace	
A	200	1	14.5	-0.2	0	0	0	nothing radial to replace	
A	200	1	14.5	-0.2	0	0.1	0.1	nothing radial to replace	
A	200	1	14.5	-0.2	0	0.25	0.25	nothing radial to replace	
A	200	1	14.5	-0.2	0	0.38	0.38	nothing radial to replace	
A	200	1	14.5	-0.2	0	0.5	0.5	nothing radial to replace	
A	200	1	14.5	-0.2	0	3	0.596	nothing radial to replace	
A	200	1	14.5	-0.2	0.1	0	0	nothing radial to replace	
A	200	1	14.5	-0.2	0.1	0.1	0.1	nothing radial to replace	
A	200	1	14.5	-0.2	0.1	0.25	0.25	nothing radial to replace	
A	200	1	14.5	-0.2	0.1	0.38	0.38	nothing radial to replace	
A	200	1	14.5	-0.2	0.1	0.5	0.5	nothing radial to replace	
A	200	1	14.5	-0.2	0.1	3	0.661	nothing radial to replace	
A	200	1	14.5	0	0	0	0	nothing radial to replace	
A	200	1	14.5	0	0	0.1	0.1	nothing radial to replace	
A	200	1	14.5	0	0	0.25	0.25	nothing radial to replace	
A	200	1	14.5	0	0	0.38	0.38	nothing radial to replace	
A	200	1	14.5	0	0	0.5	0.5	nothing radial to replace	
A	200	1	14.5	0	0	3	0.596	nothing radial to replace	
A	200	1	14.5	0	0.1	0	0	nothing radial to replace	
A	200	1	14.5	0	0.1	0.1	0.1	nothing radial to replace	
A	200	1	14.5	0	0.1	0.25	0.25	nothing radial to replace	
A	200	1	14.5	0	0.1	0.38	0.38	nothing radial to replace	
A	200	1	14.5	0	0.1	0.5	0.5	nothing radial to replace	
A	200	1	14.5	0	0.1	3	0.661	nothing radial to replace	
A	200	1	14.5	0.2	0	0	0	nothing radial to replace	
A	200	1	14.5	0.2	0	0.1	0.1	nothing radial to replace	
A	200	1	14.5	0.2	0	0.25	0.25	nothing radial to replace	
A	200	1	14.5	0.2	0	0.38	0.38	nothing radial to replace	
A	200	1	14.5	0.2	0	0.5	0.5	nothing radial to replace	
A	200	1	14.5	0.2	0	3	0.596	nothing radial to replace	
A	200	1	14.5	0.2	0.1	0	0	nothing radial to replace	
A	200	1	14.5	0.2	0.1	0.1	0.1	nothing radial to replace	
A	200	1	14.5	0.2	0.1	0.25	0.25	nothing radial to replace	
A	200	1	14.5	0.2	0.1	0.38	0.38	nothing radial to replace	
A	200	1	14.5	0.2	0.1	0.5	0.5	nothing radial to replace	
A	200	1	14.5	0.2	0.1	3	0.661	nothing radial to replace	
A	200	1	14.5	0.5	0	0	0	nothing radial to replace	
A	200	1	14.5	0.5	0	0.1	0.1	nothing radial to replace	
A	200	1	14.5	0.5	0	0.25	0.25	nothing radial to replace	
A	200	1	14.5	0.5	0	0.38	0.38	nothing radial to replace	
A	200	1	14.5	0.5	0	0.5	0.5	nothing radial to replace	
A	200	1	14.5	0.5	0	3	0.596	nothing radial to replace	
A	200	1	14.5	0.5	0.1	0	0	nothing radial to replace	
A	200	1	14.5	0.5	0.1	0.1	0.1	nothing radial to replace	
A	200	1	14.5	0.5	0.1	0.25	0.25	nothing radial to replace	
A	200	1	14.5	0.5	0.1	0.38	0.38	nothing radial to replace	
A	200	1	14.5	0.5	0.1	0.5	0.5	nothing radial to replace	
A	200	1	14.5	0.5	0.1	3	0.661	nothing radial to replace	
A	200	1	14.5	1	0	0	0	nothing radial to replace	
A	200	1	14.5	1	0	0.1	0.1	nothing radial to replace	
A	200	1	14.5	1	0	0.25	0.25	nothing radial to replace	
A	200	1	14.5	1	0	0.38	0.38	nothing radial to replace	
A	200	1	14.5	1	0	0.5	0.5	nothing radial to replace	
A	200	1	14.5	1	0	3	0.596	nothing radial to replace	
A	200	1	14.5	1	0.1	0	0	nothing radial to replace	
A	200	1	14.5	1	0.1	0.1	0.1	nothing radial to replace	
A	200	1	14.5	1	0.1	0.25	0.25	nothing radial to replace	
A	200	1	14.5	1	0.1	0.38	0.38	nothing radial to replace	
A	200	1	14.5	1	0.1	0.5	0.5	nothing radial to replace	
A	200	1	14.5	1	0.1	3	0.661	nothing radial to replace	
A	200	1	20	-0.6	0	0	0	nothing radial to replace	
A	200	1	20	-0.6	0	0.1	0.1	nothing radial to replace	
A	200	1	20	-0.6	0	0.25	0.25	nothing radial to replace	
A	200	1	20	-0.6	0	0.38	0.38	nothing radial to replace	
A	200	1	20	-0.6	0	0.5	0.471	nothing radial to replace	
A	200	1	20	-0.6	0	3	0.471	nothing radial to replace	
A	200	1	20	-0.6	0.1	0	0	nothing radial to replace	
A	200	1	20	-0.6	0.1	0.1	0.1	nothing radial to replace	
A	200	1	20	-0.6	0.1	0.25	0.25	nothing radial to replace	
A	200	1	20	-0.6	0.1	0.38	0.38	nothing radial to replace	
A	200	1	20	-0.6	0.1	0.5	0.5	nothing radial to replace	
A	200	1	20	-0.6	0.1	3	0.543	nothing radial to replace	
A	200	1	20	-0.5	0	0	0	nothing radial to replace	
A	200	1	20	-0.5	0	0.1	0.1	nothing radial to replace	
A	200	1	20	-0.5	0	0.25	0.25	nothing radial to replace	
A	200	1	20	-0.5	0	0.38	0.38	nothing radial to replace	
A	200	1	20	-0.5	0	0.5	0.471	nothing radial to replace	
A	200	1	20	-0.5	0	3	0.471	nothing radial to replace	
A	200	1	20	-0.5	0.1	0	0	nothing radial to replace	
A	200	1	20	-0.5	0.1	0.1	0.1	nothing radial to replace	
A	200	1	20	-0.5	0.1	0.25	0.25	nothing radial to replace	
A	200	1	20	-0.5	0.1	0.38	0.38	nothing radial to replace	
A	200	1	20	-0.5	0.1	0.5	0.5	nothing radial to replace	
A	200	1	20	-0.5	0.1	3	0.543	nothing radial to replace	
A	200	1	20	-0.2	0	0	0	nothing radial to replace	
A	200	1	20	-0.2	0	0.1	0.1	nothing radial to replace	
A	200	1	20	-0.2	0	0.25	0.25	nothing radial to replace	
A	200	1	20	-0.2	0	0.38	0.38	nothing radial to replace	
A	200	1	20	-0.2	0	0.5	0.471	nothing radial to replace	
A	200	1	20	-0.2	0	3	0.471	nothing radial to replace	
A	200	1	20	-0.2	0.1	0	0	nothing radial to replace	
A	200	1	20	-0.2	0.1	0.1	0.1	nothing radial to replace	
A	200	1	20	-0.2	0.1	0.25	0.25	nothing radial to replace	
A	200	1	20	-0.2	0.1	0.38	0.38	nothing radial to replace	
A	200	1	20	-0.2	0.1	0.5	0.5	nothing radial to replace	
A	200	1	20	-0.2	0.1	3	0.543	nothing radial to replace	
A	200	1	20	0	0	0	0	nothing radial to replace	
A	200	1	20	0	0	0.1	0.1	nothing radial to replace	
A	200	1	20	0	0	0.25	0.25	nothing radial to replace	
A	200	1	20	0	0	0.38	0.38	nothing radial to replace	
A	200	1	20	0	0	0.5	0.471	nothing radial to replace	
A	200	1	20	0	0	3	0.471	nothing radial to replace	
A	200	1	20	0	0.1	0	0	nothing radial to replace	
A	200	1	20	0	0.1	0.1	0.1	nothing radial to replace	
A	200	1	20	0	0.1	0.25	0.25	nothing radial to replace	
A	200	1	20	0	0.1	0.38	0.38	nothing radial to replace	
A	200	1	20	0	0.1	0.5	0.5	nothing radial to replace	
A	200	1	20	0	0.1	3	0.543	nothing radial to replace	
A	200	1	20	0.2	0	0	0	nothing radial to replace	
A	200	1	20	0.2	0	0.1	0.1	nothing radial to replace	
A	200	1	20	0.2	0	0.25	0.25	nothing radial to replace	
A	200	1	20	0.2	0	0.38	0.38	nothing radial to replace	
A	200	1	20	0.2	0	0.5	0.471	nothing radial to replace	
A	200	1	20	0.2	0	3	0.471	nothing radial to replace	
A	200	1	20	0.2	0.1	0	0	nothing radial to replace	
A	200	1	20	0.2	0.1	0.1	0.1	nothing radial to replace	
A	200	1	20	0.2	0.1	0.25	0.25	nothing radial to replace	
A	200	1	20	0.2	0.1	0.38	0.38	nothing radial to replace	
A	200	1	20	0.2	0.1	0.5	0.5	nothing radial to replace	
A	200	1	20	0.2	0.1	3	0.543	nothing radial to replace	
A	200	1	20	0.5	0	0	0	nothing radial to replace	
A	200	1	20	0.5	0	0.1	0.1	nothing radial to replace	
A	200	1	20	0.5	0	0.25	0.25	nothing radial to replace	
A	200	1	20	0.5	0	0.38	0.38	nothing radial to replace	
A	200	1	20	0.5	0	0.5	0.471	nothing radial to replace	
A	200	1	20	0.5	0	3	0.471	nothing radial to replace	
A	200	1	20	0.5	0.1	0	0	nothing radial to replace	
A	200	1	20	0.5	0.1	0.1	0.1	nothing radial to replace	
A	200	1	20	0.5	0.1	0.25	0.25	nothing radial to replace	
A	200	1	20	0.5	0.1	0.38	0.38	nothing radial to replace	
A	200	1	20	0.5	0.1	0.5	0.5	nothing radial to replace	
A	200	1	20	0.5	0.1	3	0.543	nothing radial to replace	
A	200	1	20	1	0	0	0	nothing radial to replace	
A	200	1	20	1	0	0.1	0.1	nothing radial to replace	
A	200	1	20	1	0	0.25	0.25	nothing radial to replace	
A	200	1	20	1	0	0.38	0.38	nothing radial to replace	
A	200	1	20	1	0	0.5	0.471	nothing radial to replace	
A	200	1	20	1	0	3	0.471	nothing radial to replace	
A	200	1	20	1	0.1	0	0	nothing radial to replace	
A	200	1	20	1	0.1	0.1	0.1	nothing radial to replace	
A	200	1	20	1	0.1	0.25	0.25	nothing radial to replace	
A	200	1	20	1	0.1	0.38	0.38	nothing radial to replace	
A	200	1	20	1	0.1	0.5	0.5	nothing radial to replace	
A	200	1	20	1	0.1	3	0.543	nothing radial to replace	
A	200	1	25	-0.6	0	0	0	nothing radial to replace	
A	200	1	25	-0.6	0	0.1	0.1	nothing radial to replace	
A	200	1	25	-0.6	0	0.25	0.25	nothing radial to replace	
A	200	1	25	-0.6	0	0.38	0.317	nothing radial to replace	
A	200	1	25	-0.6	0	0.5	0.317	nothing radial to replace	
A	200	1	25	-0.6	0	3	0.317	nothing radial to replace	
A	200	1	25	-0.6	0.1	0	0	nothing radial to replace	
A	200	1	25	-0.6	0.1	0.1	0.1	nothing radial to replace	
A	200	1	25	-0.6	0.1	0.25	0.25	nothing radial to replace	
A	200	1	25	-0.6	0.1	0.38	0.38	nothing radial to replace	
A	200	1	25	-0.6	0.1	0.5	0.396	nothing radial to replace	
A	200	1	25	-0.6	0.1	3	0.396	nothing radial to replace	
A	200	1	25	-0.5	0	0	0	nothing radial to replace	
A	200	1	25	-0.5	0	0.1	0.1	nothing radial to replace	
A	200	1	25	-0.5	0	0.25	0.25	nothing radial to replace	
A	200	1	25	-0.5	0	0.38	0.317	nothing radial to replace	
A	200	1	25	-0.5	0	0.5	0.317	nothing radial to replace	
A	200	1	25	-0.5	0	3	0.317	nothing radial to replace	
A	200	1	25	-0.5	0.1	0	0	nothing radial to replace	
A	200	1	25	-0.5	0.1	0.1	0.1	nothing radial to replace	
A	200	1	25	-0.5	0.1	0.25	0.25	nothing radial to replace	
A	200	1	25	-0.5	0.1	0.38	0.38	nothing radial to replace	
A	200	1	25	-0.5	0.1	0.5	0.396	nothing radial to replace	
A	200	1	25	-0.5	0.1	3	0.396	nothing radial to replace	
A	200	1	25	-0.2	0	0	0	nothing radial to replace	
A	200	1	25	-0.2	0	0.1	0.1	nothing radial to replace	
A	200	1	25	-0.2	0	0.25	0.25	nothing radial to replace	
A	200	1	25	-0.2	0	0.38	0.317	nothing radial to replace	
A	200	1	25	-0.2	0	0.5	0.317	nothing radial to replace	
A	200	1	25	-0.2	0	3	0.317	nothing radial to replace	
A	200	1	25	-0.2	0.1	0	0	nothing radial to replace	
A	200	1	25	-0.2	0.1	0.1	0.1	nothing radial to replace	
A	200	1	25	-0.2	0.1	0.25	0.25	nothing radial to replace	
A	200	1	25	-0.2	0.1	0.38	0.38	nothing radial to replace	
A	200	1	25	-0.2	0.1	0.5	0.396	nothing radial to replace	
A	200	1	25	-0.2	0.1	3	0.396	nothing radial to replace	
A	200	1	25	0	0	0	0	nothing radial to replace	
A	200	1	25	0	0	0.1	0.1	nothing radial to replace	
A	200	1	25	0	0	0.25	0.25	nothing radial to replace	
A	200	1	25	0	0	0.38	0.317	nothing radial to replace	
A	200	1	25	0	0	0.5	0.317	nothing radial to replace	
A	200	1	25	0	0	3	0.317	nothing radial to replace	
A	200	1	25	0	0.1	0	0	nothing radial to replace	
A	200	1	25	0	0.1	0.1	0.1	nothing radial to replace	
A	200	1	25	0	0.1	0.25	0.25	nothing radial to replace	
A	200	1	25	0	0.1	0.38	0.38	nothing radial to replace	
A	200	1	25	0	0.1	0.5	0.396	nothing radial to replace	
A	200	1	25	0	0.1	3	0.396	nothing radial to replace	
A	200	1	25	0.2	0	0	0	nothing radial to replace	
A	200	1	25	0.2	0	0.1	0.1	nothing radial to replace	
A	200	1	25	0.2	0	0.25	0.25	nothing radial to replace	
A	200	1	25	0.2	0	0.38	0.317	nothing radial to replace	
A	200	1	25	0.2	0	0.5	0.317	nothing radial to replace	
A	200	1	25	0.2	0	3	0.317	nothing radial to replace	
A	200	1	25	0.2	0.1	0	0	nothing radial to replace	
A	200	1	25	0.2	0.1	0.1	0.1	nothing radial to replace	
A	200	1	25	0.2	0.1	0.25	0.25	nothing radial to replace	
A	200	1	25	0.2	0.1	0.38	0.38	nothing radial to replace	
A	200	1	25	0.2	0.1	0.5	0.396	nothing radial to replace	
A	200	1	25	0.2	0.1	3	0.396	nothing radial to replace	
A	200	1	25	0.5	0	0	0	nothing radial to replace	
A	200	1	25	0.5	0	0.1	0.1	nothing radial to replace	
A	200	1	25	0.5	0	0.25	0.25	nothing radial to replace	
A	200	1	25	0.5	0	0.38	0.317	nothing radial to replace	
A	200	1	25	0.5	0	0.5	0.317	nothing radial to replace	
A	200	1	25	0.5	0	3	0.317	nothing radial to replace	
A	200	1	25	0.5	0.1	0	0	nothing radial to replace	
A	200	1	25	0.5	0.1	0.1	0.1	nothing radial to replace	
A	200	1	25	0.5	0.1	0.25	0.25	nothing radial to replace	
A	200	1	25	0.5	0.1	0.38	0.38	nothing radial to replace	
A	200	1	25	0.5	0.1	0.5	0.396	nothing radial to replace	
A	200	1	25	0.5	0.1	3	0.396	nothing radial to replace	
A	200	1	25	1	0	0	0	nothing radial to replace	
A	200	1	25	1	0	0.1	0.1	nothing radial to replace	
A	200	1	25	1	0	0.25	0.25	nothing radial to replace	
A	200	1	25	1	0	0.38	0.317	nothing radial to replace	
A	200	1	25	1	0	0.5	0.317	nothing radial to replace	
A	200	1	25	1	0	3	0.317	nothing radial to replace	
A	200	1	25	1	0.1	0	0	nothing radial to replace	
A	200	1	25	1	0.1	0.1	0.1	nothing radial to replace	
A	200	1	25	1	0.1	0.25	0.25	nothing radial to replace	
A	200	1	25	1	0.1	0.38	0.38	nothing radial to replace	
A	200	1	25	1	0.1	0.5	0.396	nothing radial to replace	
A	200	1	25	1	0.1	3	0.396	nothing radial to replace	
B	8	0.2	14.5	-0.6	0.1	0	0	tooth severed	-0.0346036
B	8	0.2	14.5	-0.6	0.1	0.05	0.05	tooth severed	-0.013871
B	8	0.2	20	-0.6	0.1	0	0	tooth severed	-0.00168091
B	8	0.2	32.5	-0.6	0	0	0	tip land gone	
B	8	0.2	32.5	-0.6	0	0.05	0	tip land gone	
B	8	0.2	32.5	-0.6	0	0.1	0	tip land gone	
B	8	0.2	32.5	-0.6	0	0.5	0	tip land gone	
B	8	0.2	32.5	-0.6	0	3	0	tip land gone	
B	9	0.2	14.5	-0.6	0.1	0	0	tooth severed	-0.0131833
B	9	0.2	32.5	-0.6	0	0	0	tip land gone	
B	9	0.2	32.5	-0.6	0	0.05	0	tip land gone	
B	9	0.2	32.5	-0.6	0	0.1	0	tip land gone	
B	9	0.2	32.5	-0.6	0	0.5	0	tip land gone	
B	9	0.2	32.5	-0.6	0	3	0	tip land gone	
B	10	0.2	32.5	-0.6	0	0	0	tip land gone	
B	10	0.2	32.5	-0.6	0	0.05	0	tip land gone	
B	10	0.2	32.5	-0.6	0	0.1	0	tip land gone	
B	10	0.2	32.5	-0.6	0	0.5	0	tip land gone	
B	10	0.2	32.5	-0.6	0	3	0	tip land gone	
B	12	0.2	32.5	-0.6	0	0	0	tip land gone	
B	12	0.2	32.5	-0.6	0	0.05	0	tip land gone	
B	12	0.2	32.5	-0.6	0	0.1	0	tip land gone	
B	12	0.2	32.5	-0.6	0	0.5	0	tip land gone	
B	12	0.2	32.5	-0.6	0	3	0	tip land gone	
B	12	0.2	33	-0.6	0	0	0	tip land gone	
B	12	0.2	33	-0.6	0	0.05	0	tip land gone	
B	12	0.2	33	-0.6	0	0.1	0	tip land gone	
B	12	0.2	33	-0.6	0	0.5	0	tip land gone	
B	12	0.2	33	-0.6	0	3	0	tip land gone	
B	14	0.2	32.5	-0.6	0	0	0	tip land gone	
B	14	0.2	32.5	-0.6	0	0.05	0	tip land gone	
B	14	0.2	32.5	-0.6	0	0.1	0	tip land gone	
B	14	0.2	32.5	-0.6	0	0.5	0	tip land gone	
B	14	0.2	32.5	-0.6	0	3	0	tip land gone	
B	14	0.2	33	-0.6	0	0	0	tip land gone	
B	14	0.2	33	-0.6	0	0.05	0	tip land gone	
B	14	0.2	33	-0.6	0	0.1	0	tip land gone	
B	14	0.2	33	-0.6	0	0.5	0	tip land gone	
B	14	0.2	33	-0.6	0	3	0	tip land gone	
B	17	0.2	32.5	-0.6	0	0	0	tip land gone	
B	17	0.2	32.5	-0.6	0	0.05	0	tip land gone	
B	17	0.2	32.5	-0.6	0	0.1	0	tip land gone	
B	17	0.2	32.5	-0.6	0	0.5	0	tip land gone	
B	17	0.2	32.5	-0.6	0	3	0	tip land gone	
B	17	0.2	33	-0.6	0	0	0	tip land gone	
B	17	0.2	33	-0.6	0	0.05	0	tip land gone	
B	17	0.2	33	-0.6	0	0.1	0	tip land gone	
B	17	0.2	33	-0.6	0	0.5	0	tip land gone	
B	17	0.2	33	-0.6	0	3	0	tip land gone	
B	18	0.2	32.5	-0.6	0	0	0	tip land gone	
B	18	0.2	32.5	-0.6	0	0.05	0	tip land gone	
B	18	0.2	32.5	-0.6	0	0.1	0	tip land gone	
B	18	0.2	32.5	-0.6	0	0.5	0	tip land gone	
B	18	0.2	32.5	-0.6	0	3	0	tip land gone	
B	18	0.2	33	-0.6	0	0	0	tip land gone	
B	18	0.2	33	-0.6	0	0.05	0	tip land gone	
B	18	0.2	33	-0.6	0	0.1	0	tip land gone	
B	18	0.2	33	-0.6	0	0.5	0	tip land gone	
B	18	0.2	33	-0.6	0	3	0	tip land gone	
B	20	0.2	30	0	0	0	0	nothing radial to replace	
B	20	0.2	30	0	0	0.05	0.022	nothing radial to replace	
B	20	0.2	30	0	0	0.1	0.022	nothing radial to replace	
B	20	0.2	30	0	0	0.5	0.022	nothing radial to replace	
B	20	0.2	30	0	0	3	0.022	nothing radial to replace	
B	20	0.2	32.5	-0.6	0	0	0	tip land gone	
B	20	0.2	32.5	-0.6	0	0.05	0	tip land gone	
B	20	0.2	32.5	-0.6	0	0.1	0	tip land gone	
B	20	0.2	32.5	-0.6	0	0.5	0	tip land gone	
B	20	0.2	32.5	-0.6	0	3	0	tip land gone	
B	20	0.2	33	-0.6	0	0	0	tip land gone	
B	20	0.2	33	-0.6	0	0.05	0	tip land gone	
B	20	0.2	33	-0.6	0	0.1	0	tip land gone	
B	20	0.2	33	-0.6	0	0.5	0	tip land gone	
B	20	0.2	33	-0.6	0	3	0	tip land gone	
B	25	0.2	14.5	1	0	0	0	nothing radial to replace	
B	25	0.2	14.5	1	0	0.05	0.05	nothing radial to replace	
B	25	0.2	14.5	1	0	0.1	0.1	nothing radial to replace	
B	25	0.2	14.5	1	0	0.5	0.119	nothing radial to replace	
B	25	0.2	14.5	1	0	3	0.119	nothing radial to replace	
B	25	0.2	20	1	0	0	0	nothing radial to replace	
B	25	0.2	20	1	0	0.05	0.05	nothing radial to replace	
B	25	0.2	20	1	0	0.1	0.094	nothing radial to replace	
B	25	0.2	20	1	0	0.5	0.094	nothing radial to replace	
B	25	0.2	20	1	0	3	0.094	nothing radial to replace	
B	25	0.2	30	0	0	0	0	nothing radial to replace	
B	25	0.2	30	0	0	0.05	0.022	nothing radial to replace	
B	25	0.2	30	0	0	0.1	0.022	nothing radial to replace	
B	25	0.2	30	0	0	0.5	0.022	nothing radial to replace	
B	25	0.2	30	0	0	3	0.022	nothing radial to replace	
B	25	0.2	32	-0.6	0	0	0	nothing radial to replace	
B	25	0.2	32	-0.6	0	0.05	0.001	nothing radial to replace	
B	25	0.2	32	-0.6	0	0.1	0.001	nothing radial to replace	
B	25	0.2	32	-0.6	0	0.5	0.001	nothing radial to replace	
B	25	0.2	32	-0.6	0	3	0.001	nothing radial to replace	
B	25	0.2	32.5	-0.6	0	0	0	nothing radial to replace	
B	25	0.2	32.5	-0.6	0	0.05	0	nothing radial to replace	
B	25	0.2	32.5	-0.6	0	0.1	0	nothing radial to replace	
B	25	0.2	32.5	-0.6	0	0.5	0	nothing radial to replace	
B	25	0.2	32.5	-0.6	0	3	0	nothing radial to replace	
B	25	0.2	33	-0.6	0	0	0	nothing radial to replace	
B	25	0.2	33	-0.6	0	0.05	0	nothing radial to replace	
B	25	0.2	33	-0.6	0	0.1	0	nothing radial to replace	
B	25	0.2	33	-0.6	0	0.5	0	nothing radial to replace	
B	25	0.2	33	-0.6	0	3	0	nothing radial to replace	
B	30	0.2	14.5	1	0	0	0	nothing radial to replace	
B	30	0.2	14.5	1	0	0.05	0.05	nothing radial to replace	
B	30	0.2	14.5	1	0	0.1	0.1	nothing radial to replace	
B	30	0.2	14.5	1	0	0.5	0.119	nothing radial to replace	
B	30	0.2	14.5	1	0	3	0.119	nothing radial to replace	
B	30	0.2	20	1	0	0	0	nothing radial to replace	
B	30	0.2	20	1	0	0.05	0.05	nothing radial to replace	
B	30	0.2	20	1	0	0.1	0.094	nothing radial to replace	
B	30	0.2	20	1	0	0.5	0.094	nothing radial to replace	
B	30	0.2	20	1	0	3	0.094	nothing radial to replace	
B	30	0.2	25	0	0	0	0	nothing radial to replace	
B	30	0.2	25	0	0	0.05	0.05	nothing radial to replace	
B	30	0.2	25	0	0	0.1	0.063	nothing radial to replace	
B	30	0.2	25	0	0	0.5	0.063	nothing radial to replace	
B	30	0.2	25	0	0	3	0.063	nothing radial to replace	
B	30	0.2	30	-0.6	0	0	0	nothing radial to replace	
B	30	0.2	30	-0.6	0	0.05	0.022	nothing radial to replace	
B	30	0.2	30	-0.6	0	0.1	0.022	nothing radial to replace	
B	30	0.2	30	-0.6	0	0.5	0.022	nothing radial to replace	
B	30	0.2	30	-0.6	0	3	0.022	nothing radial to replace	
B	30	0.2	30	0	0	0	0	nothing radial to replace	
B	30	0.2	30	0	0	0.05	0.022	nothing radial to replace	
B	30	0.2	30	0	0	0.1	0.022	nothing radial to replace	
B	30	0.2	30	0	0	0.5	0.022	nothing radial to replace	
B	30	0.2	30	0	0	3	0.022	nothing radial to replace	
B	30	0.2	32	-0.6	0	0	0	nothing radial to replace	
B	30	0.2	32	-0.6	0	0.05	0.001	nothing radial to replace	
B	30	0.2	32	-0.6	0	0.1	0.001	nothing radial to replace	
B	30	0.2	32	-0.6	0	0.5	0.001	nothing radial to replace	
B	30	0.2	32	-0.6	0	3	0.001	nothing radial to replace	
B	30	0.2	32.5	-0.6	0	0	0	nothing radial to replace	
B	30	0.2	32.5	-0.6	0	0.05	0	nothing radial to replace	
B	30	0.2	32.5	-0.6	0	0.1	0	nothing radial to replace	
B	30	0.2	32.5	-0.6	0	0.5	0	nothing radial to replace	
B	30	0.2	32.5	-0.6	0	3	0	nothing radial to replace	
B	30	0.2	33	-0.6	0	0	0	nothing radial to replace	
B	30	0.2	33	-0.6	0	0.05	0	nothing radial to replace	
B	30	0.2	33	-0.6	0	0.1	0	nothing radial to replace	
B	30	0.2	33	-0.6	0	0.5	0	nothing radial to replace	
B	30	0.2	33	-0.6	0	3	0	nothing radial to replace	
B	40	0.2	14.5	1	0	0	0	nothing radial to replace	
B	40	0.2	14.5	1	0	0.05	0.05	nothing radial to replace	
B	40	0.2	14.5	1	0	0.1	0.1	nothing radial to replace	
B	40	0.2	14.5	1	0	0.5	0.119	nothing radial to replace	
B	40	0.2	14.5	1	0	3	0.119	nothing radial to replace	
B	40	0.2	20	1	0	0	0	nothing radial to replace	
B	40	0.2	20	1	0	0.05	0.05	nothing radial to replace	
B	40	0.2	20	1	0	0.1	0.094	nothing radial to replace	
B	40	0.2	20	1	0	0.5	0.094	nothing radial to replace	
B	40	0.2	20	1	0	3	0.094	nothing radial to replace	
B	40	0.2	25	-0.6	0	0	0	nothing radial to replace	
B	40	0.2	25	-0.6	0	0.05	0.05	nothing radial to replace	
B	40	0.2	25	-0.6	0	0.1	0.063	nothing radial to replace	
B	40	0.2	25	-0.6	0	0.5	0.063	nothing radial to replace	
B	40	0.2	25	-0.6	0	3	0.063	nothing radial to replace	
B	40	0.2	25	0	0	0	0	nothing radial to replace	
B	40	0.2	25	0	0	0.05	0.05	nothing radial to replace	
B	40	0.2	25	0	0	0.1	0.063	nothing radial to replace	
B	40	0.2	25	0	0	0.5	0.063	nothing radial to replace	
B	40	0.2	25	0	0	3	0.063	nothing radial to replace	
B	40	0.2	25	1	0	0	0	nothing radial to replace	
B	40	0.2	25	1	0	0.05	0.05	nothing radial to replace	
B	40	0.2	25	1	0	0.1	0.063	nothing radial to replace	
B	40	0.2	25	1	0	0.5	0.063	nothing radial to replace	
B	40	0.2	25	1	0	3	0.063	nothing radial to replace	
B	40	0.2	30	-0.6	0	0	0	nothing radial to replace	
B	40	0.2	30	-0.6	0	0.05	0.022	nothing radial to replace	
B	40	0.2	30	-0.6	0	0.1	0.022	nothing radial to replace	
B	40	0.2	30	-0.6	0	0.5	0.022	nothing radial to replace	
B	40	0.2	30	-0.6	0	3	0.022	nothing radial to replace	
B	40	0.2	30	0	0	0	0	nothing radial to replace	
B	40	0.2	30	0	0	0.05	0.022	nothing radial to replace	
B	40	0.2	30	0	0	0.1	0.022	nothing radial to replace	
B	40	0.2	30	0	0	0.5	0.022	nothing radial to replace	
B	40	0.2	30	0	0	3	0.022	nothing radial to replace	
B	40	0.2	32	-0.6	0	0	0	nothing radial to replace	
B	40	0.2	32	-0.6	0	0.05	0.001	nothing radial to replace	
B	40	0.2	32	-0.6	0	0.1	0.001	nothing radial to replace	
B	40	0.2	32	-0.6	0	0.5	0.001	nothing radial to replace	
B	40	0.2	32	-0.6	0	3	0.001	nothing radial to replace	
B	40	0.2	32.5	-0.6	0	0	0	nothing radial to replace	
B	40	0.2	32.5	-0.6	0	0.05	0	nothing radial to replace	
B	40	0.2	32.5	-0.6	0	0.1	0	nothing radial to replace	
B	40	0.2	32.5	-0.6	0	0.5	0	nothing radial to replace	
B	40	0.2	32.5	-0.6	0	3	0	nothing radial to replace	
B	60	0.2	14.5	1	0	0	0	nothing radial to replace	
B	60	0.2	14.5	1	0	0.05	0.05	nothing radial to replace	
B	60	0.2	14.5	1	0	0.1	0.1	nothing radial to replace	
B	60	0.2	14.5	1	0	0.5	0.119	nothing radial to replace	
B	60	0.2	14.5	1	0	3	0.119	nothing radial to replace	
B	60	0.2	20	0	0	0	0	nothing radial to replace	
B	60	0.2	20	0	0	0.05	0.05	nothing radial to replace	
B	60	0.2	20	0	0	0.1	0.094	nothing radial to replace	
B	60	0.2	20	0	0	0.5	0.094	nothing radial to replace	
B	60	0.2	20	0	0	3	0.094	nothing radial to replace	
B	60	0.2	20	0	0.1	0	0	nothing radial to replace	
B	60	0.2	20	0	0.1	0.05	0.05	nothing radial to replace	
B	60	0.2	20	0	0.1	0.1	0.1	nothing radial to replace	
B	60	0.2	20	0	0.1	0.5	0.165	nothing radial to replace	
B	60	0.2	20	0	0.1	3	0.165	nothing radial to replace	
B	60	0.2	20	1	0	0	0	nothing radial to replace	
B	60	0.2	20	1	0	0.05	0.05	nothing radial to replace	
B	60	0.2	20	1	0	0.1	0.094	nothing radial to replace	
B	60	0.2	20	1	0	0.5	0.094	nothing radial to replace	
B	60	0.2	20	1	0	3	0.094	nothing radial to replace	
B	60	0.2	25	-0.6	0	0	0	nothing radial to replace	
B	60	0.2	25	-0.6	0	0.05	0.05	nothing radial to replace	
B	60	0.2	25	-0.6	0	0.1	0.063	nothing radial to replace	
B	60	0.2	25	-0.6	0	0.5	0.063	nothing radial to replace	
B	60	0.2	25	-0.6	0	3	0.063	nothing radial to replace	
B	60	0.2	25	0	0	0	0	nothing radial to replace	
B	60	0.2	25	0	0	0.05	0.05	nothing radial to replace	
B	60	0.2	25	0	0	0.1	0.063	nothing radial to replace	
B	60	0.2	25	0	0	0.5	0.063	nothing radial to replace	
B	60	0.2	25	0	0	3	0.063	nothing radial to replace	
B	60	0.2	25	1	0	0	0	nothing radial to replace	
B	60	0.2	25	1	0	0.05	0.05	nothing radial to replace	
B	60	0.2	25	1	0	0.1	0.063	nothing radial to replace	
B	60	0.2	25	1	0	0.5	0.063	nothing radial to replace	
B	60	0.2	25	1	0	3	0.063	nothing radial to replace	
B	60	0.2	30	-0.6	0	0	0	nothing radial to replace	
B	60	0.2	30	-0.6	0	0.05	0.022	nothing radial to replace	
B	60	0.2	30	-0.6	0	0.1	0.022	nothing radial to replace	
B	60	0.2	30	-0.6	0	0.5	0.022	nothing radial to replace	
B	60	0.2	30	-0.6	0	3	0.022	nothing radial to replace	
B	100	0.2	14.5	0	0	0	0	nothing radial to replace	
B	100	0.2	14.5	0	0	0.05	0.05	nothing radial to replace	
B	100	0.2	14.5	0	0	0.1	0.1	nothing radial to replace	
B	100	0.2	14.5	0	0	0.5	0.119	nothing radial to replace	
B	100	0.2	14.5	0	0	3	0.119	nothing radial to replace	
B	100	0.2	14.5	0	0.1	0	0	nothing radial to replace	
B	100	0.2	14.5	0	0.1	0.05	0.05	nothing radial to replace	
B	100	0.2	14.5	0	0.1	0.1	0.1	nothing radial to replace	
B	100	0.2	14.5	0	0.1	0.5	0.183	nothing radial to replace	
B	100	0.2	14.5	0	0.1	3	0.183	nothing radial to replace	
B	100	0.2	14.5	1	0	0	0	nothing radial to replace	
B	100	0.2	14.5	1	0	0.05	0.05	nothing radial to replace	
B	100	0.2	14.5	1	0	0.1	0.1	nothing radial to replace	
B	100	0.2	14.5	1	0	0.5	0.119	nothing radial to replace	
B	100	0.2	14.5	1	0	3	0.119	nothing radial to replace	
B	100	0.2	14.5	1	0.1	0	0	nothing radial to replace	
B	100	0.2	14.5	1	0.1	0.05	0.05	nothing radial to replace	
B	100	0.2	14.5	1	0.1	0.1	0.1	nothing radial to replace	
B	100	0.2	14.5	1	0.1	0.5	0.183	nothing radial to replace	
B	100	0.2	14.5	1	0.1	3	0.183	nothing radial to replace	
B	100	0.2	20	-0.6	0	0	0	nothing radial to replace	
B	100	0.2	20	-0.6	0	0.05	0.05	nothing radial to replace	
B	100	0.2	20	-0.6	0	0.1	0.094	nothing radial to replace	
B	100	0.2	20	-0.6	0	0.5	0.094	nothing radial to replace	
B	100	0.2	20	-0.6	0	3	0.094	nothing radial to replace	
B	100	0.2	20	-0.6	0.1	0	0	nothing radial to replace	
B	100	0.2	20	-0.6	0.1	0.05	0.05	nothing radial to replace	
B	100	0.2	20	-0.6	0.1	0.1	0.1	nothing radial to replace	
B	100	0.2	20	-0.6	0.1	0.5	0.165	nothing radial to replace	
B	100	0.2	20	-0.6	0.1	3	0.165	nothing radial to replace	
B	100	0.2	20	0	0	0	0	nothing radial to replace	
B	100	0.2	20	0	0	0.05	0.05	nothing radial to replace	
B	100	0.2	20	0	0	0.1	0.094	nothing radial to replace	
B	100	0.2	20	0	0	0.5	0.094	nothing radial to replace	
B	100	0.2	20	0	0	3	0.094	nothing radial to replace	
B	100	0.2	20	0	0.1	0	0	nothing radial to replace	
B	100	0.2	20	0	0.1	0.05	0.05	nothing radial to replace	
B	100	0.2	20	0	0.1	0.1	0.1	nothing radial to replace	
B	100	0.2	20	0	0.1	0.5	0.165	nothing radial to replace	
B	100	0.2	20	0	0.1	3	0.165	nothing radial to replace	
B	100	0.2	20	1	0	0	0	nothing radial to replace	
B	100	0.2	20	1	0	0.05	0.05	nothing radial to replace	
B	100	0.2	20	1	0	0.1	0.094	nothing radial to replace	
B	100	0.2	20	1	0	0.5	0.094	nothing radial to replace	
B	100	0.2	20	1	0	3	0.094	nothing radial to replace	
B	100	0.2	25	-0.6	0	0	0	nothing radial to replace	
B	100	0.2	25	-0.6	0	0.05	0.05	nothing radial to replace	
B	100	0.2	25	-0.6	0	0.1	0.063	nothing radial to replace	
B	100	0.2	25	-0.6	0	0.5	0.063	nothing radial to replace	
B	100	0.2	25	-0.6	0	3	0.063	nothing radial to replace	
B	100	0.2	25	0	0	0	0	nothing radial to replace	
B	100	0.2	25	0	0	0.05	0.05	nothing radial to replace	
B	100	0.2	25	0	0	0.1	0.063	nothing radial to replace	
B	100	0.2	25	0	0	0.5	0.063	nothing radial to replace	
B	100	0.2	25	0	0	3	0.063	nothing radial to replace	
B	100	0.2	25	1	0	0	0	nothing radial to replace	
B	100	0.2	25	1	0	0.05	0.05	nothing radial to replace	
B	100	0.2	25	1	0	0.1	0.063	nothing radial to replace	
B	100	0.2	25	1	0	0.5	0.063	nothing radial to replace	
B	100	0.2	25	1	0	3	0.063	nothing radial to replace	
B	116	0.2	14.5	0	0	0	0	nothing radial to replace	
B	116	0.2	14.5	0	0	0.05	0.05	nothing radial to replace	
B	116	0.2	14.5	0	0	0.1	0.1	nothing radial to replace	
B	116	0.2	14.5	0	0	0.5	0.119	nothing radial to replace	
B	116	0.2	14.5	0	0	3	0.119	nothing radial to replace	
B	116	0.2	14.5	0	0.1	0	0	nothing radial to replace	
B	116	0.2	14.5	0	0.1	0.05	0.05	nothing radial to replace	
B	116	0.2	14.5	0	0.1	0.1	0.1	nothing radial to replace	
B	116	0.2	14.5	0	0.1	0.5	0.183	nothing radial to replace	
B	116	0.2	14.5	0	0.1	3	0.183	nothing radial to replace	
B	116	0.2	14.5	1	0	0	0	nothing radial to replace	
B	116	0.2	14.5	1	0	0.05	0.05	nothing radial to replace	
B	116	0.2	14.5	1	0	0.1	0.1	nothing radial to replace	
B	116	0.2	14.5	1	0	0.5	0.119	nothing radial to replace	
B	116	0.2	14.5	1	0	3	0.119	nothing radial to replace	
B	116	0.2	14.5	1	0.1	0	0	nothing radial to replace	
B	116	0.2	14.5	1	0.1	0.05	0.05	nothing radial to replace	
B	116	0.2	14.5	1	0.1	0.1	0.1	nothing radial to replace	
B	116	0.2	14.5	1	0.1	0.5	0.183	nothing radial to replace	
B	116	0.2	14.5	1	0.1	3	0.183	nothing radial to replace	
B	116	0.2	20	-0.6	0	0	0	nothing radial to replace	
B	116	0.2	20	-0.6	0	0.05	0.05	nothing radial to replace	
B	116	0.2	20	-0.6	0	0.1	0.094	nothing radial to replace	
B	116	0.2	20	-0.6	0	0.5	0.094	nothing radial to replace	
B	116	0.2	20	-0.6	0	3	0.094	nothing radial to replace	
B	116	0.2	20	-0.6	0.1	0	0	nothing radial to replace	
B	116	0.2	20	-0.6	0.1	0.05	0.05	nothing radial to replace	
B	116	0.2	20	-0.6	0.1	0.1	0.1	nothing radial to replace	
B	116	0.2	20	-0.6	0.1	0.5	0.165	nothing radial to replace	
B	116	0.2	20	-0.6	0.1	3	0.165	nothing radial to replace	
B	116	0.2	20	0	0	0	0	nothing radial to replace	
B	116	0.2	20	0	0	0.05	0.05	nothing radial to replace	
B	116	0.2	20	0	0	0.1	0.094	nothing radial to replace	
B	116	0.2	20	0	0	0.5	0.094	nothing radial to replace	
B	116	0.2	20	0	0	3	0.094	nothing radial to replace	
B	116	0.2	20	0	0.1	0	0	nothing radial to replace	
B	116	0.2	20	0	0.1	0.05	0.05	nothing radial to replace	
B	116	0.2	20	0	0.1	0.1	0.1	nothing radial to replace	
B	116	0.2	20	0	0.1	0.5	0.165	nothing radial to replace	
B	116	0.2	20	0	0.1	3	0.165	nothing radial to replace	
B	116	0.2	20	1	0	0	0	nothing radial to replace	
B	116	0.2	20	1	0	0.05	0.05	nothing radial to replace	
B	116	0.2	20	1	0	0.1	0.094	nothing radial to replace	
B	116	0.2	20	1	0	0.5	0.094	nothing radial to replace	
B	116	0.2	20	1	0	3	0.094	nothing radial to replace	
B	116	0.2	25	-0.6	0	0	0	nothing radial to replace	
B	116	0.2	25	-0.6	0	0.05	0.05	nothing radial to replace	
B	116	0.2	25	-0.6	0	0.1	0.063	nothing radial to replace	
B	116	0.2	25	-0.6	0	0.5	0.063	nothing radial to replace	
B	116	0.2	25	-0.6	0	3	0.063	nothing radial to replace	
B	116	0.2	25	0	0	0	0	nothing radial to replace	
B	116	0.2	25	0	0	0.05	0.05	nothing radial to replace	
B	116	0.2	25	0	0	0.1	0.063	nothing radial to replace	
B	116	0.2	25	0	0	0.5	0.063	nothing radial to replace	
B	116	0.2	25	0	0	3	0.063	nothing radial to replace	
B	116	0.2	25	1	0	0	0	nothing radial to replace	
B	116	0.2	25	1	0	0.05	0.05	nothing radial to replace	
B	116	0.2	25	1	0	0.1	0.063	nothing radial to replace	
B	116	0.2	25	1	0	0.5	0.063	nothing radial to replace	
B	116	0.2	25	1	0	3	0.063	nothing radial to replace	
B	117	0.2	14.5	-0.6	0	0	0	nothing radial to replace	
B	117	0.2	14.5	-0.6	0	0.05	0.05	nothing radial to replace	
B	117	0.2	14.5	-0.6	0	0.1	0.1	nothing radial to replace	
B	117	0.2	14.5	-0.6	0	0.5	0.119	nothing radial to replace	
B	117	0.2	14.5	-0.6	0	3	0.119	nothing radial to replace	
B	117	0.2	14.5	-0.6	0.1	0	0	nothing radial to replace	
B	117	0.2	14.5	-0.6	0.1	0.05	0.05	nothing radial to replace	
B	117	0.2	14.5	-0.6	0.1	0.1	0.1	nothing radial to replace	
B	117	0.2	14.5	-0.6	0.1	0.5	0.183	nothing radial to replace	
B	117	0.2	14.5	-0.6	0.1	3	0.183	nothing radial to replace	
B	117	0.2	14.5	0	0	0	0	nothing radial to replace	
B	117	0.2	14.5	0	0	0.05	0.05	nothing radial to replace	
B	117	0.2	14.5	0	0	0.1	0.1	nothing radial to replace	
B	117	0.2	14.5	0	0	0.5	0.119	nothing radial to replace	
B	117	0.2	14.5	0	0	3	0.119	nothing radial to replace	
B	117	0.2	14.5	0	0.1	0	0	nothing radial to replace	
B	117	0.2	14.5	0	0.1	0.05	0.05	nothing radial to replace	
B	117	0.2	14.5	0	0.1	0.1	0.1	nothing radial to replace	
B	117	0.2	14.5	0	0.1	0.5	0.183	nothing radial to replace	
B	117	0.2	14.5	0	0.1	3	0.183	nothing radial to replace	
B	117	0.2	14.5	1	0	0	0	nothing radial to replace	
B	117	0.2	14.5	1	0	0.05	0.05	nothing radial to replace	
B	117	0.2	14.5	1	0	0.1	0.1	nothing radial to replace	
B	117	0.2	14.5	1	0	0.5	0.119	nothing radial to replace	
B	117	0.2	14.5	1	0	3	0.119	nothing radial to replace	
B	117	0.2	14.5	1	0.1	0	0	nothing radial to replace	
B	117	0.2	14.5	1	0.1	0.05	0.05	nothing radial to replace	
B	117	0.2	14.5	1	0.1	0.1	0.1	nothing radial to replace	
B	117	0.2	14.5	1	0.1	0.5	0.183	nothing radial to replace	
B	117	0.2	14.5	1	0.1	3	0.183	nothing radial to replace	
B	117	0.2	20	-0.6	0	0	0	nothing radial to replace	
B	117	0.2	20	-0.6	0	0.05	0.05	nothing radial to replace	
B	117	0.2	20	-0.6	0	0.1	0.094	nothing radial to replace	
B	117	0.2	20	-0.6	0	0.5	0.094	nothing radial to replace	
B	117	0.2	20	-0.6	0	3	0.094	nothing radial to replace	
B	117	0.2	20	-0.6	0.1	0	0	nothing radial to replace	
B	117	0.2	20	-0.6	0.1	0.05	0.05	nothing radial to replace	
B	117	0.2	20	-0.6	0.1	0.1	0.1	nothing radial to replace	
B	117	0.2	20	-0.6	0.1	0.5	0.165	nothing radial to replace	
B	117	0.2	20	-0.6	0.1	3	0.165	nothing radial to replace	
B	117	0.2	20	0	0	0	0	nothing radial to replace	
B	117	0.2	20	0	0	0.05	0.05	nothing radial to replace	
B	117	0.2	20	0	0	0.1	0.094	nothing radial to replace	
B	117	0.2	20	0	0	0.5	0.094	nothing radial to replace	
B	117	0.2	20	0	0	3	0.094	nothing radial to replace	
B	117	0.2	20	0	0.1	0	0	nothing radial to replace	
B	117	0.2	20	0	0.1	0.05	0.05	nothing radial to replace	
B	117	0.2	20	0	0.1	0.1	0.1	nothing radial to replace	
B	117	0.2	20	0	0.1	0.5	0.165	nothing radial to replace	
B	117	0.2	20	0	0.1	3	0.165	nothing radial to replace	
B	117	0.2	20	1	0	0	0	nothing radial to replace	
B	117	0.2	20	1	0	0.05	0.05	nothing radial to replace	
B	117	0.2	20	1	0	0.1	0.094	nothing radial to replace	
B	117	0.2	20	1	0	0.5	0.094	nothing radial to replace	
B	117	0.2	20	1	0	3	0.094	nothing radial to replace	
B	117	0.2	25	-0.6	0	0	0	nothing radial to replace	
B	117	0.2	25	-0.6	0	0.05	0.05	nothing radial to replace	
B	117	0.2	25	-0.6	0	0.1	0.063	nothing radial to replace	
B	117	0.2	25	-0.6	0	0.5	0.063	nothing radial to replace	
B	117	0.2	25	-0.6	0	3	0.063	nothing radial to replace	
B	117	0.2	25	0	0	0	0	nothing radial to replace	
B	117	0.2	25	0	0	0.05	0.05	nothing radial to replace	
B	117	0.2	25	0	0	0.1	0.063	nothing radial to replace	
B	117	0.2	25	0	0	0.5	0.063	nothing radial to replace	
B	117	0.2	25	0	0	3	0.063	nothing radial to replace	
B	117	0.2	25	1	0	0	0	nothing radial to replace	
B	117	0.2	25	1	0	0.05	0.05	nothing radial to replace	
B	117	0.2	25	1	0	0.1	0.063	nothing radial to replace	
B	117	0.2	25	1	0	0.5	0.063	nothing radial to replace	
B	117	0.2	25	1	0	3	0.063	nothing radial to replace	
B	200	0.2	14.5	-0.6	0	0	0	nothing radial to replace	
B	200	0.2	14.5	-0.6	0	0.05	0.05	nothing radial to replace	
B	200	0.2	14.5	-0.6	0	0.1	0.1	nothing radial to replace	
B	200	0.2	14.5	-0.6	0	0.5	0.119	nothing radial to replace	
B	200	0.2	14.5	-0.6	0	3	0.119	nothing radial to replace	
B	200	0.2	14.5	-0.6	0.1	0	0	nothing radial to replace	
B	200	0.2	14.5	-0.6	0.1	0.05	0.05	nothing radial to replace	
B	200	0.2	14.5	-0.6	0.1	0.1	0.1	nothing radial to replace	
B	200	0.2	14.5	-0.6	0.1	0.5	0.183	nothing radial to replace	
B	200	0.2	14.5	-0.6	0.1	3	0.183	nothing radial to replace	
B	200	0.2	14.5	0	0	0	0	nothing radial to replace	
B	200	0.2	14.5	0	0	0.05	0.05	nothing radial to replace	
B	200	0.2	14.5	0	0	0.1	0.1	nothing radial to replace	
B	200	0.2	14.5	0	0	0.5	0.119	nothing radial to replace	
B	200	0.2	14.5	0	0	3	0.119	nothing radial to replace	
B	200	0.2	14.5	0	0.1	0	0	nothing radial to replace	
B	200	0.2	14.5	0	0.1	0.05	0.05	nothing radial to replace	
B	200	0.2	14.5	0	0.1	0.1	0.1	nothing radial to replace	
B	200	0.2	14.5	0	0.1	0.5	0.183	nothing radial to replace	
B	200	0.2	14.5	0	0.1	3	0.183	nothing radial to replace	
B	200	0.2	14.5	1	0	0	0	nothing radial to replace	
B	200	0.2	14.5	1	0	0.05	0.05	nothing radial to replace	
B	200	0.2	14.5	1	0	0.1	0.1	nothing radial to replace	
B	200	0.2	14.5	1	0	0.5	0.119	nothing radial to replace	
B	200	0.2	14.5	1	0	3	0.119	nothing radial to replace	
B	200	0.2	14.5	1	0.1	0	0	nothing radial to replace	
B	200	0.2	14.5	1	0.1	0.05	0.05	nothing radial to replace	
B	200	0.2	14.5	1	0.1	0.1	0.1	nothing radial to replace	
B	200	0.2	14.5	1	0.1	0.5	0.183	nothing radial to replace	
B	200	0.2	14.5	1	0.1	3	0.183	nothing radial to replace	
B	200	0.2	20	-0.6	0	0	0	nothing radial to replace	
B	200	0.2	20	-0.6	0	0.05	0.05	nothing radial to replace	
B	200	0.2	20	-0.6	0	0.1	0.094	nothing radial to replace	
B	200	0.2	20	-0.6	0	0.5	0.094	nothing radial to replace	
B	200	0.2	20	-0.6	0	3	0.094	nothing radial to replace	
B	200	0.2	20	-0.6	0.1	0	0	nothing radial to replace	
B	200	0.2	20	-0.6	0.1	0.05	0.05	nothing radial to replace	
B	200	0.2	20	-0.6	0.1	0.1	0.1	nothing radial to replace	
B	200	0.2	20	-0.6	0.1	0.5	0.165	nothing radial to replace	
B	200	0.2	20	-0.6	0.1	3	0.165	nothing radial to replace	
B	200	0.2	20	0	0	0	0	nothing radial to replace	
B	200	0.2	20	0	0	0.05	0.05	nothing radial to replace	
B	200	0.2	20	0	0	0.1	0.094	nothing radial to replace	
B	200	0.2	20	0	0	0.5	0.094	nothing radial to replace	
B	200	0.2	20	0	0	3	0.094	nothing radial to replace	
B	200	0.2	20	0	0.1	0	0	nothing radial to replace	
B	200	0.2	20	0	0.1	0.05	0.05	nothing radial to replace	
B	200	0.2	20	0	0.1	0.1	0.1	nothing radial to replace	
B	200	0.2	20	0	0.1	0.5	0.165	nothing radial to replace	
B	200	0.2	20	0	0.1	3	0.165	nothing radial to replace	
B	200	0.2	20	1	0	0	0	nothing radial to replace	
B	200	0.2	20	1	0	0.05	0.05	nothing radial to replace	
B	200	0.2	20	1	0	0.1	0.094	nothing radial to replace	
B	200	0.2	20	1	0	0.5	0.094	nothing radial to replace	
B	200	0.2	20	1	0	3	0.094	nothing radial to replace	
B	200	0.2	25	-0.6	0	0	0	nothing radial to replace	
B	200	0.2	25	-0.6	0	0.05	0.05	nothing radial to replace	
B	200	0.2	25	-0.6	0	0.1	0.063	nothing radial to replace	
B	200	0.2	25	-0.6	0	0.5	0.063	nothing radial to replace	
B	200	0.2	25	-0.6	0	3	0.063	nothing radial to replace	
B	200	0.2	25	0	0	0	0	nothing radial to replace	
B	200	0.2	25	0	0	0.05	0.05	nothing radial to replace	
B	200	0.2	25	0	0	0.1	0.063	nothing radial to replace	
B	200	0.2	25	0	0	0.5	0.063	nothing radial to replace	
B	200	0.2	25	0	0	3	0.063	nothing radial to replace	
B	200	0.2	25	1	0	0	0	nothing radial to replace	
B	200	0.2	25	1	0	0.05	0.05	nothing radial to replace	
B	200	0.2	25	1	0	0.1	0.063	nothing radial to replace	
B	200	0.2	25	1	0	0.5	0.063	nothing radial to replace	
B	200	0.2	25	1	0	3	0.063	nothing radial to replace	
B	6	1.75	14.5	-0.6	0	0	0	tooth severed	-0.0473952
B	6	1.75	14.5	-0.6	0	0.4375	0.4375	tooth severed	-0.0122168
B	6	1.75	14.5	-0.6	0	0.5	0.5	tooth severed	-0.00726712
B	6	1.75	14.5	-0.6	0.1	0	0	tooth severed	-0.056919
B	6	1.75	14.5	-0.6	0.1	0.4375	0.4375	tooth severed	-0.0217407
B	6	1.75	14.5	-0.6	0.1	0.5	0.5	tooth severed	-0.0167909
B	6	1.75	14.5	-0.6	1	0	0	tooth severed	-0.142633
B	6	1.75	14.5	-0.6	1	0.4375	0.4375	tooth severed	-0.107455
B	6	1.75	14.5	-0.6	1	0.875	0.875	tooth severed	-0.0732361
B	6	1.75	14.5	-0.6	1	0.5	0.5	tooth severed	-0.102505
B	6	1.75	14.5	-0.6	1	3	1.69	tooth severed	-0.0124981
B	6	1.75	20	-0.6	0	0	0	tooth severed	-0.00349822
B	6	1.75	20	-0.6	0.1	0	0	tooth severed	-0.013022
B	6	1.75	20	-0.6	1	0	0	tooth severed	-0.0987363
B	6	1.75	20	-0.6	1	0.4375	0.4375	tooth severed	-0.0697309
B	6	1.75	20	-0.6	1	0.875	0.875	tooth severed	-0.041685
B	6	1.75	20	-0.6	1	0.5	0.5	tooth severed	-0.0656631
B	6	1.75	20	-0.6	1	3	1.539	tooth severed	-0.00123818
B	6	1.75	32.5	-0.6	0	0	0	tip land gone	
B	6	1.75	32.5	-0.6	0	0.4375	0	tip land gone	
B	6	1.75	32.5	-0.6	0	0.875	0	tip land gone	
B	6	1.75	32.5	-0.6	0	0.5	0	tip land gone	
B	6	1.75	32.5	-0.6	0	3	0	tip land gone	
B	6	1.75	33	-0.6	0	0	0	tip land gone	
B	6	1.75	33	-0.6	0	0.4375	0	tip land gone	
B	6	1.75	33	-0.6	0	0.875	0	tip land gone	
B	6	1.75	33	-0.6	0	0.5	0	tip land gone	
B	6	1.75	33	-0.6	0	3	0	tip land gone	
B	6	1.75	33.5	-0.6	0	0	0	tip land gone	
B	6	1.75	33.5	-0.6	0	0.4375	0	tip land gone	
B	6	1.75	33.5	-0.6	0	0.875	0	tip land gone	
B	6	1.75	33.5	-0.6	0	0.5	0	tip land gone	
B	6	1.75	33.5	-0.6	0	3	0	tip land gone	
B	6	1.75	33.5	-0.6	0.1	0	0	tip land gone	
B	6	1.75	33.5	-0.6	0.1	0.4375	0	tip land gone	
B	6	1.75	33.5	-0.6	0.1	0.875	0	tip land gone	
B	6	1.75	33.5	-0.6	0.1	0.5	0	tip land gone	
B	6	1.75	33.5	-0.6	0.1	3	0	tip land gone	
B	6	1.75	35	-0.6	0	0	0	tip land gone	
B	6	1.75	35	-0.6	0	0.4375	0	tip land gone	
B	6	1.75	35	-0.6	0	0.875	0	tip land gone	
B	6	1.75	35	-0.6	0	0.5	0	tip land gone	
B	6	1.75	35	-0.6	0	3	0	tip land gone	
B	6	1.75	35	-0.6	0.1	0	0	tip land gone	
B	6	1.75	35	-0.6	0.1	0.4375	0	tip land gone	
B	6	1.75	35	-0.6	0.1	0.875	0	tip land gone	
B	6	1.75	35	-0.6	0.1	0.5	0	tip land gone	
B	6	1.75	35	-0.6	0.1	3	0	tip land gone	
B	7	1.75	14.5	-0.6	0.1	0	0	tooth severed	-0.00620253
B	7	1.75	14.5	-0.6	1	0	0	tooth severed	-0.0796719
B	7	1.75	14.5	-0.6	1	0.4375	0.4375	tooth severed	-0.0531821
B	7	1.75	14.5	-0.6	1	0.875	0.875	tooth severed	-0.027595
B	7	1.75	14.5	-0.6	1	0.5	0.5	tooth severed	-0.0494691
B	7	1.75	20	-0.6	1	0	0	tooth severed	-0.042046
B	7	1.75	20	-0.6	1	0.4375	0.4375	tooth severed	-0.0208472
B	7	1.75	20	-0.6	1	0.875	0.875	tooth severed	-0.000551233
B	7	1.75	20	-0.6	1	0.5	0.5	tooth severed	-0.0178901
B	7	1.75	32.5	-0.6	0	0	0	tip land gone	
B	7	1.75	32.5	-0.6	0	0.4375	0	tip land gone	
B	7	1.75	32.5	-0.6	0	0.875	0	tip land gone	
B	7	1.75	32.5	-0.6	0	0.5	0	tip land gone	
B	7	1.75	32.5	-0.6	0	3	0	tip land gone	
B	7	1.75	33	-0.6	0	0	0	tip land gone	
B	7	1.75	33	-0.6	0	0.4375	0	tip land gone	
B	7	1.75	33	-0.6	0	0.875	0	tip land gone	
B	7	1.75	33	-0.6	0	0.5	0	tip land gone	
B	7	1.75	33	-0.6	0	3	0	tip land gone	
B	7	1.75	33.5	-0.6	0	0	0	tip land gone	
B	7	1.75	33.5	-0.6	0	0.4375	0	tip land gone	
B	7	1.75	33.5	-0.6	0	0.875	0	tip land gone	
B	7	1.75	33.5	-0.6	0	0.5	0	tip land gone	
B	7	1.75	33.5	-0.6	0	3	0	tip land gone	
B	7	1.75	33.5	-0.6	0.1	0	0	tip land gone	
B	7	1.75	33.5	-0.6	0.1	0.4375	0	tip land gone	
B	7	1.75	33.5	-0.6	0.1	0.875	0	tip land gone	
B	7	1.75	33.5	-0.6	0.1	0.5	0	tip land gone	
B	7	1.75	33.5	-0.6	0.1	3	0	tip land gone	
B	7	1.75	35	-0.6	0	0	0	tip land gone	
B	7	1.75	35	-0.6	0	0.4375	0	tip land gone	
B	7	1.75	35	-0.6	0	0.875	0	tip land gone	
B	7	1.75	35	-0.6	0	0.5	0	tip land gone	
B	7	1.75	35	-0.6	0	3	0	tip land gone	
B	7	1.75	35	-0.6	0.1	0	0	tip land gone	
B	7	1.75	35	-0.6	0.1	0.4375	0	tip land gone	
B	7	1.75	35	-0.6	0.1	0.875	0	tip land gone	
B	7	1.75	35	-0.6	0.1	0.5	0	tip land gone	
B	7	1.75	35	-0.6	0.1	3	0	tip land gone	
B	8	1.75	14.5	-0.6	1	0	0	tooth severed	-0.0435322
B	8	1.75	14.5	-0.6	1	0.4375	0.4375	tooth severed	-0.0227996
B	8	1.75	14.5	-0.6	1	0.875	0.875	tooth severed	-0.00290077
B	8	1.75	14.5	-0.6	1	0.5	0.5	tooth severed	-0.0199036
B	8	1.75	20	-0.6	1	0	0	tooth severed	-0.0106095
B	8	1.75	32.5	-0.6	0	0	0	tip land gone	
B	8	1.75	32.5	-0.6	0	0.4375	0	tip land gone	
B	8	1.75	32.5	-0.6	0	0.875	0	tip land gone	
B	8	1.75	32.5	-0.6	0	0.5	0	tip land gone	
B	8	1.75	32.5	-0.6	0	3	0	tip land gone	
B	8	1.75	33	-0.6	0	0	0	tip land gone	
B	8	1.75	33	-0.6	0	0.4375	0	tip land gone	
B	8	1.75	33	-0.6	0	0.875	0	tip land gone	
B	8	1.75	33	-0.6	0	0.5	0	tip land gone	
B	8	1.75	33	-0.6	0	3	0	tip land gone	
B	8	1.75	33.5	-0.6	0	0	0	tip land gone	
B	8	1.75	33.5	-0.6	0	0.4375	0	tip land gone	
B	8	1.75	33.5	-0.6	0	0.875	0	tip land gone	
B	8	1.75	33.5	-0.6	0	0.5	0	tip land gone	
B	8	1.75	33.5	-0.6	0	3	0	tip land gone	
B	8	1.75	33.5	-0.6	0.1	0	0	tip land gone	
B	8	1.75	33.5	-0.6	0.1	0.4375	0	tip land gone	
B	8	1.75	33.5	-0.6	0.1	0.875	0	tip land gone	
B	8	1.75	33.5	-0.6	0.1	0.5	0	tip land gone	
B	8	1.75	33.5	-0.6	0.1	3	0	tip land gone	
B	8	1.75	35	-0.6	0	0	0	tip land gone	
B	8	1.75	35	-0.6	0	0.4375	0	tip land gone	
B	8	1.75	35	-0.6	0	0.875	0	tip land gone	
B	8	1.75	35	-0.6	0	0.5	0	tip land gone	
B	8	1.75	35	-0.6	0	3	0	tip land gone	
B	8	1.75	35	-0.6	0.1	0	0	tip land gone	
B	8	1.75	35	-0.6	0.1	0.4375	0	tip land gone	
B	8	1.75	35	-0.6	0.1	0.875	0	tip land gone	
B	8	1.75	35	-0.6	0.1	0.5	0	tip land gone	
B	8	1.75	35	-0.6	0.1	3	0	tip land gone	
B	9	1.75	14.5	-0.6	1	0	0	tooth severed	-0.0211199
B	9	1.75	14.5	-0.6	1	0.4375	0.4375	tooth severed	-0.00443643
B	9	1.75	14.5	-0.6	1	0.5	0.5	tooth severed	-0.00211357
B	9	1.75	32.5	-0.6	0	0	0	tip land gone	
B	9	1.75	32.5	-0.6	0	0.4375	0	tip land gone	
B	9	1.75	32.5	-0.6	0	0.875	0	tip land gone	
B	9	1.75	32.5	-0.6	0	0.5	0	tip land gone	
B	9	1.75	32.5	-0.6	0	3	0	tip land gone	
B	9	1.75	32.5	0	0	0	0	tip land gone	
B	9	1.75	32.5	0	0	0.4375	0	tip land gone	
B	9	1.75	32.5	0	0	0.875	0	tip land gone	
B	9	1.75	32.5	0	0	0.5	0	tip land gone	
B	9	1.75	32.5	0	0	3	0	tip land gone	
B	9	1.75	33	-0.6	0	0	0	tip land gone	
B	9	1.75	33	-0.6	0	0.4375	0	tip land gone	
B	9	1.75	33	-0.6	0	0.875	0	tip land gone	
B	9	1.75	33	-0.6	0	0.5	0	tip land gone	
B	9	1.75	33	-0.6	0	3	0	tip land gone	
B	9	1.75	33.5	-0.6	0	0	0	tip land gone	
B	9	1.75	33.5	-0.6	0	0.4375	0	tip land gone	
B	9	1.75	33.5	-0.6	0	0.875	0	tip land gone	
B	9	1.75	33.5	-0.6	0	0.5	0	tip land gone	
B	9	1.75	33.5	-0.6	0	3	0	tip land gone	
B	9	1.75	33.5	-0.6	0.1	0	0	tip land gone	
B	9	1.75	33.5	-0.6	0.1	0.4375	0	tip land gone	
B	9	1.75	33.5	-0.6	0.1	0.875	0	tip land gone	
B	9	1.75	33.5	-0.6	0.1	0.5	0	tip land gone	
B	9	1.75	33.5	-0.6	0.1	3	0	tip land gone	
B	9	1.75	35	-0.6	0	0	0	tip land gone	
B	9	1.75	35	-0.6	0	0.4375	0	tip land gone	
B	9	1.75	35	-0.6	0	0.875	0	tip land gone	
B	9	1.75	35	-0.6	0	0.5	0	tip land gone	
B	9	1.75	35	-0.6	0	3	0	tip land gone	
B	9	1.75	35	-0.6	0.1	0	0	tip land gone	
B	9	1.75	35	-0.6	0.1	0.4375	0	tip land gone	
B	9	1.75	35	-0.6	0.1	0.875	0	tip land gone	
B	9	1.75	35	-0.6	0.1	0.5	0	tip land gone	
B	9	1.75	35	-0.6	0.1	3	0	tip land gone	
B	10	1.75	14.5	-0.6	1	0	0	tooth severed	-0.00649158
B	10	1.75	32.5	-0.6	0	0	0	tip land gone	
B	10	1.75	32.5	-0.6	0	0.4375	0	tip land gone	
B	10	1.75	32.5	-0.6	0	0.875	0	tip land gone	
B	10	1.75	32.5	-0.6	0	0.5	0	tip land gone	
B	10	1.75	32.5	-0.6	0	3	0	tip land gone	
B	10	1.75	32.5	0	0	0	0	tip land gone	
B	10	1.75	32.5	0	0	0.4375	0	tip land gone	
B	10	1.75	32.5	0	0	0.875	0	tip land gone	
B	10	1.75	32.5	0	0	0.5	0	tip land gone	
B	10	1.75	32.5	0	0	3	0	tip land gone	
B	10	1.75	33	-0.6	0	0	0	tip land gone	
B	10	1.75	33	-0.6	0	0.4375	0	tip land gone	
B	10	1.75	33	-0.6	0	0.875	0	tip land gone	
B	10	1.75	33	-0.6	0	0.5	0	tip land gone	
B	10	1.75	33	-0.6	0	3	0	tip land gone	
B	10	1.75	33	0	0	0	0	tip land gone	
B	10	1.75	33	0	0	0.4375	0	tip land gone	
B	10	1.75	33	0	0	0.875	0	tip land gone	
B	10	1.75	33	0	0	0.5	0	tip land gone	
B	10	1.75	33	0	0	3	0	tip land gone	
B	10	1.75	33.5	-0.6	0	0	0	tip land gone	
B	10	1.75	33.5	-0.6	0	0.4375	0	tip land gone	
B	10	1.75	33.5	-0.6	0	0.875	0	tip land gone	
B	10	1.75	33.5	-0.6	0	0.5	0	tip land gone	
B	10	1.75	33.5	-0.6	0	3	0	tip land gone	
B	10	1.75	33.5	-0.6	0.1	0	0	tip land gone	
B	10	1.75	33.5	-0.6	0.1	0.4375	0	tip land gone	
B	10	1.75	33.5	-0.6	0.1	0.875	0	tip land gone	
B	10	1.75	33.5	-0.6	0.1	0.5	0	tip land gone	
B	10	1.75	33.5	-0.6	0.1	3	0	tip land gone	
B	10	1.75	35	-0.6	0	0	0	tip land gone	
B	10	1.75	35	-0.6	0	0.4375	0	tip land gone	
B	10	1.75	35	-0.6	0	0.875	0	tip land gone	
B	10	1.75	35	-0.6	0	0.5	0	tip land gone	
B	10	1.75	35	-0.6	0	3	0	tip land gone	
B	10	1.75	35	-0.6	0.1	0	0	tip land gone	
B	10	1.75	35	-0.6	0.1	0.4375	0	tip land gone	
B	10	1.75	35	-0.6	0.1	0.875	0	tip land gone	
B	10	1.75	35	-0.6	0.1	0.5	0	tip land gone	
B	10	1.75	35	-0.6	0.1	3	0	tip land gone	
B	12	1.75	32.5	-0.6	0	0	0	tip land gone	
B	12	1.75	32.5	-0.6	0	0.4375	0	tip land gone	
B	12	1.75	32.5	-0.6	0	0.875	0	tip land gone	
B	12	1.75	32.5	-0.6	0	0.5	0	tip land gone	
B	12	1.75	32.5	-0.6	0	3	0	tip land gone	
B	12	1.75	32.5	0	0	0	0	tip land gone	
B	12	1.75	32.5	0	0	0.4375	0	tip land gone	
B	12	1.75	32.5	0	0	0.875	0	tip land gone	
B	12	1.75	32.5	0	0	0.5	0	tip land gone	
B	12	1.75	32.5	0	0	3	0	tip land gone	
B	12	1.75	33	-0.6	0	0	0	tip land gone	
B	12	1.75	33	-0.6	0	0.4375	0	tip land gone	
B	12	1.75	33	-0.6	0	0.875	0	tip land gone	
B	12	1.75	33	-0.6	0	0.5	0	tip land gone	
B	12	1.75	33	-0.6	0	3	0	tip land gone	
B	12	1.75	33	0	0	0	0	tip land gone	
B	12	1.75	33	0	0	0.4375	0	tip land gone	
B	12	1.75	33	0	0	0.875	0	tip land gone	
B	12	1.75	33	0	0	0.5	0	tip land gone	
B	12	1.75	33	0	0	3	0	tip land gone	
B	12	1.75	33.5	-0.6	0	0	0	tip land gone	
B	12	1.75	33.5	-0.6	0	0.4375	0	tip land gone	
B	12	1.75	33.5	-0.6	0	0.875	0	tip land gone	
B	12	1.75	33.5	-0.6	0	0.5	0	tip land gone	
B	12	1.75	33.5	-0.6	0	3	0	tip land gone	
B	12	1.75	33.5	-0.6	0.1	0	0	tip land gone	
B	12	1.75	33.5	-0.6	0.1	0.4375	0	tip land gone	
B	12	1.75	33.5	-0.6	0.1	0.875	0	tip land gone	
B	12	1.75	33.5	-0.6	0.1	0.5	0	tip land gone	
B	12	1.75	33.5	-0.6	0.1	3	0	tip land gone	
B	12	1.75	33.5	0	0	0	0	tip land gone	
B	12	1.75	33.5	0	0	0.4375	0	tip land gone	
B	12	1.75	33.5	0	0	0.875	0	tip land gone	
B	12	1.75	33.5	0	0	0.5	0	tip land gone	
B	12	1.75	33.5	0	0	3	0	tip land gone	
B	12	1.75	35	-0.6	0	0	0	tip land gone	
B	12	1.75	35	-0.6	0	0.4375	0	tip land gone	
B	12	1.75	35	-0.6	0	0.875	0	tip land gone	
B	12	1.75	35	-0.6	0	0.5	0	tip land gone	
B	12	1.75	35	-0.6	0	3	0	tip land gone	
B	12	1.75	35	-0.6	0.1	0	0	tip land gone	
B	12	1.75	35	-0.6	0.1	0.4375	0	tip land gone	
B	12	1.75	35	-0.6	0.1	0.875	0	tip land gone	
B	12	1.75	35	-0.6	0.1	0.5	0	tip land gone	
B	12	1.75	35	-0.6	0.1	3	0	tip land gone	
B	14	1.75	32.5	-0.6	0	0	0	tip land gone	
B	14	1.75	32.5	-0.6	0	0.4375	0	tip land gone	
B	14	1.75	32.5	-0.6	0	0.875	0	tip land gone	
B	14	1.75	32.5	-0.6	0	0.5	0	tip land gone	
B	14	1.75	32.5	-0.6	0	3	0	tip land gone	
B	14	1.75	32.5	0	0	0	0	tip land gone	
B	14	1.75	32.5	0	0	0.4375	0	tip land gone	
B	14	1.75	32.5	0	0	0.875	0	tip land gone	
B	14	1.75	32.5	0	0	0.5	0	tip land gone	
B	14	1.75	32.5	0	0	3	0	tip land gone	
B	14	1.75	33	-0.6	0	0	0	tip land gone	
B	14	1.75	33	-0.6	0	0.4375	0	tip land gone	
B	14	1.75	33	-0.6	0	0.875	0	tip land gone	
B	14	1.75	33	-0.6	0	0.5	0	tip land gone	
B	14	1.75	33	-0.6	0	3	0	tip land gone	
B	14	1.75	33	0	0	0	0	tip land gone	
B	14	1.75	33	0	0	0.4375	0	tip land gone	
B	14	1.75	33	0	0	0.875	0	tip land gone	
B	14	1.75	33	0	0	0.5	0	tip land gone	
B	14	1.75	33	0	0	3	0	tip land gone	
B	14	1.75	33.5	-0.6	0	0	0	tip land gone	
B	14	1.75	33.5	-0.6	0	0.4375	0	tip land gone	
B	14	1.75	33.5	-0.6	0	0.875	0	tip land gone	
B	14	1.75	33.5	-0.6	0	0.5	0	tip land gone	
B	14	1.75	33.5	-0.6	0	3	0	tip land gone	
B	14	1.75	33.5	-0.6	0.1	0	0	tip land gone	
B	14	1.75	33.5	-0.6	0.1	0.4375	0	tip land gone	
B	14	1.75	33.5	-0.6	0.1	0.875	0	tip land gone	
B	14	1.75	33.5	-0.6	0.1	0.5	0	tip land gone	
B	14	1.75	33.5	-0.6	0.1	3	0	tip land gone	
B	14	1.75	33.5	0	0	0	0	tip land gone	
B	14	1.75	33.5	0	0	0.4375	0	tip land gone	
B	14	1.75	33.5	0	0	0.875	0	tip land gone	
B	14	1.75	33.5	0	0	0.5	0	tip land gone	
B	14	1.75	33.5	0	0	3	0	tip land gone	
B	14	1.75	35	-0.6	0	0	0	tip land gone	
B	14	1.75	35	-0.6	0	0.4375	0	tip land gone	
B	14	1.75	35	-0.6	0	0.875	0	tip land gone	
B	14	1.75	35	-0.6	0	0.5	0	tip land gone	
B	14	1.75	35	-0.6	0	3	0	tip land gone	
B	14	1.75	35	-0.6	0.1	0	0	tip land gone	
B	14	1.75	35	-0.6	0.1	0.4375	0	tip land gone	
B	14	1.75	35	-0.6	0.1	0.875	0	tip land gone	
B	14	1.75	35	-0.6	0.1	0.5	0	tip land gone	
B	14	1.75	35	-0.6	0.1	3	0	tip land gone	
B	17	1.75	14.5	1	0	0	0	nothing radial to replace	
B	17	1.75	14.5	1	0	0.4375	0.4375	nothing radial to replace	
B	17	1.75	14.5	1	0	0.875	0.875	nothing radial to replace	
B	17	1.75	14.5	1	0	0.5	0.5	nothing radial to replace	
B	17	1.75	14.5	1	0	3	1.044	nothing radial to replace	
B	17	1.75	14.5	1	0.1	0	0	nothing radial to replace	
B	17	1.75	14.5	1	0.1	0.4375	0.4375	nothing radial to replace	
B	17	1.75	14.5	1	0.1	0.875	0.875	nothing radial to replace	
B	17	1.75	14.5	1	0.1	0.5	0.5	nothing radial to replace	
B	17	1.75	14.5	1	0.1	3	1.109	nothing radial to replace	
B	17	1.75	20	1	0	0	0	nothing radial to replace	
B	17	1.75	20	1	0	0.4375	0.4375	nothing radial to replace	
B	17	1.75	20	1	0	0.875	0.825	nothing radial to replace	
B	17	1.75	20	1	0	0.5	0.5	nothing radial to replace	
B	17	1.75	20	1	0	3	0.825	nothing radial to replace	
B	17	1.75	32	0	0	0	0	nothing radial to replace	
B	17	1.75	32	0	0	0.4375	0.013	nothing radial to replace	
B	17	1.75	32	0	0	0.875	0.013	nothing radial to replace	
B	17	1.75	32	0	0	0.5	0.013	nothing radial to replace	
B	17	1.75	32	0	0	3	0.013	nothing radial to replace	
B	17	1.75	32	0	0.1	0	0	nothing radial to replace	
B	17	1.75	32	0	0.1	0.4375	0.103	nothing radial to replace	
B	17	1.75	32	0	0.1	0.875	0.103	nothing radial to replace	
B	17	1.75	32	0	0.1	0.5	0.103	nothing radial to replace	
B	17	1.75	32	0	0.1	3	0.103	nothing radial to replace	
B	17	1.75	32.5	-0.6	0	0	0	tip land gone	
B	17	1.75	32.5	-0.6	0	0.4375	0	tip land gone	
B	17	1.75	32.5	-0.6	0	0.875	0	tip land gone	
B	17	1.75	32.5	-0.6	0	0.5	0	tip land gone	
B	17	1.75	32.5	-0.6	0	3	0	tip land gone	
B	17	1.75	32.5	0	0	0	0	nothing radial to replace	
B	17	1.75	32.5	0	0	0.4375	0	nothing radial to replace	
B	17	1.75	32.5	0	0	0.875	0	nothing radial to replace	
B	17	1.75	32.5	0	0	0.5	0	nothing radial to replace	
B	17	1.75	32.5	0	0	3	0	nothing radial to replace	
B	17	1.75	32.5	0	0.1	0	0	nothing radial to replace	
B	17	1.75	32.5	0	0.1	0.4375	0.056	nothing radial to replace	
B	17	1.75	32.5	0	0.1	0.875	0.056	nothing radial to replace	
B	17	1.75	32.5	0	0.1	0.5	0.056	nothing radial to replace	
B	17	1.75	32.5	0	0.1	3	0.056	nothing radial to replace	
B	17	1.75	33	-0.6	0	0	0	tip land gone	
B	17	1.75	33	-0.6	0	0.4375	0	tip land gone	
B	17	1.75	33	-0.6	0	0.875	0	tip land gone	
B	17	1.75	33	-0.6	0	0.5	0	tip land gone	
B	17	1.75	33	-0.6	0	3	0	tip land gone	
B	17	1.75	33	0	0	0	0	nothing radial to replace	
B	17	1.75	33	0	0	0.4375	0	nothing radial to replace	
B	17	1.75	33	0	0	0.875	0	nothing radial to replace	
B	17	1.75	33	0	0	0.5	0	nothing radial to replace	
B	17	1.75	33	0	0	3	0	nothing radial to replace	
B	17	1.75	33	0	0.1	0	0	nothing radial to replace	
B	17	1.75	33	0	0.1	0.4375	0.007	nothing radial to replace	
B	17	1.75	33	0	0.1	0.875	0.007	nothing radial to replace	
B	17	1.75	33	0	0.1	0.5	0.007	nothing radial to replace	
B	17	1.75	33	0	0.1	3	0.007	nothing radial to replace	
B	17	1.75	33.5	-0.6	0	0	0	tip land gone	
B	17	1.75	33.5	-0.6	0	0.4375	0	tip land gone	
B	17	1.75	33.5	-0.6	0	0.875	0	tip land gone	
B	17	1.75	33.5	-0.6	0	0.5	0	tip land gone	
B	17	1.75	33.5	-0.6	0	3	0	tip land gone	
B	17	1.75	33.5	-0.6	0.1	0	0	tip land gone	
B	17	1.75	33.5	-0.6	0.1	0.4375	0	tip land gone	
B	17	1.75	33.5	-0.6	0.1	0.875	0	tip land gone	
B	17	1.75	33.5	-0.6	0.1	0.5	0	tip land gone	
B	17	1.75	33.5	-0.6	0.1	3	0	tip land gone	
B	17	1.75	33.5	0	0	0	0	nothing radial to replace	
B	17	1.75	33.5	0	0	0.4375	0	nothing radial to replace	
B	17	1.75	33.5	0	0	0.875	0	nothing radial to replace	
B	17	1.75	33.5	0	0	0.5	0	nothing radial to replace	
B	17	1.75	33.5	0	0	3	0	nothing radial to replace	
B	17	1.75	33.5	0	0.1	0	0	nothing radial to replace	
B	17	1.75	33.5	0	0.1	0.4375	0	nothing radial to replace	
B	17	1.75	33.5	0	0.1	0.875	0	nothing radial to replace	
B	17	1.75	33.5	0	0.1	0.5	0	nothing radial to replace	
B	17	1.75	33.5	0	0.1	3	0	nothing radial to replace	
B	17	1.75	35	-0.6	0	0	0	tip land gone	
B	17	1.75	35	-0.6	0	0.4375	0	tip land gone	
B	17	1.75	35	-0.6	0	0.875	0	tip land gone	
B	17	1.75	35	-0.6	0	0.5	0	tip land gone	
B	17	1.75	35	-0.6	0	3	0	tip land gone	
B	17	1.75	35	-0.6	0.1	0	0	tip land gone	
B	17	1.75	35	-0.6	0.1	0.4375	0	tip land gone	
B	17	1.75	35	-0.6	0.1	0.875	0	tip land gone	
B	17	1.75	35	-0.6	0.1	0.5	0	tip land gone	
B	17	1.75	35	-0.6	0.1	3	0	tip land gone	
B	17	1.75	35	0	0	0	0	nothing radial to replace	
B	17	1.75	35	0	0	0.4375	0	nothing radial to replace	
B	17	1.75	35	0	0	0.875	0	nothing radial to replace	
B	17	1.75	35	0	0	0.5	0	nothing radial to replace	
B	17	1.75	35	0	0	3	0	nothing radial to replace	
B	18	1.75	14.5	1	0	0	0	nothing radial to replace	
B	18	1.75	14.5	1	0	0.4375	0.4375	nothing radial to replace	
B	18	1.75	14.5	1	0	0.875	0.875	nothing radial to replace	
B	18	1.75	14.5	1	0	0.5	0.5	nothing radial to replace	
B	18	1.75	14.5	1	0	3	1.044	nothing radial to replace	
B	18	1.75	14.5	1	0.1	0	0	nothing radial to replace	
B	18	1.75	14.5	1	0.1	0.4375	0.4375	nothing radial to replace	
B	18	1.75	14.5	1	0.1	0.875	0.875	nothing radial to replace	
B	18	1.75	14.5	1	0.1	0.5	0.5	nothing radial to replace	
B	18	1.75	14.5	1	0.1	3	1.109	nothing radial to replace	
B	18	1.75	20	1	0	0	0	nothing radial to replace	
B	18	1.75	20	1	0	0.4375	0.4375	nothing radial to replace	
B	18	1.75	20	1	0	0.875	0.825	nothing radial to replace	
B	18	1.75	20	1	0	0.5	0.5	nothing radial to replace	
B	18	1.75	20	1	0	3	0.825	nothing radial to replace	
B	18	1.75	20	1	0.1	0	0	nothing radial to replace	
B	18	1.75	20	1	0.1	0.4375	0.4375	nothing radial to replace	
B	18	1.75	20	1	0.1	0.875	0.875	nothing radial to replace	
B	18	1.75	20	1	0.1	0.5	0.5	nothing radial to replace	
B	18	1.75	20	1	0.1	3	0.897	nothing radial to replace	
B	18	1.75	32	0	0	0	0	nothing radial to replace	
B	18	1.75	32	0	0	0.4375	0.013	nothing radial to replace	
B	18	1.75	32	0	0	0.875	0.013	nothing radial to replace	
B	18	1.75	32	0	0	0.5	0.013	nothing radial to replace	
B	18	1.75	32	0	0	3	0.013	nothing radial to replace	
B	18	1.75	32	0	0.1	0	0	nothing radial to replace	
B	18	1.75	32	0	0.1	0.4375	0.103	nothing radial to replace	
B	18	1.75	32	0	0.1	0.875	0.103	nothing radial to replace	
B	18	1.75	32	0	0.1	0.5	0.103	nothing radial to replace	
B	18	1.75	32	0	0.1	3	0.103	nothing radial to replace	
B	18	1.75	32.5	-0.6	0	0	0	tip land gone	
B	18	1.75	32.5	-0.6	0	0.4375	0	tip land gone	
B	18	1.75	32.5	-0.6	0	0.875	0	tip land gone	
B	18	1.75	32.5	-0.6	0	0.5	0	tip land gone	
B	18	1.75	32.5	-0.6	0	3	0	tip land gone	
B	18	1.75	32.5	0	0	0	0	nothing radial to replace	
B	18	1.75	32.5	0	0	0.4375	0	nothing radial to replace	
B	18	1.75	32.5	0	0	0.875	0	nothing radial to replace	
B	18	1.75	32.5	0	0	0.5	0	nothing radial to replace	
B	18	1.75	32.5	0	0	3	0	nothing radial to replace	
B	18	1.75	32.5	0	0.1	0	0	nothing radial to replace	
B	18	1.75	32.5	0	0.1	0.4375	0.056	nothing radial to replace	
B	18	1.75	32.5	0	0.1	0.875	0.056	nothing radial to replace	
B	18	1.75	32.5	0	0.1	0.5	0.056	nothing radial to replace	
B	18	1.75	32.5	0	0.1	3	0.056	nothing radial to replace	
B	18	1.75	33	-0.6	0	0	0	tip land gone	
B	18	1.75	33	-0.6	0	0.4375	0	tip land gone	
B	18	1.75	33	-0.6	0	0.875	0	tip land gone	
B	18	1.75	33	-0.6	0	0.5	0	tip land gone	
B	18	1.75	33	-0.6	0	3	0	tip land gone	
B	18	1.75	33	0	0	0	0	nothing radial to replace	
B	18	1.75	33	0	0	0.4375	0	nothing radial to replace	
B	18	1.75	33	0	0	0.875	0	nothing radial to replace	
B	18	1.75	33	0	0	0.5	0	nothing radial to replace	
B	18	1.75	33	0	0	3	0	nothing radial to replace	
B	18	1.75	33	0	0.1	0	0	nothing radial to replace	
B	18	1.75	33	0	0.1	0.4375	0.007	nothing radial to replace	
B	18	1.75	33	0	0.1	0.875	0.007	nothing radial to replace	
B	18	1.75	33	0	0.1	0.5	0.007	nothing radial to replace	
B	18	1.75	33	0	0.1	3	0.007	nothing radial to replace	
B	18	1.75	33.5	-0.6	0	0	0	tip land gone	
B	18	1.75	33.5	-0.6	0	0.4375	0	tip land gone	
B	18	1.75	33.5	-0.6	0	0.875	0	tip land gone	
B	18	1.75	33.5	-0.6	0	0.5	0	tip land gone	
B	18	1.75	33.5	-0.6	0	3	0	tip land gone	
B	18	1.75	33.5	-0.6	0.1	0	0	tip land gone	
B	18	1.75	33.5	-0.6	0.1	0.4375	0	tip land gone	
B	18	1.75	33.5	-0.6	0.1	0.875	0	tip land gone	
B	18	1.75	33.5	-0.6	0.1	0.5	0	tip land gone	
B	18	1.75	33.5	-0.6	0.1	3	0	tip land gone	
B	18	1.75	33.5	0	0	0	0	nothing radial to replace	
B	18	1.75	33.5	0	0	0.4375	0	nothing radial to replace	
B	18	1.75	33.5	0	0	0.875	0	nothing radial to replace	
B	18	1.75	33.5	0	0	0.5	0	nothing radial to replace	
B	18	1.75	33.5	0	0	3	0	nothing radial to replace	
B	18	1.75	33.5	0	0.1	0	0	nothing radial to replace	
B	18	1.75	33.5	0	0.1	0.4375	0	nothing radial to replace	
B	18	1.75	33.5	0	0.1	0.875	0	nothing radial to replace	
B	18	1.75	33.5	0	0.1	0.5	0	nothing radial to replace	
B	18	1.75	33.5	0	0.1	3	0	nothing radial to replace	
B	18	1.75	35	-0.6	0	0	0	tip land gone	
B	18	1.75	35	-0.6	0	0.4375	0	tip land gone	
B	18	1.75	35	-0.6	0	0.875	0	tip land gone	
B	18	1.75	35	-0.6	0	0.5	0	tip land gone	
B	18	1.75	35	-0.6	0	3	0	tip land gone	
B	18	1.75	35	-0.6	0.1	0	0	tip land gone	
B	18	1.75	35	-0.6	0.1	0.4375	0	tip land gone	
B	18	1.75	35	-0.6	0.1	0.875	0	tip land gone	
B	18	1.75	35	-0.6	0.1	0.5	0	tip land gone	
B	18	1.75	35	-0.6	0.1	3	0	tip land gone	
B	18	1.75	35	0	0	0	0	nothing radial to replace	
B	18	1.75	35	0	0	0.4375	0	nothing radial to replace	
B	18	1.75	35	0	0	0.875	0	nothing radial to replace	
B	18	1.75	35	0	0	0.5	0	nothing radial to replace	
B	18	1.75	35	0	0	3	0	nothing radial to replace	
B	20	1.75	14.5	1	0	0	0	nothing radial to replace	
B	20	1.75	14.5	1	0	0.4375	0.4375	nothing radial to replace	
B	20	1.75	14.5	1	0	0.875	0.875	nothing radial to replace	
B	20	1.75	14.5	1	0	0.5	0.5	nothing radial to replace	
B	20	1.75	14.5	1	0	3	1.044	nothing radial to replace	
B	20	1.75	14.5	1	0.1	0	0	nothing radial to replace	
B	20	1.75	14.5	1	0.1	0.4375	0.4375	nothing radial to replace	
B	20	1.75	14.5	1	0.1	0.875	0.875	nothing radial to replace	
B	20	1.75	14.5	1	0.1	0.5	0.5	nothing radial to replace	
B	20	1.75	14.5	1	0.1	3	1.109	nothing radial to replace	
B	20	1.75	20	1	0	0	0	nothing radial to replace	
B	20	1.75	20	1	0	0.4375	0.4375	nothing radial to replace	
B	20	1.75	20	1	0	0.875	0.825	nothing radial to replace	
B	20	1.75	20	1	0	0.5	0.5	nothing radial to replace	
B	20	1.75	20	1	0	3	0.825	nothing radial to replace	
B	20	1.75	20	1	0.1	0	0	nothing radial to replace	
B	20	1.75	20	1	0.1	0.4375	0.4375	nothing radial to replace	
B	20	1.75	20	1	0.1	0.875	0.875	nothing radial to replace	
B	20	1.75	20	1	0.1	0.5	0.5	nothing radial to replace	
B	20	1.75	20	1	0.1	3	0.897	nothing radial to replace	
B	20	1.75	25	1	0	0	0	nothing radial to replace	
B	20	1.75	25	1	0	0.4375	0.4375	nothing radial to replace	
B	20	1.75	25	1	0	0.875	0.556	nothing radial to replace	
B	20	1.75	25	1	0	0.5	0.5	nothing radial to replace	
B	20	1.75	25	1	0	3	0.556	nothing radial to replace	
B	20	1.75	30	0	0	0	0	nothing radial to replace	
B	20	1.75	30	0	0	0.4375	0.193	nothing radial to replace	
B	20	1.75	30	0	0	0.875	0.193	nothing radial to replace	
B	20	1.75	30	0	0	0.5	0.193	nothing radial to replace	
B	20	1.75	30	0	0	3	0.193	nothing radial to replace	
B	20	1.75	30	0	0.1	0	0	nothing radial to replace	
B	20	1.75	30	0	0.1	0.4375	0.279	nothing radial to replace	
B	20	1.75	30	0	0.1	0.875	0.279	nothing radial to replace	
B	20	1.75	30	0	0.1	0.5	0.279	nothing radial to replace	
B	20	1.75	30	0	0.1	3	0.279	nothing radial to replace	
B	20	1.75	32	0	0	0	0	nothing radial to replace	
B	20	1.75	32	0	0	0.4375	0.013	nothing radial to replace	
B	20	1.75	32	0	0	0.875	0.013	nothing radial to replace	
B	20	1.75	32	0	0	0.5	0.013	nothing radial to replace	
B	20	1.75	32	0	0	3	0.013	nothing radial to replace	
B	20	1.75	32	0	0.1	0	0	nothing radial to replace	
B	20	1.75	32	0	0.1	0.4375	0.103	nothing radial to replace	
B	20	1.75	32	0	0.1	0.875	0.103	nothing radial to replace	
B	20	1.75	32	0	0.1	0.5	0.103	nothing radial to replace	
B	20	1.75	32	0	0.1	3	0.103	nothing radial to replace	
B	20	1.75	32.5	-0.6	0	0	0	tip land gone	
B	20	1.75	32.5	-0.6	0	0.4375	0	tip land gone	
B	20	1.75	32.5	-0.6	0	0.875	0	tip land gone	
B	20	1.75	32.5	-0.6	0	0.5	0	tip land gone	
B	20	1.75	32.5	-0.6	0	3	0	tip land gone	
B	20	1.75	32.5	0	0	0	0	nothing radial to replace	
B	20	1.75	32.5	0	0	0.4375	0	nothing radial to replace	
B	20	1.75	32.5	0	0	0.875	0	nothing radial to replace	
B	20	1.75	32.5	0	0	0.5	0	nothing radial to replace	
B	20	1.75	32.5	0	0	3	0	nothing radial to replace	
B	20	1.75	32.5	0	0.1	0	0	nothing radial to replace	
B	20	1.75	32.5	0	0.1	0.4375	0.056	nothing radial to replace	
B	20	1.75	32.5	0	0.1	0.875	0.056	nothing radial to replace	
B	20	1.75	32.5	0	0.1	0.5	0.056	nothing radial to replace	
B	20	1.75	32.5	0	0.1	3	0.056	nothing radial to replace	
B	20	1.75	33	-0.6	0	0	0	tip land gone	
B	20	1.75	33	-0.6	0	0.4375	0	tip land gone	
B	20	1.75	33	-0.6	0	0.875	0	tip land gone	
B	20	1.75	33	-0.6	0	0.5	0	tip land gone	
B	20	1.75	33	-0.6	0	3	0	tip land gone	
B	20	1.75	33	0	0	0	0	nothing radial to replace	
B	20	1.75	33	0	0	0.4375	0	nothing radial to replace	
B	20	1.75	33	0	0	0.875	0	nothing radial to replace	
B	20	1.75	33	0	0	0.5	0	nothing radial to replace	
B	20	1.75	33	0	0	3	0	nothing radial to replace	
B	20	1.75	33	0	0.1	0	0	nothing radial to replace	
B	20	1.75	33	0	0.1	0.4375	0.007	nothing radial to replace	
B	20	1.75	33	0	0.1	0.875	0.007	nothing radial to replace	
B	20	1.75	33	0	0.1	0.5	0.007	nothing radial to replace	
B	20	1.75	33	0	0.1	3	0.007	nothing radial to replace	
B	20	1.75	33.5	-0.6	0	0	0	tip land gone	
B	20	1.75	33.5	-0.6	0	0.4375	0	tip land gone	
B	20	1.75	33.5	-0.6	0	0.875	0	tip land gone	
B	20	1.75	33.5	-0.6	0	0.5	0	tip land gone	
B	20	1.75	33.5	-0.6	0	3	0	tip land gone	
B	20	1.75	33.5	-0.6	0.1	0	0	tip land gone	
B	20	1.75	33.5	-0.6	0.1	0.4375	0	tip land gone	
B	20	1.75	33.5	-0.6	0.1	0.875	0	tip land gone	
B	20	1.75	33.5	-0.6	0.1	0.5	0	tip land gone	
B	20	1.75	33.5	-0.6	0.1	3	0	tip land gone	
B	20	1.75	33.5	0	0	0	0	nothing radial to replace	
B	20	1.75	33.5	0	0	0.4375	0	nothing radial to replace	
B	20	1.75	33.5	0	0	0.875	0	nothing radial to replace	
B	20	1.75	33.5	0	0	0.5	0	nothing radial to replace	
B	20	1.75	33.5	0	0	3	0	nothing radial to replace	
B	20	1.75	33.5	0	0.1	0	0	nothing radial to replace	
B	20	1.75	33.5	0	0.1	0.4375	0	nothing radial to replace	
B	20	1.75	33.5	0	0.1	0.875	0	nothing radial to replace	
B	20	1.75	33.5	0	0.1	0.5	0	nothing radial to replace	
B	20	1.75	33.5	0	0.1	3	0	nothing radial to replace	
B	20	1.75	35	-0.6	0	0	0	tip land gone	
B	20	1.75	35	-0.6	0	0.4375	0	tip land gone	
B	20	1.75	35	-0.6	0	0.875	0	tip land gone	
B	20	1.75	35	-0.6	0	0.5	0	tip land gone	
B	20	1.75	35	-0.6	0	3	0	tip land gone	
B	20	1.75	35	-0.6	0.1	0	0	tip land gone	
B	20	1.75	35	-0.6	0.1	0.4375	0	tip land gone	
B	20	1.75	35	-0.6	0.1	0.875	0	tip land gone	
B	20	1.75	35	-0.6	0.1	0.5	0	tip land gone	
B	20	1.75	35	-0.6	0.1	3	0	tip land gone	
B	20	1.75	35	0	0	0	0	nothing radial to replace	
B	20	1.75	35	0	0	0.4375	0	nothing radial to replace	
B	20	1.75	35	0	0	0.875	0	nothing radial to replace	
B	20	1.75	35	0	0	0.5	0	nothing radial to replace	
B	20	1.75	35	0	0	3	0	nothing radial to replace	
B	25	1.75	14.5	1	0	0	0	nothing radial to replace	
B	25	1.75	14.5	1	0	0.4375	0.4375	nothing radial to replace	
B	25	1.75	14.5	1	0	0.875	0.875	nothing radial to replace	
B	25	1.75	14.5	1	0	0.5	0.5	nothing radial to replace	
B	25	1.75	14.5	1	0	3	1.044	nothing radial to replace	
B	25	1.75	14.5	1	0.1	0	0	nothing radial to replace	
B	25	1.75	14.5	1	0.1	0.4375	0.4375	nothing radial to replace	
B	25	1.75	14.5	1	0.1	0.875	0.875	nothing radial to replace	
B	25	1.75	14.5	1	0.1	0.5	0.5	nothing radial to replace	
B	25	1.75	14.5	1	0.1	3	1.109	nothing radial to replace	
B	25	1.75	20	1	0	0	0	nothing radial to replace	
B	25	1.75	20	1	0	0.4375	0.4375	nothing radial to replace	
B	25	1.75	20	1	0	0.875	0.825	nothing radial to replace	
B	25	1.75	20	1	0	0.5	0.5	nothing radial to replace	
B	25	1.75	20	1	0	3	0.825	nothing radial to replace	
B	25	1.75	20	1	0.1	0	0	nothing radial to replace	
B	25	1.75	20	1	0.1	0.4375	0.4375	nothing radial to replace	
B	25	1.75	20	1	0.1	0.875	0.875	nothing radial to replace	
B	25	1.75	20	1	0.1	0.5	0.5	nothing radial to replace	
B	25	1.75	20	1	0.1	3	0.897	nothing radial to replace	
B	25	1.75	25	1	0	0	0	nothing radial to replace	
B	25	1.75	25	1	0	0.4375	0.4375	nothing radial to replace	
B	25	1.75	25	1	0	0.875	0.556	nothing radial to replace	
B	25	1.75	25	1	0	0.5	0.5	nothing radial to replace	
B	25	1.75	25	1	0	3	0.556	nothing radial to replace	
B	25	1.75	25	1	0.1	0	0	nothing radial to replace	
B	25	1.75	25	1	0.1	0.4375	0.4375	nothing radial to replace	
B	25	1.75	25	1	0.1	0.875	0.634	nothing radial to replace	
B	25	1.75	25	1	0.1	0.5	0.5	nothing radial to replace	
B	25	1.75	25	1	0.1	3	0.634	nothing radial to replace	
B	25	1.75	30	0	0	0	0	nothing radial to replace	
B	25	1.75	30	0	0	0.4375	0.193	nothing radial to replace	
B	25	1.75	30	0	0	0.875	0.193	nothing radial to replace	
B	25	1.75	30	0	0	0.5	0.193	nothing radial to replace	
B	25	1.75	30	0	0	3	0.193	nothing radial to replace	
B	25	1.75	30	0	0.1	0	0	nothing radial to replace	
B	25	1.75	30	0	0.1	0.4375	0.279	nothing radial to replace	
B	25	1.75	30	0	0.1	0.875	0.279	nothing radial to replace	
B	25	1.75	30	0	0.1	0.5	0.279	nothing radial to replace	
B	25	1.75	30	0	0.1	3	0.279	nothing radial to replace	
B	25	1.75	32	-0.6	0	0	0	nothing radial to replace	
B	25	1.75	32	-0.6	0	0.4375	0.013	nothing radial to replace	
B	25	1.75	32	-0.6	0	0.875	0.013	nothing radial to replace	
B	25	1.75	32	-0.6	0	0.5	0.013	nothing radial to replace	
B	25	1.75	32	-0.6	0	3	0.013	nothing radial to replace	
B	25	1.75	32	-0.6	0.1	0	0	nothing radial to replace	
B	25	1.75	32	-0.6	0.1	0.4375	0.103	nothing radial to replace	
B	25	1.75	32	-0.6	0.1	0.875	0.103	nothing radial to replace	
B	25	1.75	32	-0.6	0.1	0.5	0.103	nothing radial to replace	
B	25	1.75	32	-0.6	0.1	3	0.103	nothing radial to replace	
B	25	1.75	32	0	0	0	0	nothing radial to replace	
B	25	1.75	32	0	0	0.4375	0.013	nothing radial to replace	
B	25	1.75	32	0	0	0.875	0.013	nothing radial to replace	
B	25	1.75	32	0	0	0.5	0.013	nothing radial to replace	
B	25	1.75	32	0	0	3	0.013	nothing radial to replace	
B	25	1.75	32	0	0.1	0	0	nothing radial to replace	
B	25	1.75	32	0	0.1	0.4375	0.103	nothing radial to replace	
B	25	1.75	32	0	0.1	0.875	0.103	nothing radial to replace	
B	25	1.75	32	0	0.1	0.5	0.103	nothing radial to replace	
B	25	1.75	32	0	0.1	3	0.103	nothing radial to replace	
B	25	1.75	32.5	-0.6	0	0	0	nothing radial to replace	
B	25	1.75	32.5	-0.6	0	0.4375	0	nothing radial to replace	
B	25	1.75	32.5	-0.6	0	0.875	0	nothing radial to replace	
B	25	1.75	32.5	-0.6	0	0.5	0	nothing radial to replace	
B	25	1.75	32.5	-0.6	0	3	0	nothing radial to replace	
B	25	1.75	32.5	-0.6	0.1	0	0	nothing radial to replace	
B	25	1.75	32.5	-0.6	0.1	0.4375	0.056	nothing radial to replace	
B	25	1.75	32.5	-0.6	0.1	0.875	0.056	nothing radial to replace	
B	25	1.75	32.5	-0.6	0.1	0.5	0.056	nothing radial to replace	
B	25	1.75	32.5	-0.6	0.1	3	0.056	nothing radial to replace	
B	25	1.75	32.5	0	0	0	0	nothing radial to replace	
B	25	1.75	32.5	0	0	0.4375	0	nothing radial to replace	
B	25	1.75	32.5	0	0	0.875	0	nothing radial to replace	
B	25	1.75	32.5	0	0	0.5	0	nothing radial to replace	
B	25	1.75	32.5	0	0	3	0	nothing radial to replace	
B	25	1.75	32.5	0	0.1	0	0	nothing radial to replace	
B	25	1.75	32.5	0	0.1	0.4375	0.056	nothing radial to replace	
B	25	1.75	32.5	0	0.1	0.875	0.056	nothing radial to replace	
B	25	1.75	32.5	0	0.1	0.5	0.056	nothing radial to replace	
B	25	1.75	32.5	0	0.1	3	0.056	nothing radial to replace	
B	25	1.75	33	-0.6	0	0	0	nothing radial to replace	
B	25	1.75	33	-0.6	0	0.4375	0	nothing radial to replace	
B	25	1.75	33	-0.6	0	0.875	0	nothing radial to replace	
B	25	1.75	33	-0.6	0	0.5	0	nothing radial to replace	
B	25	1.75	33	-0.6	0	3	0	nothing radial to replace	
B	25	1.75	33	-0.6	0.1	0	0	nothing radial to replace	
B	25	1.75	33	-0.6	0.1	0.4375	0.007	nothing radial to replace	
B	25	1.75	33	-0.6	0.1	0.875	0.007	nothing radial to replace	
B	25	1.75	33	-0.6	0.1	0.5	0.007	nothing radial to replace	
B	25	1.75	33	-0.6	0.1	3	0.007	nothing radial to replace	
B	25	1.75	33	0	0	0	0	nothing radial to replace	
B	25	1.75	33	0	0	0.4375	0	nothing radial to replace	
B	25	1.75	33	0	0	0.875	0	nothing radial to replace	
B	25	1.75	33	0	0	0.5	0	nothing radial to replace	
B	25	1.75	33	0	0	3	0	nothing radial to replace	
B	25	1.75	33	0	0.1	0	0	nothing radial to replace	
B	25	1.75	33	0	0.1	0.4375	0.007	nothing radial to replace	
B	25	1.75	33	0	0.1	0.875	0.007	nothing radial to replace	
B	25	1.75	33	0	0.1	0.5	0.007	nothing radial to replace	
B	25	1.75	33	0	0.1	3	0.007	nothing radial to replace	
B	25	1.75	33.5	-0.6	0	0	0	nothing radial to replace	
B	25	1.75	33.5	-0.6	0	0.4375	0	nothing radial to replace	
B	25	1.75	33.5	-0.6	0	0.875	0	nothing radial to replace	
B	25	1.75	33.5	-0.6	0	0.5	0	nothing radial to replace	
B	25	1.75	33.5	-0.6	0	3	0	nothing radial to replace	
B	25	1.75	33.5	-0.6	0.1	0	0	nothing radial to replace	
B	25	1.75	33.5	-0.6	0.1	0.4375	0	nothing radial to replace	
B	25	1.75	33.5	-0.6	0.1	0.875	0	nothing radial to replace	
B	25	1.75	33.5	-0.6	0.1	0.5	0	nothing radial to replace	
B	25	1.75	33.5	-0.6	0.1	3	0	nothing radial to replace	
B	25	1.75	33.5	0	0	0	0	nothing radial to replace	
B	25	1.75	33.5	0	0	0.4375	0	nothing radial to replace	
B	25	1.75	33.5	0	0	0.875	0	nothing radial to replace	
B	25	1.75	33.5	0	0	0.5	0	nothing radial to replace	
B	25	1.75	33.5	0	0	3	0	nothing radial to replace	
B	25	1.75	33.5	0	0.1	0	0	nothing radial to replace	
B	25	1.75	33.5	0	0.1	0.4375	0	nothing radial to replace	
B	25	1.75	33.5	0	0.1	0.875	0	nothing radial to replace	
B	25	1.75	33.5	0	0.1	0.5	0	nothing radial to replace	
B	25	1.75	33.5	0	0.1	3	0	nothing radial to replace	
B	25	1.75	35	-0.6	0	0	0	nothing radial to replace	
B	25	1.75	35	-0.6	0	0.4375	0	nothing radial to replace	
B	25	1.75	35	-0.6	0	0.875	0	nothing radial to replace	
B	25	1.75	35	-0.6	0	0.5	0	nothing radial to replace	
B	25	1.75	35	-0.6	0	3	0	nothing radial to replace	
B	25	1.75	35	-0.6	0.1	0	0	nothing radial to replace	
B	25	1.75	35	-0.6	0.1	0.4375	0	nothing radial to replace	
B	25	1.75	35	-0.6	0.1	0.875	0	nothing radial to replace	
B	25	1.75	35	-0.6	0.1	0.5	0	nothing radial to replace	
B	25	1.75	35	-0.6	0.1	3	0	nothing radial to replace	
B	25	1.75	35	0	0	0	0	nothing radial to replace	
B	25	1.75	35	0	0	0.4375	0	nothing radial to replace	
B	25	1.75	35	0	0	0.875	0	nothing radial to replace	
B	25	1.75	35	0	0	0.5	0	nothing radial to replace	
B	25	1.75	35	0	0	3	0	nothing radial to replace	
B	30	1.75	14.5	1	0	0	0	nothing radial to replace	
B	30	1.75	14.5	1	0	0.4375	0.4375	nothing radial to replace	
B	30	1.75	14.5	1	0	0.875	0.875	nothing radial to replace	
B	30	1.75	14.5	1	0	0.5	0.5	nothing radial to replace	
B	30	1.75	14.5	1	0	3	1.044	nothing radial to replace	
B	30	1.75	14.5	1	0.1	0	0	nothing radial to replace	
B	30	1.75	14.5	1	0.1	0.4375	0.4375	nothing radial to replace	
B	30	1.75	14.5	1	0.1	0.875	0.875	nothing radial to replace	
B	30	1.75	14.5	1	0.1	0.5	0.5	nothing radial to replace	
B	30	1.75	14.5	1	0.1	3	1.109	nothing radial to replace	
B	30	1.75	20	1	0	0	0	nothing radial to replace	
B	30	1.75	20	1	0	0.4375	0.4375	nothing radial to replace	
B	30	1.75	20	1	0	0.875	0.825	nothing radial to replace	
B	30	1.75	20	1	0	0.5	0.5	nothing radial to replace	
B	30	1.75	20	1	0	3	0.825	nothing radial to replace	
B	30	1.75	20	1	0.1	0	0	nothing radial to replace	
B	30	1.75	20	1	0.1	0.4375	0.4375	nothing radial to replace	
B	30	1.75	20	1	0.1	0.875	0.875	nothing radial to replace	
B	30	1.75	20	1	0.1	0.5	0.5	nothing radial to replace	
B	30	1.75	20	1	0.1	3	0.897	nothing radial to replace	
B	30	1.75	25	0	0	0	0	nothing radial to replace	
B	30	1.75	25	0	0	0.4375	0.4375	nothing radial to replace	
B	30	1.75	25	0	0	0.875	0.556	nothing radial to replace	
B	30	1.75	25	0	0	0.5	0.5	nothing radial to replace	
B	30	1.75	25	0	0	3	0.556	nothing radial to replace	
B	30	1.75	25	0	0.1	0	0	nothing radial to replace	
B	30	1.75	25	0	0.1	0.4375	0.4375	nothing radial to replace	
B	30	1.75	25	0	0.1	0.875	0.634	nothing radial to replace	
B	30	1.75	25	0	0.1	0.5	0.5	nothing radial to replace	
B	30	1.75	25	0	0.1	3	0.634	nothing radial to replace	
B	30	1.75	25	1	0	0	0	nothing radial to replace	
B	30	1.75	25	1	0	0.4375	0.4375	nothing radial to replace	
B	30	1.75	25	1	0	0.875	0.556	nothing radial to replace	
B	30	1.75	25	1	0	0.5	0.5	nothing radial to replace	
B	30	1.75	25	1	0	3	0.556	nothing radial to replace	
B	30	1.75	25	1	0.1	0	0	nothing radial to replace	
B	30	1.75	25	1	0.1	0.4375	0.4375	nothing radial to replace	
B	30	1.75	25	1	0.1	0.875	0.634	nothing radial to replace	
B	30	1.75	25	1	0.1	0.5	0.5	nothing radial to replace	
B	30	1.75	25	1	0.1	3	0.634	nothing radial to replace	
B	30	1.75	30	-0.6	0	0	0	nothing radial to replace	
B	30	1.75	30	-0.6	0	0.4375	0.193	nothing radial to replace	
B	30	1.75	30	-0.6	0	0.875	0.193	nothing radial to replace	
B	30	1.75	30	-0.6	0	0.5	0.193	nothing radial to replace	
B	30	1.75	30	-0.6	0	3	0.193	nothing radial to replace	
B	30	1.75	30	-0.6	0.1	0	0	nothing radial to replace	
B	30	1.75	30	-0.6	0.1	0.4375	0.279	nothing radial to replace	
B	30	1.75	30	-0.6	0.1	0.875	0.279	nothing radial to replace	
B	30	1.75	30	-0.6	0.1	0.5	0.279	nothing radial to replace	
B	30	1.75	30	-0.6	0.1	3	0.279	nothing radial to replace	
B	30	1.75	30	0	0	0	0	nothing radial to replace	
B	30	1.75	30	0	0	0.4375	0.193	nothing radial to replace	
B	30	1.75	30	0	0	0.875	0.193	nothing radial to replace	
B	30	1.75	30	0	0	0.5	0.193	nothing radial to replace	
B	30	1.75	30	0	0	3	0.193	nothing radial to replace	
B	30	1.75	30	0	0.1	0	0	nothing radial to replace	
B	30	1.75	30	0	0.1	0.4375	0.279	nothing radial to replace	
B	30	1.75	30	0	0.1	0.875	0.279	nothing radial to replace	
B	30	1.75	30	0	0.1	0.5	0.279	nothing radial to replace	
B	30	1.75	30	0	0.1	3	0.279	nothing radial to replace	
B	30	1.75	30	1	0	0	0	nothing radial to replace	
B	30	1.75	30	1	0	0.4375	0.193	nothing radial to replace	
B	30	1.75	30	1	0	0.875	0.193	nothing radial to replace	
B	30	1.75	30	1	0	0.5	0.193	nothing radial to replace	
B	30	1.75	30	1	0	3	0.193	nothing radial to replace	
B	30	1.75	32	-0.6	0	0	0	nothing radial to replace	
B	30	1.75	32	-0.6	0	0.4375	0.013	nothing radial to replace	
B	30	1.75	32	-0.6	0	0.875	0.013	nothing radial to replace	
B	30	1.75	32	-0.6	0	0.5	0.013	nothing radial to replace	
B	30	1.75	32	-0.6	0	3	0.013	nothing radial to replace	
B	30	1.75	32	-0.6	0.1	0	0	nothing radial to replace	
B	30	1.75	32	-0.6	0.1	0.4375	0.103	nothing radial to replace	
B	30	1.75	32	-0.6	0.1	0.875	0.103	nothing radial to replace	
B	30	1.75	32	-0.6	0.1	0.5	0.103	nothing radial to replace	
B	30	1.75	32	-0.6	0.1	3	0.103	nothing radial to replace	
B	30	1.75	32	0	0	0	0	nothing radial to replace	
B	30	1.75	32	0	0	0.4375	0.013	nothing radial to replace	
B	30	1.75	32	0	0	0.875	0.013	nothing radial to replace	
B	30	1.75	32	0	0	0.5	0.013	nothing radial to replace	
B	30	1.75	32	0	0	3	0.013	nothing radial to replace	
B	30	1.75	32	0	0.1	0	0	nothing radial to replace	
B	30	1.75	32	0	0.1	0.4375	0.103	nothing radial to replace	
B	30	1.75	32	0	0.1	0.875	0.103	nothing radial to replace	
B	30	1.75	32	0	0.1	0.5	0.103	nothing radial to replace	
B	30	1.75	32	0	0.1	3	0.103	nothing radial to replace	
B	30	1.75	32.5	-0.6	0	0	0	nothing radial to replace	
B	30	1.75	32.5	-0.6	0	0.4375	0	nothing radial to replace	
B	30	1.75	32.5	-0.6	0	0.875	0	nothing radial to replace	
B	30	1.75	32.5	-0.6	0	0.5	0	nothing radial to replace	
B	30	1.75	32.5	-0.6	0	3	0	nothing radial to replace	
B	30	1.75	32.5	-0.6	0.1	0	0	nothing radial to replace	
B	30	1.75	32.5	-0.6	0.1	0.4375	0.056	nothing radial to replace	
B	30	1.75	32.5	-0.6	0.1	0.875	0.056	nothing radial to replace	
B	30	1.75	32.5	-0.6	0.1	0.5	0.056	nothing radial to replace	
B	30	1.75	32.5	-0.6	0.1	3	0.056	nothing radial to replace	
B	30	1.75	32.5	0	0	0	0	nothing radial to replace	
B	30	1.75	32.5	0	0	0.4375	0	nothing radial to replace	
B	30	1.75	32.5	0	0	0.875	0	nothing radial to replace	
B	30	1.75	32.5	0	0	0.5	0	nothing radial to replace	
B	30	1.75	32.5	0	0	3	0	nothing radial to replace	
B	30	1.75	32.5	0	0.1	0	0	nothing radial to replace	
B	30	1.75	32.5	0	0.1	0.4375	0.056	nothing radial to replace	
B	30	1.75	32.5	0	0.1	0.875	0.056	nothing radial to replace	
B	30	1.75	32.5	0	0.1	0.5	0.056	nothing radial to replace	
B	30	1.75	32.5	0	0.1	3	0.056	nothing radial to replace	
B	30	1.75	33	-0.6	0	0	0	nothing radial to replace	
B	30	1.75	33	-0.6	0	0.4375	0	nothing radial to replace	
B	30	1.75	33	-0.6	0	0.875	0	nothing radial to replace	
B	30	1.75	33	-0.6	0	0.5	0	nothing radial to replace	
B	30	1.75	33	-0.6	0	3	0	nothing radial to replace	
B	30	1.75	33	-0.6	0.1	0	0	nothing radial to replace	
B	30	1.75	33	-0.6	0.1	0.4375	0.007	nothing radial to replace	
B	30	1.75	33	-0.6	0.1	0.875	0.007	nothing radial to replace	
B	30	1.75	33	-0.6	0.1	0.5	0.007	nothing radial to replace	
B	30	1.75	33	-0.6	0.1	3	0.007	nothing radial to replace	
B	30	1.75	33	0	0	0	0	nothing radial to replace	
B	30	1.75	33	0	0	0.4375	0	nothing radial to replace	
B	30	1.75	33	0	0	0.875	0	nothing radial to replace	
B	30	1.75	33	0	0	0.5	0	nothing radial to replace	
B	30	1.75	33	0	0	3	0	nothing radial to replace	
B	30	1.75	33	0	0.1	0	0	nothing radial to replace	
B	30	1.75	33	0	0.1	0.4375	0.007	nothing radial to replace	
B	30	1.75	33	0	0.1	0.875	0.007	nothing radial to replace	
B	30	1.75	33	0	0.1	0.5	0.007	nothing radial to replace	
B	30	1.75	33	0	0.1	3	0.007	nothing radial to replace	
B	30	1.75	33.5	-0.6	0	0	0	nothing radial to replace	
B	30	1.75	33.5	-0.6	0	0.4375	0	nothing radial to replace	
B	30	1.75	33.5	-0.6	0	0.875	0	nothing radial to replace	
B	30	1.75	33.5	-0.6	0	0.5	0	nothing radial to replace	
B	30	1.75	33.5	-0.6	0	3	0	nothing radial to replace	
B	30	1.75	33.5	-0.6	0.1	0	0	nothing radial to replace	
B	30	1.75	33.5	-0.6	0.1	0.4375	0	nothing radial to replace	
B	30	1.75	33.5	-0.6	0.1	0.875	0	nothing radial to replace	
B	30	1.75	33.5	-0.6	0.1	0.5	0	nothing radial to replace	
B	30	1.75	33.5	-0.6	0.1	3	0	nothing radial to replace	
B	30	1.75	33.5	0	0	0	0	nothing radial to replace	
B	30	1.75	33.5	0	0	0.4375	0	nothing radial to replace	
B	30	1.75	33.5	0	0	0.875	0	nothing radial to replace	
B	30	1.75	33.5	0	0	0.5	0	nothing radial to replace	
B	30	1.75	33.5	0	0	3	0	nothing radial to replace	
B	30	1.75	33.5	0	0.1	0	0	nothing radial to replace	
B	30	1.75	33.5	0	0.1	0.4375	0	nothing radial to replace	
B	30	1.75	33.5	0	0.1	0.875	0	nothing radial to replace	
B	30	1.75	33.5	0	0.1	0.5	0	nothing radial to replace	
B	30	1.75	33.5	0	0.1	3	0	nothing radial to replace	
B	30	1.75	35	-0.6	0	0	0	nothing radial to replace	
B	30	1.75	35	-0.6	0	0.4375	0	nothing radial to replace	
B	30	1.75	35	-0.6	0	0.875	0	nothing radial to replace	
B	30	1.75	35	-0.6	0	0.5	0	nothing radial to replace	
B	30	1.75	35	-0.6	0	3	0	nothing radial to replace	
B	30	1.75	35	-0.6	0.1	0	0	nothing radial to replace	
B	30	1.75	35	-0.6	0.1	0.4375	0	nothing radial to replace	
B	30	1.75	35	-0.6	0.1	0.875	0	nothing radial to replace	
B	30	1.75	35	-0.6	0.1	0.5	0	nothing radial to replace	
B	30	1.75	35	-0.6	0.1	3	0	nothing radial to replace	
B	30	1.75	35	0	0.1	0	0	nothing radial to replace	
B	30	1.75	35	0	0.1	0.4375	0	nothing radial to replace	
B	30	1.75	35	0	0.1	0.875	0	nothing radial to replace	
B	30	1.75	35	0	0.1	0.5	0	nothing radial to replace	
B	30	1.75	35	0	0.1	3	0	nothing radial to replace	
B	40	1.75	14.5	1	0	0	0	nothing radial to replace	
B	40	1.75	14.5	1	0	0.4375	0.4375	nothing radial to replace	
B	40	1.75	14.5	1	0	0.875	0.875	nothing radial to replace	
B	40	1.75	14.5	1	0	0.5	0.5	nothing radial to replace	
B	40	1.75	14.5	1	0	3	1.044	nothing radial to replace	
B	40	1.75	14.5	1	0.1	0	0	nothing radial to replace	
B	40	1.75	14.5	1	0.1	0.4375	0.4375	nothing radial to replace	
B	40	1.75	14.5	1	0.1	0.875	0.875	nothing radial to replace	
B	40	1.75	14.5	1	0.1	0.5	0.5	nothing radial to replace	
B	40	1.75	14.5	1	0.1	3	1.109	nothing radial to replace	
B	40	1.75	20	1	0	0	0	nothing radial to replace	
B	40	1.75	20	1	0	0.4375	0.4375	nothing radial to replace	
B	40	1.75	20	1	0	0.875	0.825	nothing radial to replace	
B	40	1.75	20	1	0	0.5	0.5	nothing radial to replace	
B	40	1.75	20	1	0	3	0.825	nothing radial to replace	
B	40	1.75	20	1	0.1	0	0	nothing radial to replace	
B	40	1.75	20	1	0.1	0.4375	0.4375	nothing radial to replace	
B	40	1.75	20	1	0.1	0.875	0.875	nothing radial to replace	
B	40	1.75	20	1	0.1	0.5	0.5	nothing radial to replace	
B	40	1.75	20	1	0.1	3	0.897	nothing radial to replace	
B	40	1.75	25	-0.6	0	0	0	nothing radial to replace	
B	40	1.75	25	-0.6	0	0.4375	0.4375	nothing radial to replace	
B	40	1.75	25	-0.6	0	0.875	0.556	nothing radial to replace	
B	40	1.75	25	-0.6	0	0.5	0.5	nothing radial to replace	
B	40	1.75	25	-0.6	0	3	0.556	nothing radial to replace	
B	40	1.75	25	-0.6	0.1	0	0	nothing radial to replace	
B	40	1.75	25	-0.6	0.1	0.4375	0.4375	nothing radial to replace	
B	40	1.75	25	-0.6	0.1	0.875	0.634	nothing radial to replace	
B	40	1.75	25	-0.6	0.1	0.5	0.5	nothing radial to replace	
B	40	1.75	25	-0.6	0.1	3	0.634	nothing radial to replace	
B	40	1.75	25	-0.6	1	0	0	nothing radial to replace	
B	40	1.75	25	-0.6	1	0.4375	0.4375	nothing radial to replace	
B	40	1.75	25	-0.6	1	0.875	0.875	nothing radial to replace	
B	40	1.75	25	-0.6	1	0.5	0.5	nothing radial to replace	
B	40	1.75	25	-0.6	1	3	1.341	nothing radial to replace	
B	40	1.75	25	0	0	0	0	nothing radial to replace	
B	40	1.75	25	0	0	0.4375	0.4375	nothing radial to replace	
B	40	1.75	25	0	0	0.875	0.556	nothing radial to replace	
B	40	1.75	25	0	0	0.5	0.5	nothing radial to replace	
B	40	1.75	25	0	0	3	0.556	nothing radial to replace	
B	40	1.75	25	0	0.1	0	0	nothing radial to replace	
B	40	1.75	25	0	0.1	0.4375	0.4375	nothing radial to replace	
B	40	1.75	25	0	0.1	0.875	0.634	nothing radial to replace	
B	40	1.75	25	0	0.1	0.5	0.5	nothing radial to replace	
B	40	1.75	25	0	0.1	3	0.634	nothing radial to replace	
B	40	1.75	25	1	0	0	0	nothing radial to replace	
B	40	1.75	25	1	0	0.4375	0.4375	nothing radial to replace	
B	40	1.75	25	1	0	0.875	0.556	nothing radial to replace	
B	40	1.75	25	1	0	0.5	0.5	nothing radial to replace	
B	40	1.75	25	1	0	3	0.556	nothing radial to replace	
B	40	1.75	25	1	0.1	0	0	nothing radial to replace	
B	40	1.75	25	1	0.1	0.4375	0.4375	nothing radial to replace	
B	40	1.75	25	1	0.1	0.875	0.634	nothing radial to replace	
B	40	1.75	25	1	0.1	0.5	0.5	nothing radial to replace	
B	40	1.75	25	1	0.1	3	0.634	nothing radial to replace	
B	40	1.75	30	-0.6	0	0	0	nothing radial to replace	
B	40	1.75	30	-0.6	0	0.4375	0.193	nothing radial to replace	
B	40	1.75	30	-0.6	0	0.875	0.193	nothing radial to replace	
B	40	1.75	30	-0.6	0	0.5	0.193	nothing radial to replace	
B	40	1.75	30	-0.6	0	3	0.193	nothing radial to replace	
B	40	1.75	30	-0.6	0.1	0	0	nothing radial to replace	
B	40	1.75	30	-0.6	0.1	0.4375	0.279	nothing radial to replace	
B	40	1.75	30	-0.6	0.1	0.875	0.279	nothing radial to replace	
B	40	1.75	30	-0.6	0.1	0.5	0.279	nothing radial to replace	
B	40	1.75	30	-0.6	0.1	3	0.279	nothing radial to replace	
B	40	1.75	30	0	0	0	0	nothing radial to replace	
B	40	1.75	30	0	0	0.4375	0.193	nothing radial to replace	
B	40	1.75	30	0	0	0.875	0.193	nothing radial to replace	
B	40	1.75	30	0	0	0.5	0.193	nothing radial to replace	
B	40	1.75	30	0	0	3	0.193	nothing radial to replace	
B	40	1.75	30	0	0.1	0	0	nothing radial to replace	
B	40	1.75	30	0	0.1	0.4375	0.279	nothing radial to replace	
B	40	1.75	30	0	0.1	0.875	0.279	nothing radial to replace	
B	40	1.75	30	0	0.1	0.5	0.279	nothing radial to replace	
B	40	1.75	30	0	0.1	3	0.279	nothing radial to replace	
B	40	1.75	30	1	0	0	0	nothing radial to replace	
B	40	1.75	30	1	0	0.4375	0.193	nothing radial to replace	
B	40	1.75	30	1	0	0.875	0.193	nothing radial to replace	
B	40	1.75	30	1	0	0.5	0.193	nothing radial to replace	
B	40	1.75	30	1	0	3	0.193	nothing radial to replace	
B	40	1.75	30	1	0.1	0	0	nothing radial to replace	
B	40	1.75	30	1	0.1	0.4375	0.279	nothing radial to replace	
B	40	1.75	30	1	0.1	0.875	0.279	nothing radial to replace	
B	40	1.75	30	1	0.1	0.5	0.279	nothing radial to replace	
B	40	1.75	30	1	0.1	3	0.279	nothing radial to replace	
B	40	1.75	32	-0.6	0	0	0	nothing radial to replace	
B	40	1.75	32	-0.6	0	0.4375	0.013	nothing radial to replace	
B	40	1.75	32	-0.6	0	0.875	0.013	nothing radial to replace	
B	40	1.75	32	-0.6	0	0.5	0.013	nothing radial to replace	
B	40	1.75	32	-0.6	0	3	0.013	nothing radial to replace	
B	40	1.75	32	-0.6	0.1	0	0	nothing radial to replace	
B	40	1.75	32	-0.6	0.1	0.4375	0.103	nothing radial to replace	
B	40	1.75	32	-0.6	0.1	0.875	0.103	nothing radial to replace	
B	40	1.75	32	-0.6	0.1	0.5	0.103	nothing radial to replace	
B	40	1.75	32	-0.6	0.1	3	0.103	nothing radial to replace	
B	40	1.75	32	0	0	0	0	nothing radial to replace	
B	40	1.75	32	0	0	0.4375	0.013	nothing radial to replace	
B	40	1.75	32	0	0	0.875	0.013	nothing radial to replace	
B	40	1.75	32	0	0	0.5	0.013	nothing radial to replace	
B	40	1.75	32	0	0	3	0.013	nothing radial to replace	
B	40	1.75	32	0	0.1	0	0	nothing radial to replace	
B	40	1.75	32	0	0.1	0.4375	0.103	nothing radial to replace	
B	40	1.75	32	0	0.1	0.875	0.103	nothing radial to replace	
B	40	1.75	32	0	0.1	0.5	0.103	nothing radial to replace	
B	40	1.75	32	0	0.1	3	0.103	nothing radial to replace	
B	40	1.75	32.5	-0.6	0	0	0	nothing radial to replace	
B	40	1.75	32.5	-0.6	0	0.4375	0	nothing radial to replace	
B	40	1.75	32.5	-0.6	0	0.875	0	nothing radial to replace	
B	40	1.75	32.5	-0.6	0	0.5	0	nothing radial to replace	
B	40	1.75	32.5	-0.6	0	3	0	nothing radial to replace	
B	40	1.75	32.5	-0.6	0.1	0	0	nothing radial to replace	
B	40	1.75	32.5	-0.6	0.1	0.4375	0.056	nothing radial to replace	
B	40	1.75	32.5	-0.6	0.1	0.875	0.056	nothing radial to replace	
B	40	1.75	32.5	-0.6	0.1	0.5	0.056	nothing radial to replace	
B	40	1.75	32.5	-0.6	0.1	3	0.056	nothing radial to replace	
B	40	1.75	32.5	0	0	0	0	nothing radial to replace	
B	40	1.75	32.5	0	0	0.4375	0	nothing radial to replace	
B	40	1.75	32.5	0	0	0.875	0	nothing radial to replace	
B	40	1.75	32.5	0	0	0.5	0	nothing radial to replace	
B	40	1.75	32.5	0	0	3	0	nothing radial to replace	
B	40	1.75	32.5	0	0.1	0	0	nothing radial to replace	
B	40	1.75	32.5	0	0.1	0.4375	0.056	nothing radial to replace	
B	40	1.75	32.5	0	0.1	0.875	0.056	nothing radial to replace	
B	40	1.75	32.5	0	0.1	0.5	0.056	nothing radial to replace	
B	40	1.75	32.5	0	0.1	3	0.056	nothing radial to replace	
B	40	1.75	33	-0.6	0	0	0	nothing radial to replace	
B	40	1.75	33	-0.6	0	0.4375	0	nothing radial to replace	
B	40	1.75	33	-0.6	0	0.875	0	nothing radial to replace	
B	40	1.75	33	-0.6	0	0.5	0	nothing radial to replace	
B	40	1.75	33	-0.6	0	3	0	nothing radial to replace	
B	40	1.75	33	-0.6	0.1	0	0	nothing radial to replace	
B	40	1.75	33	-0.6	0.1	0.4375	0.007	nothing radial to replace	
B	40	1.75	33	-0.6	0.1	0.875	0.007	nothing radial to replace	
B	40	1.75	33	-0.6	0.1	0.5	0.007	nothing radial to replace	
B	40	1.75	33	-0.6	0.1	3	0.007	nothing radial to replace	
B	40	1.75	33	0	0	0	0	nothing radial to replace	
B	40	1.75	33	0	0	0.4375	0	nothing radial to replace	
B	40	1.75	33	0	0	0.875	0	nothing radial to replace	
B	40	1.75	33	0	0	0.5	0	nothing radial to replace	
B	40	1.75	33	0	0	3	0	nothing radial to replace	
B	40	1.75	33	0	0.1	0	0	nothing radial to replace	
B	40	1.75	33	0	0.1	0.4375	0.007	nothing radial to replace	
B	40	1.75	33	0	0.1	0.875	0.007	nothing radial to replace	
B	40	1.75	33	0	0.1	0.5	0.007	nothing radial to replace	
B	40	1.75	33	0	0.1	3	0.007	nothing radial to replace	
B	40	1.75	33.5	-0.6	0	0	0	nothing radial to replace	
B	40	1.75	33.5	-0.6	0	0.4375	0	nothing radial to replace	
B	40	1.75	33.5	-0.6	0	0.875	0	nothing radial to replace	
B	40	1.75	33.5	-0.6	0	0.5	0	nothing radial to replace	
B	40	1.75	33.5	-0.6	0	3	0	nothing radial to replace	
B	40	1.75	33.5	-0.6	0.1	0	0	nothing radial to replace	
B	40	1.75	33.5	-0.6	0.1	0.4375	0	nothing radial to replace	
B	40	1.75	33.5	-0.6	0.1	0.875	0	nothing radial to replace	
B	40	1.75	33.5	-0.6	0.1	0.5	0	nothing radial to replace	
B	40	1.75	33.5	-0.6	0.1	3	0	nothing radial to replace	
B	40	1.75	33.5	0	0	0	0	nothing radial to replace	
B	40	1.75	33.5	0	0	0.4375	0	nothing radial to replace	
B	40	1.75	33.5	0	0	0.875	0	nothing radial to replace	
B	40	1.75	33.5	0	0	0.5	0	nothing radial to replace	
B	40	1.75	33.5	0	0	3	0	nothing radial to replace	
B	40	1.75	33.5	0	0.1	0	0	nothing radial to replace	
B	40	1.75	33.5	0	0.1	0.4375	0	nothing radial to replace	
B	40	1.75	33.5	0	0.1	0.875	0	nothing radial to replace	
B	40	1.75	33.5	0	0.1	0.5	0	nothing radial to replace	
B	40	1.75	33.5	0	0.1	3	0	nothing radial to replace	
B	40	1.75	35	-0.6	0	0	0	nothing radial to replace	
B	40	1.75	35	-0.6	0	0.4375	0	nothing radial to replace	
B	40	1.75	35	-0.6	0	0.875	0	nothing radial to replace	
B	40	1.75	35	-0.6	0	0.5	0	nothing radial to replace	
B	40	1.75	35	-0.6	0	3	0	nothing radial to replace	
B	40	1.75	35	-0.6	0.1	0	0	nothing radial to replace	
B	40	1.75	35	-0.6	0.1	0.4375	0	nothing radial to replace	
B	40	1.75	35	-0.6	0.1	0.875	0	nothing radial to replace	
B	40	1.75	35	-0.6	0.1	0.5	0	nothing radial to replace	
B	40	1.75	35	-0.6	0.1	3	0	nothing radial to replace	
B	60	1.75	14.5	1	0	0	0	nothing radial to replace	
B	60	1.75	14.5	1	0	0.4375	0.4375	nothing radial to replace	
B	60	1.75	14.5	1	0	0.875	0.875	nothing radial to replace	
B	60	1.75	14.5	1	0	0.5	0.5	nothing radial to replace	
B	60	1.75	14.5	1	0	3	1.044	nothing radial to replace	
B	60	1.75	14.5	1	0.1	0	0	nothing radial to replace	
B	60	1.75	14.5	1	0.1	0.4375	0.4375	nothing radial to replace	
B	60	1.75	14.5	1	0.1	0.875	0.875	nothing radial to replace	
B	60	1.75	14.5	1	0.1	0.5	0.5	nothing radial to replace	
B	60	1.75	14.5	1	0.1	3	1.109	nothing radial to replace	
B	60	1.75	14.5	1	1	0	0	nothing radial to replace	
B	60	1.75	14.5	1	1	0.4375	0.4375	nothing radial to replace	
B	60	1.75	14.5	1	1	0.875	0.875	nothing radial to replace	
B	60	1.75	14.5	1	1	0.5	0.5	nothing radial to replace	
B	60	1.75	14.5	1	1	3	1.69	nothing radial to replace	
B	60	1.75	20	0	0	0	0	nothing radial to replace	
B	60	1.75	20	0	0	0.4375	0.4375	nothing radial to replace	
B	60	1.75	20	0	0	0.875	0.825	nothing radial to replace	
B	60	1.75	20	0	0	0.5	0.5	nothing radial to replace	
B	60	1.75	20	0	0	3	0.825	nothing radial to replace	
B	60	1.75	20	0	0.1	0	0	nothing radial to replace	
B	60	1.75	20	0	0.1	0.4375	0.4375	nothing radial to replace	
B	60	1.75	20	0	0.1	0.875	0.875	nothing radial to replace	
B	60	1.75	20	0	0.1	0.5	0.5	nothing radial to replace	
B	60	1.75	20	0	0.1	3	0.897	nothing radial to replace	
B	60	1.75	20	0	1	0	0	nothing radial to replace	
B	60	1.75	20	0	1	0.4375	0.4375	nothing radial to replace	
B	60	1.75	20	0	1	0.875	0.875	nothing radial to replace	
B	60	1.75	20	0	1	0.5	0.5	nothing radial to replace	
B	60	1.75	20	0	1	3	1.539	nothing radial to replace	
B	60	1.75	20	1	0	0	0	nothing radial to replace	
B	60	1.75	20	1	0	0.4375	0.4375	nothing radial to replace	
B	60	1.75	20	1	0	0.875	0.825	nothing radial to replace	
B	60	1.75	20	1	0	0.5	0.5	nothing radial to replace	
B	60	1.75	20	1	0	3	0.825	nothing radial to replace	
B	60	1.75	20	1	0.1	0	0	nothing radial to replace	
B	60	1.75	20	1	0.1	0.4375	0.4375	nothing radial to replace	
B	60	1.75	20	1	0.1	0.875	0.875	nothing radial to replace	
B	60	1.75	20	1	0.1	0.5	0.5	nothing radial to replace	
B	60	1.75	20	1	0.1	3	0.897	nothing radial to replace	
B	60	1.75	25	-0.6	0	0	0	nothing radial to replace	
B	60	1.75	25	-0.6	0	0.4375	0.4375	nothing radial to replace	
B	60	1.75	25	-0.6	0	0.875	0.556	nothing radial to replace	
B	60	1.75	25	-0.6	0	0.5	0.5	nothing radial to replace	
B	60	1.75	25	-0.6	0	3	0.556	nothing radial to replace	
B	60	1.75	25	-0.6	0.1	0	0	nothing radial to replace	
B	60	1.75	25	-0.6	0.1	0.4375	0.4375	nothing radial to replace	
B	60	1.75	25	-0.6	0.1	0.875	0.634	nothing radial to replace	
B	60	1.75	25	-0.6	0.1	0.5	0.5	nothing radial to replace	
B	60	1.75	25	-0.6	0.1	3	0.634	nothing radial to replace	
B	60	1.75	25	-0.6	1	0	0	nothing radial to replace	
B	60	1.75	25	-0.6	1	0.4375	0.4375	nothing radial to replace	
B	60	1.75	25	-0.6	1	0.875	0.875	nothing radial to replace	
B	60	1.75	25	-0.6	1	0.5	0.5	nothing radial to replace	
B	60	1.75	25	-0.6	1	3	1.341	nothing radial to replace	
B	60	1.75	25	0	0	0	0	nothing radial to replace	
B	60	1.75	25	0	0	0.4375	0.4375	nothing radial to replace	
B	60	1.75	25	0	0	0.875	0.556	nothing radial to replace	
B	60	1.75	25	0	0	0.5	0.5	nothing radial to replace	
B	60	1.75	25	0	0	3	0.556	nothing radial to replace	
B	60	1.75	25	0	0.1	0	0	nothing radial to replace	
B	60	1.75	25	0	0.1	0.4375	0.4375	nothing radial to replace	
B	60	1.75	25	0	0.1	0.875	0.634	nothing radial to replace	
B	60	1.75	25	0	0.1	0.5	0.5	nothing radial to replace	
B	60	1.75	25	0	0.1	3	0.634	nothing radial to replace	
B	60	1.75	25	1	0	0	0	nothing radial to replace	
B	60	1.75	25	1	0	0.4375	0.4375	nothing radial to replace	
B	60	1.75	25	1	0	0.875	0.556	nothing radial to replace	
B	60	1.75	25	1	0	0.5	0.5	nothing radial to replace	
B	60	1.75	25	1	0	3	0.556	nothing radial to replace	
B	60	1.75	25	1	0.1	0	0	nothing radial to replace	
B	60	1.75	25	1	0.1	0.4375	0.4375	nothing radial to replace	
B	60	1.75	25	1	0.1	0.875	0.634	nothing radial to replace	
B	60	1.75	25	1	0.1	0.5	0.5	nothing radial to replace	
B	60	1.75	25	1	0.1	3	0.634	nothing radial to replace	
B	60	1.75	30	-0.6	0	0	0	nothing radial to replace	
B	60	1.75	30	-0.6	0	0.4375	0.193	nothing radial to replace	
B	60	1.75	30	-0.6	0	0.875	0.193	nothing radial to replace	
B	60	1.75	30	-0.6	0	0.5	0.193	nothing radial to replace	
B	60	1.75	30	-0.6	0	3	0.193	nothing radial to replace	
B	60	1.75	30	-0.6	0.1	0	0	nothing radial to replace	
B	60	1.75	30	-0.6	0.1	0.4375	0.279	nothing radial to replace	
B	60	1.75	30	-0.6	0.1	0.875	0.279	nothing radial to replace	
B	60	1.75	30	-0.6	0.1	0.5	0.279	nothing radial to replace	
B	60	1.75	30	-0.6	0.1	3	0.279	nothing radial to replace	
B	60	1.75	30	0	0	0	0	nothing radial to replace	
B	60	1.75	30	0	0	0.4375	0.193	nothing radial to replace	
B	60	1.75	30	0	0	0.875	0.193	nothing radial to replace	
B	60	1.75	30	0	0	0.5	0.193	nothing radial to replace	
B	60	1.75	30	0	0	3	0.193	nothing radial to replace	
B	60	1.75	30	0	0.1	0	0	nothing radial to replace	
B	60	1.75	30	0	0.1	0.4375	0.279	nothing radial to replace	
B	60	1.75	30	0	0.1	0.875	0.279	nothing radial to replace	
B	60	1.75	30	0	0.1	0.5	0.279	nothing radial to replace	
B	60	1.75	30	0	0.1	3	0.279	nothing radial to replace	
B	60	1.75	30	1	0	0	0	nothing radial to replace	
B	60	1.75	30	1	0	0.4375	0.193	nothing radial to replace	
B	60	1.75	30	1	0	0.875	0.193	nothing radial to replace	
B	60	1.75	30	1	0	0.5	0.193	nothing radial to replace	
B	60	1.75	30	1	0	3	0.193	nothing radial to replace	
B	60	1.75	30	1	0.1	0	0	nothing radial to replace	
B	60	1.75	30	1	0.1	0.4375	0.279	nothing radial to replace	
B	60	1.75	30	1	0.1	0.875	0.279	nothing radial to replace	
B	60	1.75	30	1	0.1	0.5	0.279	nothing radial to replace	
B	60	1.75	30	1	0.1	3	0.279	nothing radial to replace	
B	60	1.75	32	-0.6	0	0	0	nothing radial to replace	
B	60	1.75	32	-0.6	0	0.4375	0.013	nothing radial to replace	
B	60	1.75	32	-0.6	0	0.875	0.013	nothing radial to replace	
B	60	1.75	32	-0.6	0	0.5	0.013	nothing radial to replace	
B	60	1.75	32	-0.6	0	3	0.013	nothing radial to replace	
B	60	1.75	32	-0.6	0.1	0	0	nothing radial to replace	
B	60	1.75	32	-0.6	0.1	0.4375	0.103	nothing radial to replace	
B	60	1.75	32	-0.6	0.1	0.875	0.103	nothing radial to replace	
B	60	1.75	32	-0.6	0.1	0.5	0.103	nothing radial to replace	
B	60	1.75	32	-0.6	0.1	3	0.103	nothing radial to replace	
B	60	1.75	32	0	0	0	0	nothing radial to replace	
B	60	1.75	32	0	0	0.4375	0.013	nothing radial to replace	
B	60	1.75	32	0	0	0.875	0.013	nothing radial to replace	
B	60	1.75	32	0	0	0.5	0.013	nothing radial to replace	
B	60	1.75	32	0	0	3	0.013	nothing radial to replace	
B	60	1.75	32	0	0.1	0	0	nothing radial to replace	
B	60	1.75	32	0	0.1	0.4375	0.103	nothing radial to replace	
B	60	1.75	32	0	0.1	0.875	0.103	nothing radial to replace	
B	60	1.75	32	0	0.1	0.5	0.103	nothing radial to replace	
B	60	1.75	32	0	0.1	3	0.103	nothing radial to replace	
B	60	1.75	32	1	0.1	0	0	nothing radial to replace	
B	60	1.75	32	1	0.1	0.4375	0.103	nothing radial to replace	
B	60	1.75	32	1	0.1	0.875	0.103	nothing radial to replace	
B	60	1.75	32	1	0.1	0.5	0.103	nothing radial to replace	
B	60	1.75	32	1	0.1	3	0.103	nothing radial to replace	
B	60	1.75	32.5	-0.6	0	0	0	nothing radial to replace	
B	60	1.75	32.5	-0.6	0	0.4375	0	nothing radial to replace	
B	60	1.75	32.5	-0.6	0	0.875	0	nothing radial to replace	
B	60	1.75	32.5	-0.6	0	0.5	0	nothing radial to replace	
B	60	1.75	32.5	-0.6	0	3	0	nothing radial to replace	
B	60	1.75	32.5	-0.6	0.1	0	0	nothing radial to replace	
B	60	1.75	32.5	-0.6	0.1	0.4375	0.056	nothing radial to replace	
B	60	1.75	32.5	-0.6	0.1	0.875	0.056	nothing radial to replace	
B	60	1.75	32.5	-0.6	0.1	0.5	0.056	nothing radial to replace	
B	60	1.75	32.5	-0.6	0.1	3	0.056	nothing radial to replace	
B	60	1.75	32.5	0	0	0	0	nothing radial to replace	
B	60	1.75	32.5	0	0	0.4375	0	nothing radial to replace	
B	60	1.75	32.5	0	0	0.875	0	nothing radial to replace	
B	60	1.75	32.5	0	0	0.5	0	nothing radial to replace	
B	60	1.75	32.5	0	0	3	0	nothing radial to replace	
B	60	1.75	32.5	0	0.1	0	0	nothing radial to replace	
B	60	1.75	32.5	0	0.1	0.4375	0.056	nothing radial to replace	
B	60	1.75	32.5	0	0.1	0.875	0.056	nothing radial to replace	
B	60	1.75	32.5	0	0.1	0.5	0.056	nothing radial to replace	
B	60	1.75	32.5	0	0.1	3	0.056	nothing radial to replace	
B	60	1.75	32.5	1	0.1	0	0	nothing radial to replace	
B	60	1.75	32.5	1	0.1	0.4375	0.056	nothing radial to replace	
B	60	1.75	32.5	1	0.1	0.875	0.056	nothing radial to replace	
B	60	1.75	32.5	1	0.1	0.5	0.056	nothing radial to replace	
B	60	1.75	32.5	1	0.1	3	0.056	nothing radial to replace	
B	60	1.75	33	-0.6	0	0	0	nothing radial to replace	
B	60	1.75	33	-0.6	0	0.4375	0	nothing radial to replace	
B	60	1.75	33	-0.6	0	0.875	0	nothing radial to replace	
B	60	1.75	33	-0.6	0	0.5	0	nothing radial to replace	
B	60	1.75	33	-0.6	0	3	0	nothing radial to replace	
B	60	1.75	33	-0.6	0.1	0	0	nothing radial to replace	
B	60	1.75	33	-0.6	0.1	0.4375	0.007	nothing radial to replace	
B	60	1.75	33	-0.6	0.1	0.875	0.007	nothing radial to replace	
B	60	1.75	33	-0.6	0.1	0.5	0.007	nothing radial to replace	
B	60	1.75	33	-0.6	0.1	3	0.007	nothing radial to replace	
B	60	1.75	33	0	0	0	0	nothing radial to replace	
B	60	1.75	33	0	0	0.4375	0	nothing radial to replace	
B	60	1.75	33	0	0	0.875	0	nothing radial to replace	
B	60	1.75	33	0	0	0.5	0	nothing radial to replace	
B	60	1.75	33	0	0	3	0	nothing radial to replace	
B	60	1.75	33	0	0.1	0	0	nothing radial to replace	
B	60	1.75	33	0	0.1	0.4375	0.007	nothing radial to replace	
B	60	1.75	33	0	0.1	0.875	0.007	nothing radial to replace	
B	60	1.75	33	0	0.1	0.5	0.007	nothing radial to replace	
B	60	1.75	33	0	0.1	3	0.007	nothing radial to replace	
B	60	1.75	33.5	-0.6	0	0	0	nothing radial to replace	
B	60	1.75	33.5	-0.6	0	0.4375	0	nothing radial to replace	
B	60	1.75	33.5	-0.6	0	0.875	0	nothing radial to replace	
B	60	1.75	33.5	-0.6	0	0.5	0	nothing radial to replace	
B	60	1.75	33.5	-0.6	0	3	0	nothing radial to replace	
B	60	1.75	33.5	-0.6	0.1	0	0	nothing radial to replace	
B	60	1.75	33.5	-0.6	0.1	0.4375	0	nothing radial to replace	
B	60	1.75	33.5	-0.6	0.1	0.875	0	nothing radial to replace	
B	60	1.75	33.5	-0.6	0.1	0.5	0	nothing radial to replace	
B	60	1.75	33.5	-0.6	0.1	3	0	nothing radial to replace	
B	60	1.75	33.5	0	0.1	0	0	nothing radial to replace	
B	60	1.75	33.5	0	0.1	0.4375	0	nothing radial to replace	
B	60	1.75	33.5	0	0.1	0.875	0	nothing radial to replace	
B	60	1.75	33.5	0	0.1	0.5	0	nothing radial to replace	
B	60	1.75	33.5	0	0.1	3	0	nothing radial to replace	
B	60	1.75	35	-0.6	0.1	0	0	nothing radial to replace	
B	60	1.75	35	-0.6	0.1	0.4375	0	nothing radial to replace	
B	60	1.75	35	-0.6	0.1	0.875	0	nothing radial to replace	
B	60	1.75	35	-0.6	0.1	0.5	0	nothing radial to replace	
B	60	1.75	35	-0.6	0.1	3	0	nothing radial to replace	
B	100	1.75	14.5	0	0	0	0	nothing radial to replace	
B	100	1.75	14.5	0	0	0.4375	0.4375	nothing radial to replace	
B	100	1.75	14.5	0	0	0.875	0.875	nothing radial to replace	
B	100	1.75	14.5	0	0	0.5	0.5	nothing radial to replace	
B	100	1.75	14.5	0	0	3	1.044	nothing radial to replace	
B	100	1.75	14.5	0	0.1	0	0	nothing radial to replace	
B	100	1.75	14.5	0	0.1	0.4375	0.4375	nothing radial to replace	
B	100	1.75	14.5	0	0.1	0.875	0.875	nothing radial to replace	
B	100	1.75	14.5	0	0.1	0.5	0.5	nothing radial to replace	
B	100	1.75	14.5	0	0.1	3	1.109	nothing radial to replace	
B	100	1.75	14.5	0	1	0	0	nothing radial to replace	
B	100	1.75	14.5	0	1	0.4375	0.4375	nothing radial to replace	
B	100	1.75	14.5	0	1	0.875	0.875	nothing radial to replace	
B	100	1.75	14.5	0	1	0.5	0.5	nothing radial to replace	
B	100	1.75	14.5	0	1	3	1.69	nothing radial to replace	
B	100	1.75	14.5	1	0	0	0	nothing radial to replace	
B	100	1.75	14.5	1	0	0.4375	0.4375	nothing radial to replace	
B	100	1.75	14.5	1	0	0.875	0.875	nothing radial to replace	
B	100	1.75	14.5	1	0	0.5	0.5	nothing radial to replace	
B	100	1.75	14.5	1	0	3	1.044	nothing radial to replace	
B	100	1.75	14.5	1	0.1	0	0	nothing radial to replace	
B	100	1.75	14.5	1	0.1	0.4375	0.4375	nothing radial to replace	
B	100	1.75	14.5	1	0.1	0.875	0.875	nothing radial to replace	
B	100	1.75	14.5	1	0.1	0.5	0.5	nothing radial to replace	
B	100	1.75	14.5	1	0.1	3	1.109	nothing radial to replace	
B	100	1.75	14.5	1	1	0	0	nothing radial to replace	
B	100	1.75	14.5	1	1	0.4375	0.4375	nothing radial to replace	
B	100	1.75	14.5	1	1	0.875	0.875	nothing radial to replace	
B	100	1.75	14.5	1	1	0.5	0.5	nothing radial to replace	
B	100	1.75	14.5	1	1	3	1.69	nothing radial to replace	
B	100	1.75	20	-0.6	0	0	0	nothing radial to replace	
B	100	1.75	20	-0.6	0	0.4375	0.4375	nothing radial to replace	
B	100	1.75	20	-0.6	0	0.875	0.825	nothing radial to replace	
B	100	1.75	20	-0.6	0	0.5	0.5	nothing radial to replace	
B	100	1.75	20	-0.6	0	3	0.825	nothing radial to replace	
B	100	1.75	20	-0.6	0.1	0	0	nothing radial to replace	
B	100	1.75	20	-0.6	0.1	0.4375	0.4375	nothing radial to replace	
B	100	1.75	20	-0.6	0.1	0.875	0.875	nothing radial to replace	
B	100	1.75	20	-0.6	0.1	0.5	0.5	nothing radial to replace	
B	100	1.75	20	-0.6	0.1	3	0.897	nothing radial to replace	
B	100	1.75	20	-0.6	1	0	0	nothing radial to replace	
B	100	1.75	20	-0.6	1	0.4375	0.4375	nothing radial to replace	
B	100	1.75	20	-0.6	1	0.875	0.875	nothing radial to replace	
B	100	1.75	20	-0.6	1	0.5	0.5	nothing radial to replace	
B	100	1.75	20	-0.6	1	3	1.539	nothing radial to replace	
B	100	1.75	20	0	0	0	0	nothing radial to replace	
B	100	1.75	20	0	0	0.4375	0.4375	nothing radial to replace	
B	100	1.75	20	0	0	0.875	0.825	nothing radial to replace	
B	100	1.75	20	0	0	0.5	0.5	nothing radial to replace	
B	100	1.75	20	0	0	3	0.825	nothing radial to replace	
B	100	1.75	20	0	0.1	0	0	nothing radial to replace	
B	100	1.75	20	0	0.1	0.4375	0.4375	nothing radial to replace	
B	100	1.75	20	0	0.1	0.875	0.875	nothing radial to replace	
B	100	1.75	20	0	0.1	0.5	0.5	nothing radial to replace	
B	100	1.75	20	0	0.1	3	0.897	nothing radial to replace	
B	100	1.75	20	0	1	0	0	nothing radial to replace	
B	100	1.75	20	0	1	0.4375	0.4375	nothing radial to replace	
B	100	1.75	20	0	1	0.875	0.875	nothing radial to replace	
B	100	1.75	20	0	1	0.5	0.5	nothing radial to replace	
B	100	1.75	20	0	1	3	1.539	nothing radial to replace	
B	100	1.75	20	1	0	0	0	nothing radial to replace	
B	100	1.75	20	1	0	0.4375	0.4375	nothing radial to replace	
B	100	1.75	20	1	0	0.875	0.825	nothing radial to replace	
B	100	1.75	20	1	0	0.5	0.5	nothing radial to replace	
B	100	1.75	20	1	0	3	0.825	nothing radial to replace	
B	100	1.75	20	1	0.1	0	0	nothing radial to replace	
B	100	1.75	20	1	0.1	0.4375	0.4375	nothing radial to replace	
B	100	1.75	20	1	0.1	0.875	0.875	nothing radial to replace	
B	100	1.75	20	1	0.1	0.5	0.5	nothing radial to replace	
B	100	1.75	20	1	0.1	3	0.897	nothing radial to replace	
B	100	1.75	20	1	1	0	0	nothing radial to replace	
B	100	1.75	20	1	1	0.4375	0.4375	nothing radial to replace	
B	100	1.75	20	1	1	0.875	0.875	nothing radial to replace	
B	100	1.75	20	1	1	0.5	0.5	nothing radial to replace	
B	100	1.75	20	1	1	3	1.539	nothing radial to replace	
B	100	1.75	25	-0.6	0	0	0	nothing radial to replace	
B	100	1.75	25	-0.6	0	0.4375	0.4375	nothing radial to replace	
B	100	1.75	25	-0.6	0	0.875	0.556	nothing radial to replace	
B	100	1.75	25	-0.6	0	0.5	0.5	nothing radial to replace	
B	100	1.75	25	-0.6	0	3	0.556	nothing radial to replace	
B	100	1.75	25	-0.6	0.1	0	0	nothing radial to replace	
B	100	1.75	25	-0.6	0.1	0.4375	0.4375	nothing radial to replace	
B	100	1.75	25	-0.6	0.1	0.875	0.634	nothing radial to replace	
B	100	1.75	25	-0.6	0.1	0.5	0.5	nothing radial to replace	
B	100	1.75	25	-0.6	0.1	3	0.634	nothing radial to replace	
B	100	1.75	25	-0.6	1	0	0	nothing radial to replace	
B	100	1.75	25	-0.6	1	0.4375	0.4375	nothing radial to replace	
B	100	1.75	25	-0.6	1	0.875	0.875	nothing radial to replace	
B	100	1.75	25	-0.6	1	0.5	0.5	nothing radial to replace	
B	100	1.75	25	-0.6	1	3	1.341	nothing radial to replace	
B	100	1.75	25	0	0	0	0	nothing radial to replace	
B	100	1.75	25	0	0	0.4375	0.4375	nothing radial to replace	
B	100	1.75	25	0	0	0.875	0.556	nothing radial to replace	
B	100	1.75	25	0	0	0.5	0.5	nothing radial to replace	
B	100	1.75	25	0	0	3	0.556	nothing radial to replace	
B	100	1.75	25	0	0.1	0	0	nothing radial to replace	
B	100	1.75	25	0	0.1	0.4375	0.4375	nothing radial to replace	
B	100	1.75	25	0	0.1	0.875	0.634	nothing radial to replace	
B	100	1.75	25	0	0.1	0.5	0.5	nothing radial to replace	
B	100	1.75	25	0	0.1	3	0.634	nothing radial to replace	
B	100	1.75	25	1	0	0	0	nothing radial to replace	
B	100	1.75	25	1	0	0.4375	0.4375	nothing radial to replace	
B	100	1.75	25	1	0	0.875	0.556	nothing radial to replace	
B	100	1.75	25	1	0	0.5	0.5	nothing radial to replace	
B	100	1.75	25	1	0	3	0.556	nothing radial to replace	
B	100	1.75	25	1	0.1	0	0	nothing radial to replace	
B	100	1.75	25	1	0.1	0.4375	0.4375	nothing radial to replace	
B	100	1.75	25	1	0.1	0.875	0.634	nothing radial to replace	
B	100	1.75	25	1	0.1	0.5	0.5	nothing radial to replace	
B	100	1.75	25	1	0.1	3	0.634	nothing radial to replace	
B	100	1.75	30	-0.6	0	0	0	nothing radial to replace	
B	100	1.75	30	-0.6	0	0.4375	0.193	nothing radial to replace	
B	100	1.75	30	-0.6	0	0.875	0.193	nothing radial to replace	
B	100	1.75	30	-0.6	0	0.5	0.193	nothing radial to replace	
B	100	1.75	30	-0.6	0	3	0.193	nothing radial to replace	
B	100	1.75	30	-0.6	0.1	0	0	nothing radial to replace	
B	100	1.75	30	-0.6	0.1	0.4375	0.279	nothing radial to replace	
B	100	1.75	30	-0.6	0.1	0.875	0.279	nothing radial to replace	
B	100	1.75	30	-0.6	0.1	0.5	0.279	nothing radial to replace	
B	100	1.75	30	-0.6	0.1	3	0.279	nothing radial to replace	
B	100	1.75	30	0	0	0	0	nothing radial to replace	
B	100	1.75	30	0	0	0.4375	0.193	nothing radial to replace	
B	100	1.75	30	0	0	0.875	0.193	nothing radial to replace	
B	100	1.75	30	0	0	0.5	0.193	nothing radial to replace	
B	100	1.75	30	0	0	3	0.193	nothing radial to replace	
B	100	1.75	30	0	0.1	0	0	nothing radial to replace	
B	100	1.75	30	0	0.1	0.4375	0.279	nothing radial to replace	
B	100	1.75	30	0	0.1	0.875	0.279	nothing radial to replace	
B	100	1.75	30	0	0.1	0.5	0.279	nothing radial to replace	
B	100	1.75	30	0	0.1	3	0.279	nothing radial to replace	
B	100	1.75	30	1	0	0	0	nothing radial to replace	
B	100	1.75	30	1	0	0.4375	0.193	nothing radial to replace	
B	100	1.75	30	1	0	0.875	0.193	nothing radial to replace	
B	100	1.75	30	1	0	0.5	0.193	nothing radial to replace	
B	100	1.75	30	1	0	3	0.193	nothing radial to replace	
B	100	1.75	30	1	0.1	0	0	nothing radial to replace	
B	100	1.75	30	1	0.1	0.4375	0.279	nothing radial to replace	
B	100	1.75	30	1	0.1	0.875	0.279	nothing radial to replace	
B	100	1.75	30	1	0.1	0.5	0.279	nothing radial to replace	
B	100	1.75	30	1	0.1	3	0.279	nothing radial to replace	
B	100	1.75	32	-0.6	0	0	0	nothing radial to replace	
B	100	1.75	32	-0.6	0	0.4375	0.013	nothing radial to replace	
B	100	1.75	32	-0.6	0	0.875	0.013	nothing radial to replace	
B	100	1.75	32	-0.6	0	0.5	0.013	nothing radial to replace	
B	100	1.75	32	-0.6	0	3	0.013	nothing radial to replace	
B	100	1.75	32	-0.6	0.1	0	0	nothing radial to replace	
B	100	1.75	32	-0.6	0.1	0.4375	0.103	nothing radial to replace	
B	100	1.75	32	-0.6	0.1	0.875	0.103	nothing radial to replace	
B	100	1.75	32	-0.6	0.1	0.5	0.103	nothing radial to replace	
B	100	1.75	32	-0.6	0.1	3	0.103	nothing radial to replace	
B	100	1.75	32	0	0	0	0	nothing radial to replace	
B	100	1.75	32	0	0	0.4375	0.013	nothing radial to replace	
B	100	1.75	32	0	0	0.875	0.013	nothing radial to replace	
B	100	1.75	32	0	0	0.5	0.013	nothing radial to replace	
B	100	1.75	32	0	0	3	0.013	nothing radial to replace	
B	100	1.75	32	0	0.1	0	0	nothing radial to replace	
B	100	1.75	32	0	0.1	0.4375	0.103	nothing radial to replace	
B	100	1.75	32	0	0.1	0.875	0.103	nothing radial to replace	
B	100	1.75	32	0	0.1	0.5	0.103	nothing radial to replace	
B	100	1.75	32	0	0.1	3	0.103	nothing radial to replace	
B	100	1.75	32	1	0.1	0	0	nothing radial to replace	
B	100	1.75	32	1	0.1	0.4375	0.103	nothing radial to replace	
B	100	1.75	32	1	0.1	0.875	0.103	nothing radial to replace	
B	100	1.75	32	1	0.1	0.5	0.103	nothing radial to replace	
B	100	1.75	32	1	0.1	3	0.103	nothing radial to replace	
B	100	1.75	32.5	-0.6	0	0	0	nothing radial to replace	
B	100	1.75	32.5	-0.6	0	0.4375	0	nothing radial to replace	
B	100	1.75	32.5	-0.6	0	0.875	0	nothing radial to replace	
B	100	1.75	32.5	-0.6	0	0.5	0	nothing radial to replace	
B	100	1.75	32.5	-0.6	0	3	0	nothing radial to replace	
B	100	1.75	32.5	-0.6	0.1	0	0	nothing radial to replace	
B	100	1.75	32.5	-0.6	0.1	0.4375	0.056	nothing radial to replace	
B	100	1.75	32.5	-0.6	0.1	0.875	0.056	nothing radial to replace	
B	100	1.75	32.5	-0.6	0.1	0.5	0.056	nothing radial to replace	
B	100	1.75	32.5	-0.6	0.1	3	0.056	nothing radial to replace	
B	100	1.75	32.5	0	0	0	0	nothing radial to replace	
B	100	1.75	32.5	0	0	0.4375	0	nothing radial to replace	
B	100	1.75	32.5	0	0	0.875	0	nothing radial to replace	
B	100	1.75	32.5	0	0	0.5	0	nothing radial to replace	
B	100	1.75	32.5	0	0	3	0	nothing radial to replace	
B	100	1.75	32.5	0	0.1	0	0	nothing radial to replace	
B	100	1.75	32.5	0	0.1	0.4375	0.056	nothing radial to replace	
B	100	1.75	32.5	0	0.1	0.875	0.056	nothing radial to replace	
B	100	1.75	32.5	0	0.1	0.5	0.056	nothing radial to replace	
B	100	1.75	32.5	0	0.1	3	0.056	nothing radial to replace	
B	100	1.75	32.5	1	0.1	0	0	nothing radial to replace	
B	100	1.75	32.5	1	0.1	0.4375	0.056	nothing radial to replace	
B	100	1.75	32.5	1	0.1	0.875	0.056	nothing radial to replace	
B	100	1.75	32.5	1	0.1	0.5	0.056	nothing radial to replace	
B	100	1.75	32.5	1	0.1	3	0.056	nothing radial to replace	
B	100	1.75	33	-0.6	0	0	0	nothing radial to replace	
B	100	1.75	33	-0.6	0	0.4375	0	nothing radial to replace	
B	100	1.75	33	-0.6	0	0.875	0	nothing radial to replace	
B	100	1.75	33	-0.6	0	0.5	0	nothing radial to replace	
B	100	1.75	33	-0.6	0	3	0	nothing radial to replace	
B	100	1.75	33	-0.6	0.1	0	0	nothing radial to replace	
B	100	1.75	33	-0.6	0.1	0.4375	0.007	nothing radial to replace	
B	100	1.75	33	-0.6	0.1	0.875	0.007	nothing radial to replace	
B	100	1.75	33	-0.6	0.1	0.5	0.007	nothing radial to replace	
B	100	1.75	33	-0.6	0.1	3	0.007	nothing radial to replace	
B	100	1.75	33	0	0.1	0	0	nothing radial to replace	
B	100	1.75	33	0	0.1	0.4375	0.007	nothing radial to replace	
B	100	1.75	33	0	0.1	0.875	0.007	nothing radial to replace	
B	100	1.75	33	0	0.1	0.5	0.007	nothing radial to replace	
B	100	1.75	33	0	0.1	3	0.007	nothing radial to replace	
B	100	1.75	33.5	-0.6	0.1	0	0	nothing radial to replace	
B	100	1.75	33.5	-0.6	0.1	0.4375	0	nothing radial to replace	
B	100	1.75	33.5	-0.6	0.1	0.875	0	nothing radial to replace	
B	100	1.75	33.5	-0.6	0.1	0.5	0	nothing radial to replace	
B	100	1.75	33.5	-0.6	0.1	3	0	nothing radial to replace	
B	116	1.75	14.5	0	0	0	0	nothing radial to replace	
B	116	1.75	14.5	0	0	0.4375	0.4375	nothing radial to replace	
B	116	1.75	14.5	0	0	0.875	0.875	nothing radial to replace	
B	116	1.75	14.5	0	0	0.5	0.5	nothing radial to replace	
B	116	1.75	14.5	0	0	3	1.044	nothing radial to replace	
B	116	1.75	14.5	0	0.1	0	0	nothing radial to replace	
B	116	1.75	14.5	0	0.1	0.4375	0.4375	nothing radial to replace	
B	116	1.75	14.5	0	0.1	0.875	0.875	nothing radial to replace	
B	116	1.75	14.5	0	0.1	0.5	0.5	nothing radial to replace	
B	116	1.75	14.5	0	0.1	3	1.109	nothing radial to replace	
B	116	1.75	14.5	0	1	0	0	nothing radial to replace	
B	116	1.75	14.5	0	1	0.4375	0.4375	nothing radial to replace	
B	116	1.75	14.5	0	1	0.875	0.875	nothing radial to replace	
B	116	1.75	14.5	0	1	0.5	0.5	nothing radial to replace	
B	116	1.75	14.5	0	1	3	1.69	nothing radial to replace	
B	116	1.75	14.5	1	0	0	0	nothing radial to replace	
B	116	1.75	14.5	1	0	0.4375	0.4375	nothing radial to replace	
B	116	1.75	14.5	1	0	0.875	0.875	nothing radial to replace	
B	116	1.75	14.5	1	0	0.5	0.5	nothing radial to replace	
B	116	1.75	14.5	1	0	3	1.044	nothing radial to replace	
B	116	1.75	14.5	1	0.1	0	0	nothing radial to replace	
B	116	1.75	14.5	1	0.1	0.4375	0.4375	nothing radial to replace	
B	116	1.75	14.5	1	0.1	0.875	0.875	nothing radial to replace	
B	116	1.75	14.5	1	0.1	0.5	0.5	nothing radial to replace	
B	116	1.75	14.5	1	0.1	3	1.109	nothing radial to replace	
B	116	1.75	14.5	1	1	0	0	nothing radial to replace	
B	116	1.75	14.5	1	1	0.4375	0.4375	nothing radial to replace	
B	116	1.75	14.5	1	1	0.875	0.875	nothing radial to replace	
B	116	1.75	14.5	1	1	0.5	0.5	nothing radial to replace	
B	116	1.75	14.5	1	1	3	1.69	nothing radial to replace	
B	116	1.75	20	-0.6	0	0	0	nothing radial to replace	
B	116	1.75	20	-0.6	0	0.4375	0.4375	nothing radial to replace	
B	116	1.75	20	-0.6	0	0.875	0.825	nothing radial to replace	
B	116	1.75	20	-0.6	0	0.5	0.5	nothing radial to replace	
B	116	1.75	20	-0.6	0	3	0.825	nothing radial to replace	
B	116	1.75	20	-0.6	0.1	0	0	nothing radial to replace	
B	116	1.75	20	-0.6	0.1	0.4375	0.4375	nothing radial to replace	
B	116	1.75	20	-0.6	0.1	0.875	0.875	nothing radial to replace	
B	116	1.75	20	-0.6	0.1	0.5	0.5	nothing radial to replace	
B	116	1.75	20	-0.6	0.1	3	0.897	nothing radial to replace	
B	116	1.75	20	-0.6	1	0	0	nothing radial to replace	
B	116	1.75	20	-0.6	1	0.4375	0.4375	nothing radial to replace	
B	116	1.75	20	-0.6	1	0.875	0.875	nothing radial to replace	
B	116	1.75	20	-0.6	1	0.5	0.5	nothing radial to replace	
B	116	1.75	20	-0.6	1	3	1.539	nothing radial to replace	
B	116	1.75	20	0	0	0	0	nothing radial to replace	
B	116	1.75	20	0	0	0.4375	0.4375	nothing radial to replace	
B	116	1.75	20	0	0	0.875	0.825	nothing radial to replace	
B	116	1.75	20	0	0	0.5	0.5	nothing radial to replace	
B	116	1.75	20	0	0	3	0.825	nothing radial to replace	
B	116	1.75	20	0	0.1	0	0	nothing radial to replace	
B	116	1.75	20	0	0.1	0.4375	0.4375	nothing radial to replace	
B	116	1.75	20	0	0.1	0.875	0.875	nothing radial to replace	
B	116	1.75	20	0	0.1	0.5	0.5	nothing radial to replace	
B	116	1.75	20	0	0.1	3	0.897	nothing radial to replace	
B	116	1.75	20	0	1	0	0	nothing radial to replace	
B	116	1.75	20	0	1	0.4375	0.4375	nothing radial to replace	
B	116	1.75	20	0	1	0.875	0.875	nothing radial to replace	
B	116	1.75	20	0	1	0.5	0.5	nothing radial to replace	
B	116	1.75	20	0	1	3	1.539	nothing radial to replace	
B	116	1.75	20	1	0	0	0	nothing radial to replace	
B	116	1.75	20	1	0	0.4375	0.4375	nothing radial to replace	
B	116	1.75	20	1	0	0.875	0.825	nothing radial to replace	
B	116	1.75	20	1	0	0.5	0.5	nothing radial to replace	
B	116	1.75	20	1	0	3	0.825	nothing radial to replace	
B	116	1.75	20	1	0.1	0	0	nothing radial to replace	
B	116	1.75	20	1	0.1	0.4375	0.4375	nothing radial to replace	
B	116	1.75	20	1	0.1	0.875	0.875	nothing radial to replace	
B	116	1.75	20	1	0.1	0.5	0.5	nothing radial to replace	
B	116	1.75	20	1	0.1	3	0.897	nothing radial to replace	
B	116	1.75	20	1	1	0	0	nothing radial to replace	
B	116	1.75	20	1	1	0.4375	0.4375	nothing radial to replace	
B	116	1.75	20	1	1	0.875	0.875	nothing radial to replace	
B	116	1.75	20	1	1	0.5	0.5	nothing radial to replace	
B	116	1.75	20	1	1	3	1.539	nothing radial to replace	
B	116	1.75	25	-0.6	0	0	0	nothing radial to replace	
B	116	1.75	25	-0.6	0	0.4375	0.4375	nothing radial to replace	
B	116	1.75	25	-0.6	0	0.875	0.556	nothing radial to replace	
B	116	1.75	25	-0.6	0	0.5	0.5	nothing radial to replace	
B	116	1.75	25	-0.6	0	3	0.556	nothing radial to replace	
B	116	1.75	25	-0.6	0.1	0	0	nothing radial to replace	
B	116	1.75	25	-0.6	0.1	0.4375	0.4375	nothing radial to replace	
B	116	1.75	25	-0.6	0.1	0.875	0.634	nothing radial to replace	
B	116	1.75	25	-0.6	0.1	0.5	0.5	nothing radial to replace	
B	116	1.75	25	-0.6	0.1	3	0.634	nothing radial to replace	
B	116	1.75	25	-0.6	1	0	0	nothing radial to replace	
B	116	1.75	25	-0.6	1	0.4375	0.4375	nothing radial to replace	
B	116	1.75	25	-0.6	1	0.875	0.875	nothing radial to replace	
B	116	1.75	25	-0.6	1	0.5	0.5	nothing radial to replace	
B	116	1.75	25	-0.6	1	3	1.341	nothing radial to replace	
B	116	1.75	25	0	0	0	0	nothing radial to replace	
B	116	1.75	25	0	0	0.4375	0.4375	nothing radial to replace	
B	116	1.75	25	0	0	0.875	0.556	nothing radial to replace	
B	116	1.75	25	0	0	0.5	0.5	nothing radial to replace	
B	116	1.75	25	0	0	3	0.556	nothing radial to replace	
B	116	1.75	25	0	0.1	0	0	nothing radial to replace	
B	116	1.75	25	0	0.1	0.4375	0.4375	nothing radial to replace	
B	116	1.75	25	0	0.1	0.875	0.634	nothing radial to replace	
B	116	1.75	25	0	0.1	0.5	0.5	nothing radial to replace	
B	116	1.75	25	0	0.1	3	0.634	nothing radial to replace	
B	116	1.75	25	0	1	0	0	nothing radial to replace	
B	116	1.75	25	0	1	0.4375	0.4375	nothing radial to replace	
B	116	1.75	25	0	1	0.875	0.875	nothing radial to replace	
B	116	1.75	25	0	1	0.5	0.5	nothing radial to replace	
B	116	1.75	25	0	1	3	1.341	nothing radial to replace	
B	116	1.75	25	1	0	0	0	nothing radial to replace	
B	116	1.75	25	1	0	0.4375	0.4375	nothing radial to replace	
B	116	1.75	25	1	0	0.875	0.556	nothing radial to replace	
B	116	1.75	25	1	0	0.5	0.5	nothing radial to replace	
B	116	1.75	25	1	0	3	0.556	nothing radial to replace	
B	116	1.75	25	1	0.1	0	0	nothing radial to replace	
B	116	1.75	25	1	0.1	0.4375	0.4375	nothing radial to replace	
B	116	1.75	25	1	0.1	0.875	0.634	nothing radial to replace	
B	116	1.75	25	1	0.1	0.5	0.5	nothing radial to replace	
B	116	1.75	25	1	0.1	3	0.634	nothing radial to replace	
B	116	1.75	30	-0.6	0	0	0	nothing radial to replace	
B	116	1.75	30	-0.6	0	0.4375	0.193	nothing radial to replace	
B	116	1.75	30	-0.6	0	0.875	0.193	nothing radial to replace	
B	116	1.75	30	-0.6	0	0.5	0.193	nothing radial to replace	
B	116	1.75	30	-0.6	0	3	0.193	nothing radial to replace	
B	116	1.75	30	-0.6	0.1	0	0	nothing radial to replace	
B	116	1.75	30	-0.6	0.1	0.4375	0.279	nothing radial to replace	
B	116	1.75	30	-0.6	0.1	0.875	0.279	nothing radial to replace	
B	116	1.75	30	-0.6	0.1	0.5	0.279	nothing radial to replace	
B	116	1.75	30	-0.6	0.1	3	0.279	nothing radial to replace	
B	116	1.75	30	0	0	0	0	nothing radial to replace	
B	116	1.75	30	0	0	0.4375	0.193	nothing radial to replace	
B	116	1.75	30	0	0	0.875	0.193	nothing radial to replace	
B	116	1.75	30	0	0	0.5	0.193	nothing radial to replace	
B	116	1.75	30	0	0	3	0.193	nothing radial to replace	
B	116	1.75	30	0	0.1	0	0	nothing radial to replace	
B	116	1.75	30	0	0.1	0.4375	0.279	nothing radial to replace	
B	116	1.75	30	0	0.1	0.875	0.279	nothing radial to replace	
B	116	1.75	30	0	0.1	0.5	0.279	nothing radial to replace	
B	116	1.75	30	0	0.1	3	0.279	nothing radial to replace	
B	116	1.75	30	1	0	0	0	nothing radial to replace	
B	116	1.75	30	1	0	0.4375	0.193	nothing radial to replace	
B	116	1.75	30	1	0	0.875	0.193	nothing radial to replace	
B	116	1.75	30	1	0	0.5	0.193	nothing radial to replace	
B	116	1.75	30	1	0	3	0.193	nothing radial to replace	
B	116	1.75	30	1	0.1	0	0	nothing radial to replace	
B	116	1.75	30	1	0.1	0.4375	0.279	nothing radial to replace	
B	116	1.75	30	1	0.1	0.875	0.279	nothing radial to replace	
B	116	1.75	30	1	0.1	0.5	0.279	nothing radial to replace	
B	116	1.75	30	1	0.1	3	0.279	nothing radial to replace	
B	116	1.75	32	-0.6	0	0	0	nothing radial to replace	
B	116	1.75	32	-0.6	0	0.4375	0.013	nothing radial to replace	
B	116	1.75	32	-0.6	0	0.875	0.013	nothing radial to replace	
B	116	1.75	32	-0.6	0	0.5	0.013	nothing radial to replace	
B	116	1.75	32	-0.6	0	3	0.013	nothing radial to replace	
B	116	1.75	32	-0.6	0.1	0	0	nothing radial to replace	
B	116	1.75	32	-0.6	0.1	0.4375	0.103	nothing radial to replace	
B	116	1.75	32	-0.6	0.1	0.875	0.103	nothing radial to replace	
B	116	1.75	32	-0.6	0.1	0.5	0.103	nothing radial to replace	
B	116	1.75	32	-0.6	0.1	3	0.103	nothing radial to replace	
B	116	1.75	32	0	0	0	0	nothing radial to replace	
B	116	1.75	32	0	0	0.4375	0.013	nothing radial to replace	
B	116	1.75	32	0	0	0.875	0.013	nothing radial to replace	
B	116	1.75	32	0	0	0.5	0.013	nothing radial to replace	
B	116	1.75	32	0	0	3	0.013	nothing radial to replace	
B	116	1.75	32	0	0.1	0	0	nothing radial to replace	
B	116	1.75	32	0	0.1	0.4375	0.103	nothing radial to replace	
B	116	1.75	32	0	0.1	0.875	0.103	nothing radial to replace	
B	116	1.75	32	0	0.1	0.5	0.103	nothing radial to replace	
B	116	1.75	32	0	0.1	3	0.103	nothing radial to replace	
B	116	1.75	32	1	0.1	0	0	nothing radial to replace	
B	116	1.75	32	1	0.1	0.4375	0.103	nothing radial to replace	
B	116	1.75	32	1	0.1	0.875	0.103	nothing radial to replace	
B	116	1.75	32	1	0.1	0.5	0.103	nothing radial to replace	
B	116	1.75	32	1	0.1	3	0.103	nothing radial to replace	
B	116	1.75	32.5	-0.6	0	0	0	nothing radial to replace	
B	116	1.75	32.5	-0.6	0	0.4375	0	nothing radial to replace	
B	116	1.75	32.5	-0.6	0	0.875	0	nothing radial to replace	
B	116	1.75	32.5	-0.6	0	0.5	0	nothing radial to replace	
B	116	1.75	32.5	-0.6	0	3	0	nothing radial to replace	
B	116	1.75	32.5	-0.6	0.1	0	0	nothing radial to replace	
B	116	1.75	32.5	-0.6	0.1	0.4375	0.056	nothing radial to replace	
B	116	1.75	32.5	-0.6	0.1	0.875	0.056	nothing radial to replace	
B	116	1.75	32.5	-0.6	0.1	0.5	0.056	nothing radial to replace	
B	116	1.75	32.5	-0.6	0.1	3	0.056	nothing radial to replace	
B	116	1.75	32.5	0	0.1	0	0	nothing radial to replace	
B	116	1.75	32.5	0	0.1	0.4375	0.056	nothing radial to replace	
B	116	1.75	32.5	0	0.1	0.875	0.056	nothing radial to replace	
B	116	1.75	32.5	0	0.1	0.5	0.056	nothing radial to replace	
B	116	1.75	32.5	0	0.1	3	0.056	nothing radial to replace	
B	116	1.75	32.5	1	0.1	0	0	nothing radial to replace	
B	116	1.75	32.5	1	0.1	0.4375	0.056	nothing radial to replace	
B	116	1.75	32.5	1	0.1	0.875	0.056	nothing radial to replace	
B	116	1.75	32.5	1	0.1	0.5	0.056	nothing radial to replace	
B	116	1.75	32.5	1	0.1	3	0.056	nothing radial to replace	
B	116	1.75	33	-0.6	0	0	0	nothing radial to replace	
B	116	1.75	33	-0.6	0	0.4375	0	nothing radial to replace	
B	116	1.75	33	-0.6	0	0.875	0	nothing radial to replace	
B	116	1.75	33	-0.6	0	0.5	0	nothing radial to replace	
B	116	1.75	33	-0.6	0	3	0	nothing radial to replace	
B	116	1.75	33	-0.6	0.1	0	0	nothing radial to replace	
B	116	1.75	33	-0.6	0.1	0.4375	0.007	nothing radial to replace	
B	116	1.75	33	-0.6	0.1	0.875	0.007	nothing radial to replace	
B	116	1.75	33	-0.6	0.1	0.5	0.007	nothing radial to replace	
B	116	1.75	33	-0.6	0.1	3	0.007	nothing radial to replace	
B	116	1.75	33	0	0.1	0	0	nothing radial to replace	
B	116	1.75	33	0	0.1	0.4375	0.007	nothing radial to replace	
B	116	1.75	33	0	0.1	0.875	0.007	nothing radial to replace	
B	116	1.75	33	0	0.1	0.5	0.007	nothing radial to replace	
B	116	1.75	33	0	0.1	3	0.007	nothing radial to replace	
B	116	1.75	33.5	-0.6	0.1	0	0	nothing radial to replace	
B	116	1.75	33.5	-0.6	0.1	0.4375	0	nothing radial to replace	
B	116	1.75	33.5	-0.6	0.1	0.875	0	nothing radial to replace	
B	116	1.75	33.5	-0.6	0.1	0.5	0	nothing radial to replace	
B	116	1.75	33.5	-0.6	0.1	3	0	nothing radial to replace	
B	117	1.75	14.5	-0.6	0	0	0	nothing radial to replace	
B	117	1.75	14.5	-0.6	0	0.4375	0.4375	nothing radial to replace	
B	117	1.75	14.5	-0.6	0	0.875	0.875	nothing radial to replace	
B	117	1.75	14.5	-0.6	0	0.5	0.5	nothing radial to replace	
B	117	1.75	14.5	-0.6	0	3	1.044	nothing radial to replace	
B	117	1.75	14.5	-0.6	0.1	0	0	nothing radial to replace	
B	117	1.75	14.5	-0.6	0.1	0.4375	0.4375	nothing radial to replace	
B	117	1.75	14.5	-0.6	0.1	0.875	0.875	nothing radial to replace	
B	117	1.75	14.5	-0.6	0.1	0.5	0.5	nothing radial to replace	
B	117	1.75	14.5	-0.6	0.1	3	1.109	nothing radial to replace	
B	117	1.75	14.5	-0.6	1	0	0	nothing radial to replace	
B	117	1.75	14.5	-0.6	1	0.4375	0.4375	nothing radial to replace	
B	117	1.75	14.5	-0.6	1	0.875	0.875	nothing radial to replace	
B	117	1.75	14.5	-0.6	1	0.5	0.5	nothing radial to replace	
B	117	1.75	14.5	-0.6	1	3	1.69	nothing radial to replace	
B	117	1.75	14.5	0	0	0	0	nothing radial to replace	
B	117	1.75	14.5	0	0	0.4375	0.4375	nothing radial to replace	
B	117	1.75	14.5	0	0	0.875	0.875	nothing radial to replace	
B	117	1.75	14.5	0	0	0.5	0.5	nothing radial to replace	
B	117	1.75	14.5	0	0	3	1.044	nothing radial to replace	
B	117	1.75	14.5	0	0.1	0	0	nothing radial to replace	
B	117	1.75	14.5	0	0.1	0.4375	0.4375	nothing radial to replace	
B	117	1.75	14.5	0	0.1	0.875	0.875	nothing radial to replace	
B	117	1.75	14.5	0	0.1	0.5	0.5	nothing radial to replace	
B	117	1.75	14.5	0	0.1	3	1.109	nothing radial to replace	
B	117	1.75	14.5	0	1	0	0	nothing radial to replace	
B	117	1.75	14.5	0	1	0.4375	0.4375	nothing radial to replace	
B	117	1.75	14.5	0	1	0.875	0.875	nothing radial to replace	
B	117	1.75	14.5	0	1	0.5	0.5	nothing radial to replace	
B	117	1.75	14.5	0	1	3	1.69	nothing radial to replace	
B	117	1.75	14.5	1	0	0	0	nothing radial to replace	
B	117	1.75	14.5	1	0	0.4375	0.4375	nothing radial to replace	
B	117	1.75	14.5	1	0	0.875	0.875	nothing radial to replace	
B	117	1.75	14.5	1	0	0.5	0.5	nothing radial to replace	
B	117	1.75	14.5	1	0	3	1.044	nothing radial to replace	
B	117	1.75	14.5	1	0.1	0	0	nothing radial to replace	
B	117	1.75	14.5	1	0.1	0.4375	0.4375	nothing radial to replace	
B	117	1.75	14.5	1	0.1	0.875	0.875	nothing radial to replace	
B	117	1.75	14.5	1	0.1	0.5	0.5	nothing radial to replace	
B	117	1.75	14.5	1	0.1	3	1.109	nothing radial to replace	
B	117	1.75	14.5	1	1	0	0	nothing radial to replace	
B	117	1.75	14.5	1	1	0.4375	0.4375	nothing radial to replace	
B	117	1.75	14.5	1	1	0.875	0.875	nothing radial to replace	
B	117	1.75	14.5	1	1	0.5	0.5	nothing radial to replace	
B	117	1.75	14.5	1	1	3	1.69	nothing radial to replace	
B	117	1.75	20	-0.6	0	0	0	nothing radial to replace	
B	117	1.75	20	-0.6	0	0.4375	0.4375	nothing radial to replace	
B	117	1.75	20	-0.6	0	0.875	0.825	nothing radial to replace	
B	117	1.75	20	-0.6	0	0.5	0.5	nothing radial to replace	
B	117	1.75	20	-0.6	0	3	0.825	nothing radial to replace	
B	117	1.75	20	-0.6	0.1	0	0	nothing radial to replace	
B	117	1.75	20	-0.6	0.1	0.4375	0.4375	nothing radial to replace	
B	117	1.75	20	-0.6	0.1	0.875	0.875	nothing radial to replace	
B	117	1.75	20	-0.6	0.1	0.5	0.5	nothing radial to replace	
B	117	1.75	20	-0.6	0.1	3	0.897	nothing radial to replace	
B	117	1.75	20	-0.6	1	0	0	nothing radial to replace	
B	117	1.75	20	-0.6	1	0.4375	0.4375	nothing radial to replace	
B	117	1.75	20	-0.6	1	0.875	0.875	nothing radial to replace	
B	117	1.75	20	-0.6	1	0.5	0.5	nothing radial to replace	
B	117	1.75	20	-0.6	1	3	1.539	nothing radial to replace	
B	117	1.75	20	0	0	0	0	nothing radial to replace	
B	117	1.75	20	0	0	0.4375	0.4375	nothing radial to replace	
B	117	1.75	20	0	0	0.875	0.825	nothing radial to replace	
B	117	1.75	20	0	0	0.5	0.5	nothing radial to replace	
B	117	1.75	20	0	0	3	0.825	nothing radial to replace	
B	117	1.75	20	0	0.1	0	0	nothing radial to replace	
B	117	1.75	20	0	0.1	0.4375	0.4375	nothing radial to replace	
B	117	1.75	20	0	0.1	0.875	0.875	nothing radial to replace	
B	117	1.75	20	0	0.1	0.5	0.5	nothing radial to replace	
B	117	1.75	20	0	0.1	3	0.897	nothing radial to replace	
B	117	1.75	20	0	1	0	0	nothing radial to replace	
B	117	1.75	20	0	1	0.4375	0.4375	nothing radial to replace	
B	117	1.75	20	0	1	0.875	0.875	nothing radial to replace	
B	117	1.75	20	0	1	0.5	0.5	nothing radial to replace	
B	117	1.75	20	0	1	3	1.539	nothing radial to replace	
B	117	1.75	20	1	0	0	0	nothing radial to replace	
B	117	1.75	20	1	0	0.4375	0.4375	nothing radial to replace	
B	117	1.75	20	1	0	0.875	0.825	nothing radial to replace	
B	117	1.75	20	1	0	0.5	0.5	nothing radial to replace	
B	117	1.75	20	1	0	3	0.825	nothing radial to replace	
B	117	1.75	20	1	0.1	0	0	nothing radial to replace	
B	117	1.75	20	1	0.1	0.4375	0.4375	nothing radial to replace	
B	117	1.75	20	1	0.1	0.875	0.875	nothing radial to replace	
B	117	1.75	20	1	0.1	0.5	0.5	nothing radial to replace	
B	117	1.75	20	1	0.1	3	0.897	nothing radial to replace	
B	117	1.75	20	1	1	0	0	nothing radial to replace	
B	117	1.75	20	1	1	0.4375	0.4375	nothing radial to replace	
B	117	1.75	20	1	1	0.875	0.875	nothing radial to replace	
B	117	1.75	20	1	1	0.5	0.5	nothing radial to replace	
B	117	1.75	20	1	1	3	1.539	nothing radial to replace	
B	117	1.75	25	-0.6	0	0	0	nothing radial to replace	
B	117	1.75	25	-0.6	0	0.4375	0.4375	nothing radial to replace	
B	117	1.75	25	-0.6	0	0.875	0.556	nothing radial to replace	
B	117	1.75	25	-0.6	0	0.5	0.5	nothing radial to replace	
B	117	1.75	25	-0.6	0	3	0.556	nothing radial to replace	
B	117	1.75	25	-0.6	0.1	0	0	nothing radial to replace	
B	117	1.75	25	-0.6	0.1	0.4375	0.4375	nothing radial to replace	
B	117	1.75	25	-0.6	0.1	0.875	0.634	nothing radial to replace	
B	117	1.75	25	-0.6	0.1	0.5	0.5	nothing radial to replace	
B	117	1.75	25	-0.6	0.1	3	0.634	nothing radial to replace	
B	117	1.75	25	-0.6	1	0	0	nothing radial to replace	
B	117	1.75	25	-0.6	1	0.4375	0.4375	nothing radial to replace	
B	117	1.75	25	-0.6	1	0.875	0.875	nothing radial to replace	
B	117	1.75	25	-0.6	1	0.5	0.5	nothing radial to replace	
B	117	1.75	25	-0.6	1	3	1.341	nothing radial to replace	
B	117	1.75	25	0	0	0	0	nothing radial to replace	
B	117	1.75	25	0	0	0.4375	0.4375	nothing radial to replace	
B	117	1.75	25	0	0	0.875	0.556	nothing radial to replace	
B	117	1.75	25	0	0	0.5	0.5	nothing radial to replace	
B	117	1.75	25	0	0	3	0.556	nothing radial to replace	
B	117	1.75	25	0	0.1	0	0	nothing radial to replace	
B	117	1.75	25	0	0.1	0.4375	0.4375	nothing radial to replace	
B	117	1.75	25	0	0.1	0.875	0.634	nothing radial to replace	
B	117	1.75	25	0	0.1	0.5	0.5	nothing radial to replace	
B	117	1.75	25	0	0.1	3	0.634	nothing radial to replace	
B	117	1.75	25	0	1	0	0	nothing radial to replace	
B	117	1.75	25	0	1	0.4375	0.4375	nothing radial to replace	
B	117	1.75	25	0	1	0.875	0.875	nothing radial to replace	
B	117	1.75	25	0	1	0.5	0.5	nothing radial to replace	
B	117	1.75	25	0	1	3	1.341	nothing radial to replace	
B	117	1.75	25	1	0	0	0	nothing radial to replace	
B	117	1.75	25	1	0	0.4375	0.4375	nothing radial to replace	
B	117	1.75	25	1	0	0.875	0.556	nothing radial to replace	
B	117	1.75	25	1	0	0.5	0.5	nothing radial to replace	
B	117	1.75	25	1	0	3	0.556	nothing radial to replace	
B	117	1.75	25	1	0.1	0	0	nothing radial to replace	
B	117	1.75	25	1	0.1	0.4375	0.4375	nothing radial to replace	
B	117	1.75	25	1	0.1	0.875	0.634	nothing radial to replace	
B	117	1.75	25	1	0.1	0.5	0.5	nothing radial to replace	
B	117	1.75	25	1	0.1	3	0.634	nothing radial to replace	
B	117	1.75	30	-0.6	0	0	0	nothing radial to replace	
B	117	1.75	30	-0.6	0	0.4375	0.193	nothing radial to replace	
B	117	1.75	30	-0.6	0	0.875	0.193	nothing radial to replace	
B	117	1.75	30	-0.6	0	0.5	0.193	nothing radial to replace	
B	117	1.75	30	-0.6	0	3	0.193	nothing radial to replace	
B	117	1.75	30	-0.6	0.1	0	0	nothing radial to replace	
B	117	1.75	30	-0.6	0.1	0.4375	0.279	nothing radial to replace	
B	117	1.75	30	-0.6	0.1	0.875	0.279	nothing radial to replace	
B	117	1.75	30	-0.6	0.1	0.5	0.279	nothing radial to replace	
B	117	1.75	30	-0.6	0.1	3	0.279	nothing radial to replace	
B	117	1.75	30	0	0	0	0	nothing radial to replace	
B	117	1.75	30	0	0	0.4375	0.193	nothing radial to replace	
B	117	1.75	30	0	0	0.875	0.193	nothing radial to replace	
B	117	1.75	30	0	0	0.5	0.193	nothing radial to replace	
B	117	1.75	30	0	0	3	0.193	nothing radial to replace	
B	117	1.75	30	0	0.1	0	0	nothing radial to replace	
B	117	1.75	30	0	0.1	0.4375	0.279	nothing radial to replace	
B	117	1.75	30	0	0.1	0.875	0.279	nothing radial to replace	
B	117	1.75	30	0	0.1	0.5	0.279	nothing radial to replace	
B	117	1.75	30	0	0.1	3	0.279	nothing radial to replace	
B	117	1.75	30	1	0	0	0	nothing radial to replace	
B	117	1.75	30	1	0	0.4375	0.193	nothing radial to replace	
B	117	1.75	30	1	0	0.875	0.193	nothing radial to replace	
B	117	1.75	30	1	0	0.5	0.193	nothing radial to replace	
B	117	1.75	30	1	0	3	0.193	nothing radial to replace	
B	117	1.75	30	1	0.1	0	0	nothing radial to replace	
B	117	1.75	30	1	0.1	0.4375	0.279	nothing radial to replace	
B	117	1.75	30	1	0.1	0.875	0.279	nothing radial to replace	
B	117	1.75	30	1	0.1	0.5	0.279	nothing radial to replace	
B	117	1.75	30	1	0.1	3	0.279	nothing radial to replace	
B	117	1.75	32	-0.6	0	0	0	nothing radial to replace	
B	117	1.75	32	-0.6	0	0.4375	0.013	nothing radial to replace	
B	117	1.75	32	-0.6	0	0.875	0.013	nothing radial to replace	
B	117	1.75	32	-0.6	0	0.5	0.013	nothing radial to replace	
B	117	1.75	32	-0.6	0	3	0.013	nothing radial to replace	
B	117	1.75	32	-0.6	0.1	0	0	nothing radial to replace	
B	117	1.75	32	-0.6	0.1	0.4375	0.103	nothing radial to replace	
B	117	1.75	32	-0.6	0.1	0.875	0.103	nothing radial to replace	
B	117	1.75	32	-0.6	0.1	0.5	0.103	nothing radial to replace	
B	117	1.75	32	-0.6	0.1	3	0.103	nothing radial to replace	
B	117	1.75	32	0	0	0	0	nothing radial to replace	
B	117	1.75	32	0	0	0.4375	0.013	nothing radial to replace	
B	117	1.75	32	0	0	0.875	0.013	nothing radial to replace	
B	117	1.75	32	0	0	0.5	0.013	nothing radial to replace	
B	117	1.75	32	0	0	3	0.013	nothing radial to replace	
B	117	1.75	32	0	0.1	0	0	nothing radial to replace	
B	117	1.75	32	0	0.1	0.4375	0.103	nothing radial to replace	
B	117	1.75	32	0	0.1	0.875	0.103	nothing radial to replace	
B	117	1.75	32	0	0.1	0.5	0.103	nothing radial to replace	
B	117	1.75	32	0	0.1	3	0.103	nothing radial to replace	
B	117	1.75	32	1	0.1	0	0	nothing radial to replace	
B	117	1.75	32	1	0.1	0.4375	0.103	nothing radial to replace	
B	117	1.75	32	1	0.1	0.875	0.103	nothing radial to replace	
B	117	1.75	32	1	0.1	0.5	0.103	nothing radial to replace	
B	117	1.75	32	1	0.1	3	0.103	nothing radial to replace	
B	117	1.75	32.5	-0.6	0	0	0	nothing radial to replace	
B	117	1.75	32.5	-0.6	0	0.4375	0	nothing radial to replace	
B	117	1.75	32.5	-0.6	0	0.875	0	nothing radial to replace	
B	117	1.75	32.5	-0.6	0	0.5	0	nothing radial to replace	
B	117	1.75	32.5	-0.6	0	3	0	nothing radial to replace	
B	117	1.75	32.5	-0.6	0.1	0	0	nothing radial to replace	
B	117	1.75	32.5	-0.6	0.1	0.4375	0.056	nothing radial to replace	
B	117	1.75	32.5	-0.6	0.1	0.875	0.056	nothing radial to replace	
B	117	1.75	32.5	-0.6	0.1	0.5	0.056	nothing radial to replace	
B	117	1.75	32.5	-0.6	0.1	3	0.056	nothing radial to replace	
B	117	1.75	32.5	0	0.1	0	0	nothing radial to replace	
B	117	1.75	32.5	0	0.1	0.4375	0.056	nothing radial to replace	
B	117	1.75	32.5	0	0.1	0.875	0.056	nothing radial to replace	
B	117	1.75	32.5	0	0.1	0.5	0.056	nothing radial to replace	
B	117	1.75	32.5	0	0.1	3	0.056	nothing radial to replace	
B	117	1.75	32.5	1	0.1	0	0	nothing radial to replace	
B	117	1.75	32.5	1	0.1	0.4375	0.056	nothing radial to replace	
B	117	1.75	32.5	1	0.1	0.875	0.056	nothing radial to replace	
B	117	1.75	32.5	1	0.1	0.5	0.056	nothing radial to replace	
B	117	1.75	32.5	1	0.1	3	0.056	nothing radial to replace	
B	117	1.75	33	-0.6	0	0	0	nothing radial to replace	
B	117	1.75	33	-0.6	0	0.4375	0	nothing radial to replace	
B	117	1.75	33	-0.6	0	0.875	0	nothing radial to replace	
B	117	1.75	33	-0.6	0	0.5	0	nothing radial to replace	
B	117	1.75	33	-0.6	0	3	0	nothing radial to replace	
B	117	1.75	33	-0.6	0.1	0	0	nothing radial to replace	
B	117	1.75	33	-0.6	0.1	0.4375	0.007	nothing radial to replace	
B	117	1.75	33	-0.6	0.1	0.875	0.007	nothing radial to replace	
B	117	1.75	33	-0.6	0.1	0.5	0.007	nothing radial to replace	
B	117	1.75	33	-0.6	0.1	3	0.007	nothing radial to replace	
B	117	1.75	33	0	0.1	0	0	nothing radial to replace	
B	117	1.75	33	0	0.1	0.4375	0.007	nothing radial to replace	
B	117	1.75	33	0	0.1	0.875	0.007	nothing radial to replace	
B	117	1.75	33	0	0.1	0.5	0.007	nothing radial to replace	
B	117	1.75	33	0	0.1	3	0.007	nothing radial to replace	
B	117	1.75	33.5	-0.6	0.1	0	0	nothing radial to replace	
B	117	1.75	33.5	-0.6	0.1	0.4375	0	nothing radial to replace	
B	117	1.75	33.5	-0.6	0.1	0.875	0	nothing radial to replace	
B	117	1.75	33.5	-0.6	0.1	0.5	0	nothing radial to replace	
B	117	1.75	33.5	-0.6	0.1	3	0	nothing radial to replace	
B	200	1.75	14.5	-0.6	0	0	0	nothing radial to replace	
B	200	1.75	14.5	-0.6	0	0.4375	0.4375	nothing radial to replace	
B	200	1.75	14.5	-0.6	0	0.875	0.875	nothing radial to replace	
B	200	1.75	14.5	-0.6	0	0.5	0.5	nothing radial to replace	
B	200	1.75	14.5	-0.6	0	3	1.044	nothing radial to replace	
B	200	1.75	14.5	-0.6	0.1	0	0	nothing radial to replace	
B	200	1.75	14.5	-0.6	0.1	0.4375	0.4375	nothing radial to replace	
B	200	1.75	14.5	-0.6	0.1	0.875	0.875	nothing radial to replace	
B	200	1.75	14.5	-0.6	0.1	0.5	0.5	nothing radial to replace	
B	200	1.75	14.5	-0.6	0.1	3	1.109	nothing radial to replace	
B	200	1.75	14.5	-0.6	1	0	0	nothing radial to replace	
B	200	1.75	14.5	-0.6	1	0.4375	0.4375	nothing radial to replace	
B	200	1.75	14.5	-0.6	1	0.875	0.875	nothing radial to replace	
B	200	1.75	14.5	-0.6	1	0.5	0.5	nothing radial to replace	
B	200	1.75	14.5	-0.6	1	3	1.69	nothing radial to replace	
B	200	1.75	14.5	0	0	0	0	nothing radial to replace	
B	200	1.75	14.5	0	0	0.4375	0.4375	nothing radial to replace	
B	200	1.75	14.5	0	0	0.875	0.875	nothing radial to replace	
B	200	1.75	14.5	0	0	0.5	0.5	nothing radial to replace	
B	200	1.75	14.5	0	0	3	1.044	nothing radial to replace	
B	200	1.75	14.5	0	0.1	0	0	nothing radial to replace	
B	200	1.75	14.5	0	0.1	0.4375	0.4375	nothing radial to replace	
B	200	1.75	14.5	0	0.1	0.875	0.875	nothing radial to replace	
B	200	1.75	14.5	0	0.1	0.5	0.5	nothing radial to replace	
B	200	1.75	14.5	0	0.1	3	1.109	nothing radial to replace	
B	200	1.75	14.5	0	1	0	0	nothing radial to replace	
B	200	1.75	14.5	0	1	0.4375	0.4375	nothing radial to replace	
B	200	1.75	14.5	0	1	0.875	0.875	nothing radial to replace	
B	200	1.75	14.5	0	1	0.5	0.5	nothing radial to replace	
B	200	1.75	14.5	0	1	3	1.69	nothing radial to replace	
B	200	1.75	14.5	1	0	0	0	nothing radial to replace	
B	200	1.75	14.5	1	0	0.4375	0.4375	nothing radial to replace	
B	200	1.75	14.5	1	0	0.875	0.875	nothing radial to replace	
B	200	1.75	14.5	1	0	0.5	0.5	nothing radial to replace	
B	200	1.75	14.5	1	0	3	1.044	nothing radial to replace	
B	200	1.75	14.5	1	0.1	0	0	nothing radial to replace	
B	200	1.75	14.5	1	0.1	0.4375	0.4375	nothing radial to replace	
B	200	1.75	14.5	1	0.1	0.875	0.875	nothing radial to replace	
B	200	1.75	14.5	1	0.1	0.5	0.5	nothing radial to replace	
B	200	1.75	14.5	1	0.1	3	1.109	nothing radial to replace	
B	200	1.75	14.5	1	1	0	0	nothing radial to replace	
B	200	1.75	14.5	1	1	0.4375	0.4375	nothing radial to replace	
B	200	1.75	14.5	1	1	0.875	0.875	nothing radial to replace	
B	200	1.75	14.5	1	1	0.5	0.5	nothing radial to replace	
B	200	1.75	14.5	1	1	3	1.69	nothing radial to replace	
B	200	1.75	20	-0.6	0	0	0	nothing radial to replace	
B	200	1.75	20	-0.6	0	0.4375	0.4375	nothing radial to replace	
B	200	1.75	20	-0.6	0	0.875	0.825	nothing radial to replace	
B	200	1.75	20	-0.6	0	0.5	0.5	nothing radial to replace	
B	200	1.75	20	-0.6	0	3	0.825	nothing radial to replace	
B	200	1.75	20	-0.6	0.1	0	0	nothing radial to replace	
B	200	1.75	20	-0.6	0.1	0.4375	0.4375	nothing radial to replace	
B	200	1.75	20	-0.6	0.1	0.875	0.875	nothing radial to replace	
B	200	1.75	20	-0.6	0.1	0.5	0.5	nothing radial to replace	
B	200	1.75	20	-0.6	0.1	3	0.897	nothing radial to replace	
B	200	1.75	20	-0.6	1	0	0	nothing radial to replace	
B	200	1.75	20	-0.6	1	0.4375	0.4375	nothing radial to replace	
B	200	1.75	20	-0.6	1	0.875	0.875	nothing radial to replace	
B	200	1.75	20	-0.6	1	0.5	0.5	nothing radial to replace	
B	200	1.75	20	-0.6	1	3	1.539	nothing radial to replace	
B	200	1.75	20	0	0	0	0	nothing radial to replace	
B	200	1.75	20	0	0	0.4375	0.4375	nothing radial to replace	
B	200	1.75	20	0	0	0.875	0.825	nothing radial to replace	
B	200	1.75	20	0	0	0.5	0.5	nothing radial to replace	
B	200	1.75	20	0	0	3	0.825	nothing radial to replace	
B	200	1.75	20	0	0.1	0	0	nothing radial to replace	
B	200	1.75	20	0	0.1	0.4375	0.4375	nothing radial to replace	
B	200	1.75	20	0	0.1	0.875	0.875	nothing radial to replace	
B	200	1.75	20	0	0.1	0.5	0.5	nothing radial to replace	
B	200	1.75	20	0	0.1	3	0.897	nothing radial to replace	
B	200	1.75	20	0	1	0	0	nothing radial to replace	
B	200	1.75	20	0	1	0.4375	0.4375	nothing radial to replace	
B	200	1.75	20	0	1	0.875	0.875	nothing radial to replace	
B	200	1.75	20	0	1	0.5	0.5	nothing radial to replace	
B	200	1.75	20	0	1	3	1.539	nothing radial to replace	
B	200	1.75	20	1	0	0	0	nothing radial to replace	
B	200	1.75	20	1	0	0.4375	0.4375	nothing radial to replace	
B	200	1.75	20	1	0	0.875	0.825	nothing radial to replace	
B	200	1.75	20	1	0	0.5	0.5	nothing radial to replace	
B	200	1.75	20	1	0	3	0.825	nothing radial to replace	
B	200	1.75	20	1	0.1	0	0	nothing radial to replace	
B	200	1.75	20	1	0.1	0.4375	0.4375	nothing radial to replace	
B	200	1.75	20	1	0.1	0.875	0.875	nothing radial to replace	
B	200	1.75	20	1	0.1	0.5	0.5	nothing radial to replace	
B	200	1.75	20	1	0.1	3	0.897	nothing radial to replace	
B	200	1.75	20	1	1	0	0	nothing radial to replace	
B	200	1.75	20	1	1	0.4375	0.4375	nothing radial to replace	
B	200	1.75	20	1	1	0.875	0.875	nothing radial to replace	
B	200	1.75	20	1	1	0.5	0.5	nothing radial to replace	
B	200	1.75	20	1	1	3	1.539	nothing radial to replace	
B	200	1.75	25	-0.6	0	0	0	nothing radial to replace	
B	200	1.75	25	-0.6	0	0.4375	0.4375	nothing radial to replace	
B	200	1.75	25	-0.6	0	0.875	0.556	nothing radial to replace	
B	200	1.75	25	-0.6	0	0.5	0.5	nothing radial to replace	
B	200	1.75	25	-0.6	0	3	0.556	nothing radial to replace	
B	200	1.75	25	-0.6	0.1	0	0	nothing radial to replace	
B	200	1.75	25	-0.6	0.1	0.4375	0.4375	nothing radial to replace	
B	200	1.75	25	-0.6	0.1	0.875	0.634	nothing radial to replace	
B	200	1.75	25	-0.6	0.1	0.5	0.5	nothing radial to replace	
B	200	1.75	25	-0.6	0.1	3	0.634	nothing radial to replace	
B	200	1.75	25	-0.6	1	0	0	nothing radial to replace	
B	200	1.75	25	-0.6	1	0.4375	0.4375	nothing radial to replace	
B	200	1.75	25	-0.6	1	0.875	0.875	nothing radial to replace	
B	200	1.75	25	-0.6	1	0.5	0.5	nothing radial to replace	
B	200	1.75	25	-0.6	1	3	1.341	nothing radial to replace	
B	200	1.75	25	0	0	0	0	nothing radial to replace	
B	200	1.75	25	0	0	0.4375	0.4375	nothing radial to replace	
B	200	1.75	25	0	0	0.875	0.556	nothing radial to replace	
B	200	1.75	25	0	0	0.5	0.5	nothing radial to replace	
B	200	1.75	25	0	0	3	0.556	nothing radial to replace	
B	200	1.75	25	0	0.1	0	0	nothing radial to replace	
B	200	1.75	25	0	0.1	0.4375	0.4375	nothing radial to replace	
B	200	1.75	25	0	0.1	0.875	0.634	nothing radial to replace	
B	200	1.75	25	0	0.1	0.5	0.5	nothing radial to replace	
B	200	1.75	25	0	0.1	3	0.634	nothing radial to replace	
B	200	1.75	25	0	1	0	0	nothing radial to replace	
B	200	1.75	25	0	1	0.4375	0.4375	nothing radial to replace	
B	200	1.75	25	0	1	0.875	0.875	nothing radial to replace	
B	200	1.75	25	0	1	0.5	0.5	nothing radial to replace	
B	200	1.75	25	0	1	3	1.341	nothing radial to replace	
B	200	1.75	25	1	0	0	0	nothing radial to replace	
B	200	1.75	25	1	0	0.4375	0.4375	nothing radial to replace	
B	200	1.75	25	1	0	0.875	0.556	nothing radial to replace	
B	200	1.75	25	1	0	0.5	0.5	nothing radial to replace	
B	200	1.75	25	1	0	3	0.556	nothing radial to replace	
B	200	1.75	25	1	0.1	0	0	nothing radial to replace	
B	200	1.75	25	1	0.1	0.4375	0.4375	nothing radial to replace	
B	200	1.75	25	1	0.1	0.875	0.634	nothing radial to replace	
B	200	1.75	25	1	0.1	0.5	0.5	nothing radial to replace	
B	200	1.75	25	1	0.1	3	0.634	nothing radial to replace	
B	200	1.75	30	-0.6	0	0	0	nothing radial to replace	
B	200	1.75	30	-0.6	0	0.4375	0.193	nothing radial to replace	
B	200	1.75	30	-0.6	0	0.875	0.193	nothing radial to replace	
B	200	1.75	30	-0.6	0	0.5	0.193	nothing radial to replace	
B	200	1.75	30	-0.6	0	3	0.193	nothing radial to replace	
B	200	1.75	30	-0.6	0.1	0	0	nothing radial to replace	
B	200	1.75	30	-0.6	0.1	0.4375	0.279	nothing radial to replace	
B	200	1.75	30	-0.6	0.1	0.875	0.279	nothing radial to replace	
B	200	1.75	30	-0.6	0.1	0.5	0.279	nothing radial to replace	
B	200	1.75	30	-0.6	0.1	3	0.279	nothing radial to replace	
B	200	1.75	30	0	0	0	0	nothing radial to replace	
B	200	1.75	30	0	0	0.4375	0.193	nothing radial to replace	
B	200	1.75	30	0	0	0.875	0.193	nothing radial to replace	
B	200	1.75	30	0	0	0.5	0.193	nothing radial to replace	
B	200	1.75	30	0	0	3	0.193	nothing radial to replace	
B	200	1.75	30	0	0.1	0	0	nothing radial to replace	
B	200	1.75	30	0	0.1	0.4375	0.279	nothing radial to replace	
B	200	1.75	30	0	0.1	0.875	0.279	nothing radial to replace	
B	200	1.75	30	0	0.1	0.5	0.279	nothing radial to replace	
B	200	1.75	30	0	0.1	3	0.279	nothing radial to replace	
B	200	1.75	30	1	0	0	0	nothing radial to replace	
B	200	1.75	30	1	0	0.4375	0.193	nothing radial to replace	
B	200	1.75	30	1	0	0.875	0.193	nothing radial to replace	
B	200	1.75	30	1	0	0.5	0.193	nothing radial to replace	
B	200	1.75	30	1	0	3	0.193	nothing radial to replace	
B	200	1.75	30	1	0.1	0	0	nothing radial to replace	
B	200	1.75	30	1	0.1	0.4375	0.279	nothing radial to replace	
B	200	1.75	30	1	0.1	0.875	0.279	nothing radial to replace	
B	200	1.75	30	1	0.1	0.5	0.279	nothing radial to replace	
B	200	1.75	30	1	0.1	3	0.279	nothing radial to replace	
B	200	1.75	32	-0.6	0	0	0	nothing radial to replace	
B	200	1.75	32	-0.6	0	0.4375	0.013	nothing radial to replace	
B	200	1.75	32	-0.6	0	0.875	0.013	nothing radial to replace	
B	200	1.75	32	-0.6	0	0.5	0.013	nothing radial to replace	
B	200	1.75	32	-0.6	0	3	0.013	nothing radial to replace	
B	200	1.75	32	-0.6	0.1	0	0	nothing radial to replace	
B	200	1.75	32	-0.6	0.1	0.4375	0.103	nothing radial to replace	
B	200	1.75	32	-0.6	0.1	0.875	0.103	nothing radial to replace	
B	200	1.75	32	-0.6	0.1	0.5	0.103	nothing radial to replace	
B	200	1.75	32	-0.6	0.1	3	0.103	nothing radial to replace	
B	200	1.75	32	0	0	0	0	nothing radial to replace	
B	200	1.75	32	0	0	0.4375	0.013	nothing radial to replace	
B	200	1.75	32	0	0	0.875	0.013	nothing radial to replace	
B	200	1.75	32	0	0	0.5	0.013	nothing radial to replace	
B	200	1.75	32	0	0	3	0.013	nothing radial to replace	
B	200	1.75	32	0	0.1	0	0	nothing radial to replace	
B	200	1.75	32	0	0.1	0.4375	0.103	nothing radial to replace	
B	200	1.75	32	0	0.1	0.875	0.103	nothing radial to replace	
B	200	1.75	32	0	0.1	0.5	0.103	nothing radial to replace	
B	200	1.75	32	0	0.1	3	0.103	nothing radial to replace	
B	200	1.75	32	1	0.1	0	0	nothing radial to replace	
B	200	1.75	32	1	0.1	0.4375	0.103	nothing radial to replace	
B	200	1.75	32	1	0.1	0.875	0.103	nothing radial to replace	
B	200	1.75	32	1	0.1	0.5	0.103	nothing radial to replace	
B	200	1.75	32	1	0.1	3	0.103	nothing radial to replace	
B	200	1.75	32.5	-0.6	0	0	0	nothing radial to replace	
B	200	1.75	32.5	-0.6	0	0.4375	0	nothing radial to replace	
B	200	1.75	32.5	-0.6	0	0.875	0	nothing radial to replace	
B	200	1.75	32.5	-0.6	0	0.5	0	nothing radial to replace	
B	200	1.75	32.5	-0.6	0	3	0	nothing radial to replace	
B	200	1.75	32.5	-0.6	0.1	0	0	nothing radial to replace	
B	200	1.75	32.5	-0.6	0.1	0.4375	0.056	nothing radial to replace	
B	200	1.75	32.5	-0.6	0.1	0.875	0.056	nothing radial to replace	
B	200	1.75	32.5	-0.6	0.1	0.5	0.056	nothing radial to replace	
B	200	1.75	32.5	-0.6	0.1	3	0.056	nothing radial to replace	
B	200	1.75	32.5	0	0.1	0	0	nothing radial to replace	
B	200	1.75	32.5	0	0.1	0.4375	0.056	nothing radial to replace	
B	200	1.75	32.5	0	0.1	0.875	0.056	nothing radial to replace	
B	200	1.75	32.5	0	0.1	0.5	0.056	nothing radial to replace	
B	200	1.75	32.5	0	0.1	3	0.056	nothing radial to replace	
B	200	1.75	32.5	1	0.1	0	0	nothing radial to replace	
B	200	1.75	32.5	1	0.1	0.4375	0.056	nothing radial to replace	
B	200	1.75	32.5	1	0.1	0.875	0.056	nothing radial to replace	
B	200	1.75	32.5	1	0.1	0.5	0.056	nothing radial to replace	
B	200	1.75	32.5	1	0.1	3	0.056	nothing radial to replace	
B	200	1.75	33	-0.6	0.1	0	0	nothing radial to replace	
B	200	1.75	33	-0.6	0.1	0.4375	0.007	nothing radial to replace	
B	200	1.75	33	-0.6	0.1	0.875	0.007	nothing radial to replace	
B	200	1.75	33	-0.6	0.1	0.5	0.007	nothing radial to replace	
B	200	1.75	33	-0.6	0.1	3	0.007	nothing radial to replace	
B	200	1.75	33	0	0.1	0	0	nothing radial to replace	
B	200	1.75	33	0	0.1	0.4375	0.007	nothing radial to replace	
B	200	1.75	33	0	0.1	0.875	0.007	nothing radial to replace	
B	200	1.75	33	0	0.1	0.5	0.007	nothing radial to replace	
B	200	1.75	33	0	0.1	3	0.007	nothing radial to replace	
B	6	10	14.5	-0.6	0	0	0	tooth severed	-0.0473952
B	6	10	14.5	-0.6	0	2.5	2.5	tooth severed	-0.0122168
B	6	10	14.5	-0.6	0	0.5	0.5	tooth severed	-0.0402878
B	6	10	14.5	-0.6	0	3	3	tooth severed	-0.00529277
B	6	10	14.5	-0.6	0.1	0	0	tooth severed	-0.0490618
B	6	10	14.5	-0.6	0.1	2.5	2.5	tooth severed	-0.0138835
B	6	10	14.5	-0.6	0.1	0.5	0.5	tooth severed	-0.0419544
B	6	10	14.5	-0.6	0.1	3	3	tooth severed	-0.00695944
B	6	10	14.5	-0.6	1	0	0	tooth severed	-0.0640618
B	6	10	14.5	-0.6	1	2.5	2.5	tooth severed	-0.0288835
B	6	10	14.5	-0.6	1	0.5	0.5	tooth severed	-0.0569544
B	6	10	14.5	-0.6	1	3	3	tooth severed	-0.0219594
B	6	10	20	-0.6	0	0	0	tooth severed	-0.00349822
B	6	10	20	-0.6	0.1	0	0	tooth severed	-0.00516489
B	6	10	20	-0.6	1	0	0	tooth severed	-0.0201649
B	6	10	20	-0.6	1	0.5	0.5	tooth severed	-0.0142921
B	6	10	32.5	-0.6	0	0	0	tip land gone	
B	6	10	32.5	-0.6	0	2.5	0	tip land gone	
B	6	10	32.5	-0.6	0	5	0	tip land gone	
B	6	10	32.5	-0.6	0	0.5	0	tip land gone	
B	6	10	32.5	-0.6	0	3	0	tip land gone	
B	6	10	32.5	-0.6	0.1	0	0	tip land gone	
B	6	10	32.5	-0.6	0.1	2.5	0	tip land gone	
B	6	10	32.5	-0.6	0.1	5	0	tip land gone	
B	6	10	32.5	-0.6	0.1	0.5	0	tip land gone	
B	6	10	32.5	-0.6	0.1	3	0	tip land gone	
B	6	10	33	-0.6	0	0	0	tip land gone	
B	6	10	33	-0.6	0	2.5	0	tip land gone	
B	6	10	33	-0.6	0	5	0	tip land gone	
B	6	10	33	-0.6	0	0.5	0	tip land gone	
B	6	10	33	-0.6	0	3	0	tip land gone	
B	6	10	33	-0.6	0.1	0	0	tip land gone	
B	6	10	33	-0.6	0.1	2.5	0	tip land gone	
B	6	10	33	-0.6	0.1	5	0	tip land gone	
B	6	10	33	-0.6	0.1	0.5	0	tip land gone	
B	6	10	33	-0.6	0.1	3	0	tip land gone	
B	6	10	33.5	-0.6	0	0	0	tip land gone	
B	6	10	33.5	-0.6	0	2.5	0	tip land gone	
B	6	10	33.5	-0.6	0	5	0	tip land gone	
B	6	10	33.5	-0.6	0	0.5	0	tip land gone	
B	6	10	33.5	-0.6	0	3	0	tip land gone	
B	6	10	33.5	-0.6	0.1	0	0	tip land gone	
B	6	10	33.5	-0.6	0.1	2.5	0	tip land gone	
B	6	10	33.5	-0.6	0.1	5	0	tip land gone	
B	6	10	33.5	-0.6	0.1	0.5	0	tip land gone	
B	6	10	33.5	-0.6	0.1	3	0	tip land gone	
B	6	10	35	-0.6	0	0	0	tip land gone	
B	6	10	35	-0.6	0	2.5	0	tip land gone	
B	6	10	35	-0.6	0	5	0	tip land gone	
B	6	10	35	-0.6	0	0.5	0	tip land gone	
B	6	10	35	-0.6	0	3	0	tip land gone	
B	6	10	35	-0.6	0.1	0	0	tip land gone	
B	6	10	35	-0.6	0.1	2.5	0	tip land gone	
B	6	10	35	-0.6	0.1	5	0	tip land gone	
B	6	10	35	-0.6	0.1	0.5	0	tip land gone	
B	6	10	35	-0.6	0.1	3	0	tip land gone	
B	6	10	35	-0.6	1	0	0	tip land gone	
B	6	10	35	-0.6	1	2.5	0	tip land gone	
B	6	10	35	-0.6	1	5	0	tip land gone	
B	6	10	35	-0.6	1	0.5	0	tip land gone	
B	6	10	35	-0.6	1	3	0	tip land gone	
B	7	10	14.5	-0.6	1	0	0	tooth severed	-0.012325
B	7	10	14.5	-0.6	1	0.5	0.5	tooth severed	-0.00695956
B	7	10	32.5	-0.6	0	0	0	tip land gone	
B	7	10	32.5	-0.6	0	2.5	0	tip land gone	
B	7	10	32.5	-0.6	0	5	0	tip land gone	
B	7	10	32.5	-0.6	0	0.5	0	tip land gone	
B	7	10	32.5	-0.6	0	3	0	tip land gone	
B	7	10	32.5	-0.6	0.1	0	0	tip land gone	
B	7	10	32.5	-0.6	0.1	2.5	0	tip land gone	
B	7	10	32.5	-0.6	0.1	5	0	tip land gone	
B	7	10	32.5	-0.6	0.1	0.5	0	tip land gone	
B	7	10	32.5	-0.6	0.1	3	0	tip land gone	
B	7	10	33	-0.6	0	0	0	tip land gone	
B	7	10	33	-0.6	0	2.5	0	tip land gone	
B	7	10	33	-0.6	0	5	0	tip land gone	
B	7	10	33	-0.6	0	0.5	0	tip land gone	
B	7	10	33	-0.6	0	3	0	tip land gone	
B	7	10	33	-0.6	0.1	0	0	tip land gone	
B	7	10	33	-0.6	0.1	2.5	0	tip land gone	
B	7	10	33	-0.6	0.1	5	0	tip land gone	
B	7	10	33	-0.6	0.1	0.5	0	tip land gone	
B	7	10	33	-0.6	0.1	3	0	tip land gone	
B	7	10	33.5	-0.6	0	0	0	tip land gone	
B	7	10	33.5	-0.6	0	2.5	0	tip land gone	
B	7	10	33.5	-0.6	0	5	0	tip land gone	
B	7	10	33.5	-0.6	0	0.5	0	tip land gone	
B	7	10	33.5	-0.6	0	3	0	tip land gone	
B	7	10	33.5	-0.6	0.1	0	0	tip land gone	
B	7	10	33.5	-0.6	0.1	2.5	0	tip land gone	
B	7	10	33.5	-0.6	0.1	5	0	tip land gone	
B	7	10	33.5	-0.6	0.1	0.5	0	tip land gone	
B	7	10	33.5	-0.6	0.1	3	0	tip land gone	
B	7	10	35	-0.6	0	0	0	tip land gone	
B	7	10	35	-0.6	0	2.5	0	tip land gone	
B	7	10	35	-0.6	0	5	0	tip land gone	
B	7	10	35	-0.6	0	0.5	0	tip land gone	
B	7	10	35	-0.6	0	3	0	tip land gone	
B	7	10	35	-0.6	0.1	0	0	tip land gone	
B	7	10	35	-0.6	0.1	2.5	0	tip land gone	
B	7	10	35	-0.6	0.1	5	0	tip land gone	
B	7	10	35	-0.6	0.1	0.5	0	tip land gone	
B	7	10	35	-0.6	0.1	3	0	tip land gone	
B	7	10	35	-0.6	1	0	0	tip land gone	
B	7	10	35	-0.6	1	2.5	0	tip land gone	
B	7	10	35	-0.6	1	5	0	tip land gone	
B	7	10	35	-0.6	1	0.5	0	tip land gone	
B	7	10	35	-0.6	1	3	0	tip land gone	
B	8	10	32.5	-0.6	0	0	0	tip land gone	
B	8	10	32.5	-0.6	0	2.5	0	tip land gone	
B	8	10	32.5	-0.6	0	5	0	tip land gone	
B	8	10	32.5	-0.6	0	0.5	0	tip land gone	
B	8	10	32.5	-0.6	0	3	0	tip land gone	
B	8	10	32.5	-0.6	0.1	0	0	tip land gone	
B	8	10	32.5	-0.6	0.1	2.5	0	tip land gone	
B	8	10	32.5	-0.6	0.1	5	0	tip land gone	
B	8	10	32.5	-0.6	0.1	0.5	0	tip land gone	
B	8	10	32.5	-0.6	0.1	3	0	tip land gone	
B	8	10	32.5	0	0	0	0	tip land gone	
B	8	10	32.5	0	0	2.5	0	tip land gone	
B	8	10	32.5	0	0	5	0	tip land gone	
B	8	10	32.5	0	0	0.5	0	tip land gone	
B	8	10	32.5	0	0	3	0	tip land gone	
B	8	10	32.5	0	0.1	0	0	tip land gone	
B	8	10	32.5	0	0.1	2.5	0	tip land gone	
B	8	10	32.5	0	0.1	5	0	tip land gone	
B	8	10	32.5	0	0.1	0.5	0	tip land gone	
B	8	10	32.5	0	0.1	3	0	tip land gone	
B	8	10	33	-0.6	0	0	0	tip land gone	
B	8	10	33	-0.6	0	2.5	0	tip land gone	
B	8	10	33	-0.6	0	5	0	tip land gone	
B	8	10	33	-0.6	0	0.5	0	tip land gone	
B	8	10	33	-0.6	0	3	0	tip land gone	
B	8	10	33	-0.6	0.1	0	0	tip land gone	
B	8	10	33	-0.6	0.1	2.5	0	tip land gone	
B	8	10	33	-0.6	0.1	5	0	tip land gone	
B	8	10	33	-0.6	0.1	0.5	0	tip land gone	
B	8	10	33	-0.6	0.1	3	0	tip land gone	
B	8	10	33.5	-0.6	0	0	0	tip land gone	
B	8	10	33.5	-0.6	0	2.5	0	tip land gone	
B	8	10	33.5	-0.6	0	5	0	tip land gone	
B	8	10	33.5	-0.6	0	0.5	0	tip land gone	
B	8	10	33.5	-0.6	0	3	0	tip land gone	
B	8	10	33.5	-0.6	0.1	0	0	tip land gone	
B	8	10	33.5	-0.6	0.1	2.5	0	tip land gone	
B	8	10	33.5	-0.6	0.1	5	0	tip land gone	
B	8	10	33.5	-0.6	0.1	0.5	0	tip land gone	
B	8	10	33.5	-0.6	0.1	3	0	tip land gone	
B	8	10	35	-0.6	0	0	0	tip land gone	
B	8	10	35	-0.6	0	2.5	0	tip land gone	
B	8	10	35	-0.6	0	5	0	tip land gone	
B	8	10	35	-0.6	0	0.5	0	tip land gone	
B	8	10	35	-0.6	0	3	0	tip land gone	
B	8	10	35	-0.6	0.1	0	0	tip land gone	
B	8	10	35	-0.6	0.1	2.5	0	tip land gone	
B	8	10	35	-0.6	0.1	5	0	tip land gone	
B	8	10	35	-0.6	0.1	0.5	0	tip land gone	
B	8	10	35	-0.6	0.1	3	0	tip land gone	
B	8	10	35	-0.6	1	0	0	tip land gone	
B	8	10	35	-0.6	1	2.5	0	tip land gone	
B	8	10	35	-0.6	1	5	0	tip land gone	
B	8	10	35	-0.6	1	0.5	0	tip land gone	
B	8	10	35	-0.6	1	3	0	tip land gone	
B	9	10	32.5	-0.6	0	0	0	tip land gone	
B	9	10	32.5	-0.6	0	2.5	0	tip land gone	
B	9	10	32.5	-0.6	0	5	0	tip land gone	
B	9	10	32.5	-0.6	0	0.5	0	tip land gone	
B	9	10	32.5	-0.6	0	3	0	tip land gone	
B	9	10	32.5	-0.6	0.1	0	0	tip land gone	
B	9	10	32.5	-0.6	0.1	2.5	0	tip land gone	
B	9	10	32.5	-0.6	0.1	5	0	tip land gone	
B	9	10	32.5	-0.6	0.1	0.5	0	tip land gone	
B	9	10	32.5	-0.6	0.1	3	0	tip land gone	
B	9	10	32.5	0	0	0	0	tip land gone	
B	9	10	32.5	0	0	2.5	0	tip land gone	
B	9	10	32.5	0	0	5	0	tip land gone	
B	9	10	32.5	0	0	0.5	0	tip land gone	
B	9	10	32.5	0	0	3	0	tip land gone	
B	9	10	32.5	0	0.1	0	0	tip land gone	
B	9	10	32.5	0	0.1	2.5	0	tip land gone	
B	9	10	32.5	0	0.1	5	0	tip land gone	
B	9	10	32.5	0	0.1	0.5	0	tip land gone	
B	9	10	32.5	0	0.1	3	0	tip land gone	
B	9	10	33	-0.6	0	0	0	tip land gone	
B	9	10	33	-0.6	0	2.5	0	tip land gone	
B	9	10	33	-0.6	0	5	0	tip land gone	
B	9	10	33	-0.6	0	0.5	0	tip land gone	
B	9	10	33	-0.6	0	3	0	tip land gone	
B	9	10	33	-0.6	0.1	0	0	tip land gone	
B	9	10	33	-0.6	0.1	2.5	0	tip land gone	
B	9	10	33	-0.6	0.1	5	0	tip land gone	
B	9	10	33	-0.6	0.1	0.5	0	tip land gone	
B	9	10	33	-0.6	0.1	3	0	tip land gone	
B	9	10	33	0	0	0	0	tip land gone	
B	9	10	33	0	0	2.5	0	tip land gone	
B	9	10	33	0	0	5	0	tip land gone	
B	9	10	33	0	0	0.5	0	tip land gone	
B	9	10	33	0	0	3	0	tip land gone	
B	9	10	33	0	0.1	0	0	tip land gone	
B	9	10	33	0	0.1	2.5	0	tip land gone	
B	9	10	33	0	0.1	5	0	tip land gone	
B	9	10	33	0	0.1	0.5	0	tip land gone	
B	9	10	33	0	0.1	3	0	tip land gone	
B	9	10	33.5	-0.6	0	0	0	tip land gone	
B	9	10	33.5	-0.6	0	2.5	0	tip land gone	
B	9	10	33.5	-0.6	0	5	0	tip land gone	
B	9	10	33.5	-0.6	0	0.5	0	tip land gone	
B	9	10	33.5	-0.6	0	3	0	tip land gone	
B	9	10	33.5	-0.6	0.1	0	0	tip land gone	
B	9	10	33.5	-0.6	0.1	2.5	0	tip land gone	
B	9	10	33.5	-0.6	0.1	5	0	tip land gone	
B	9	10	33.5	-0.6	0.1	0.5	0	tip land gone	
B	9	10	33.5	-0.6	0.1	3	0	tip land gone	
B	9	10	35	-0.6	0	0	0	tip land gone	
B	9	10	35	-0.6	0	2.5	0	tip land gone	
B	9	10	35	-0.6	0	5	0	tip land gone	
B	9	10	35	-0.6	0	0.5	0	tip land gone	
B	9	10	35	-0.6	0	3	0	tip land gone	
B	9	10	35	-0.6	0.1	0	0	tip land gone	
B	9	10	35	-0.6	0.1	2.5	0	tip land gone	
B	9	10	35	-0.6	0.1	5	0	tip land gone	
B	9	10	35	-0.6	0.1	0.5	0	tip land gone	
B	9	10	35	-0.6	0.1	3	0	tip land gone	
B	9	10	35	-0.6	1	0	0	tip land gone	
B	9	10	35	-0.6	1	2.5	0	tip land gone	
B	9	10	35	-0.6	1	5	0	tip land gone	
B	9	10	35	-0.6	1	0.5	0	tip land gone	
B	9	10	35	-0.6	1	3	0	tip land gone	
B	10	10	32.5	-0.6	0	0	0	tip land gone	
B	10	10	32.5	-0.6	0	2.5	0	tip land gone	
B	10	10	32.5	-0.6	0	5	0	tip land gone	
B	10	10	32.5	-0.6	0	0.5	0	tip land gone	
B	10	10	32.5	-0.6	0	3	0	tip land gone	
B	10	10	32.5	-0.6	0.1	0	0	tip land gone	
B	10	10	32.5	-0.6	0.1	2.5	0	tip land gone	
B	10	10	32.5	-0.6	0.1	5	0	tip land gone	
B	10	10	32.5	-0.6	0.1	0.5	0	tip land gone	
B	10	10	32.5	-0.6	0.1	3	0	tip land gone	
B	10	10	32.5	0	0	0	0	tip land gone	
B	10	10	32.5	0	0	2.5	0	tip land gone	
B	10	10	32.5	0	0	5	0	tip land gone	
B	10	10	32.5	0	0	0.5	0	tip land gone	
B	10	10	32.5	0	0	3	0	tip land gone	
B	10	10	32.5	0	0.1	0	0	tip land gone	
B	10	10	32.5	0	0.1	2.5	0	tip land gone	
B	10	10	32.5	0	0.1	5	0	tip land gone	
B	10	10	32.5	0	0.1	0.5	0	tip land gone	
B	10	10	32.5	0	0.1	3	0	tip land gone	
B	10	10	33	-0.6	0	0	0	tip land gone	
B	10	10	33	-0.6	0	2.5	0	tip land gone	
B	10	10	33	-0.6	0	5	0	tip land gone	
B	10	10	33	-0.6	0	0.5	0	tip land gone	
B	10	10	33	-0.6	0	3	0	tip land gone	
B	10	10	33	-0.6	0.1	0	0	tip land gone	
B	10	10	33	-0.6	0.1	2.5	0	tip land gone	
B	10	10	33	-0.6	0.1	5	0	tip land gone	
B	10	10	33	-0.6	0.1	0.5	0	tip land gone	
B	10	10	33	-0.6	0.1	3	0	tip land gone	
B	10	10	33	0	0	0	0	tip land gone	
B	10	10	33	0	0	2.5	0	tip land gone	
B	10	10	33	0	0	5	0	tip land gone	
B	10	10	33	0	0	0.5	0	tip land gone	
B	10	10	33	0	0	3	0	tip land gone	
B	10	10	33	0	0.1	0	0	tip land gone	
B	10	10	33	0	0.1	2.5	0	tip land gone	
B	10	10	33	0	0.1	5	0	tip land gone	
B	10	10	33	0	0.1	0.5	0	tip land gone	
B	10	10	33	0	0.1	3	0	tip land gone	
B	10	10	33.5	-0.6	0	0	0	tip land gone	
B	10	10	33.5	-0.6	0	2.5	0	tip land gone	
B	10	10	33.5	-0.6	0	5	0	tip land gone	
B	10	10	33.5	-0.6	0	0.5	0	tip land gone	
B	10	10	33.5	-0.6	0	3	0	tip land gone	
B	10	10	33.5	-0.6	0.1	0	0	tip land gone	
B	10	10	33.5	-0.6	0.1	2.5	0	tip land gone	
B	10	10	33.5	-0.6	0.1	5	0	tip land gone	
B	10	10	33.5	-0.6	0.1	0.5	0	tip land gone	
B	10	10	33.5	-0.6	0.1	3	0	tip land gone	
B	10	10	33.5	0	0	0	0	tip land gone	
B	10	10	33.5	0	0	2.5	0	tip land gone	
B	10	10	33.5	0	0	5	0	tip land gone	
B	10	10	33.5	0	0	0.5	0	tip land gone	
B	10	10	33.5	0	0	3	0	tip land gone	
B	10	10	33.5	0	0.1	0	0	tip land gone	
B	10	10	33.5	0	0.1	2.5	0	tip land gone	
B	10	10	33.5	0	0.1	5	0	tip land gone	
B	10	10	33.5	0	0.1	0.5	0	tip land gone	
B	10	10	33.5	0	0.1	3	0	tip land gone	
B	10	10	35	-0.6	0	0	0	tip land gone	
B	10	10	35	-0.6	0	2.5	0	tip land gone	
B	10	10	35	-0.6	0	5	0	tip land gone	
B	10	10	35	-0.6	0	0.5	0	tip land gone	
B	10	10	35	-0.6	0	3	0	tip land gone	
B	10	10	35	-0.6	0.1	0	0	tip land gone	
B	10	10	35	-0.6	0.1	2.5	0	tip land gone	
B	10	10	35	-0.6	0.1	5	0	tip land gone	
B	10	10	35	-0.6	0.1	0.5	0	tip land gone	
B	10	10	35	-0.6	0.1	3	0	tip land gone	
B	10	10	35	-0.6	1	0	0	tip land gone	
B	10	10	35	-0.6	1	2.5	0	tip land gone	
B	10	10	35	-0.6	1	5	0	tip land gone	
B	10	10	35	-0.6	1	0.5	0	tip land gone	
B	10	10	35	-0.6	1	3	0	tip land gone	
B	12	10	32.5	-0.6	0	0	0	tip land gone	
B	12	10	32.5	-0.6	0	2.5	0	tip land gone	
B	12	10	32.5	-0.6	0	5	0	tip land gone	
B	12	10	32.5	-0.6	0	0.5	0	tip land gone	
B	12	10	32.5	-0.6	0	3	0	tip land gone	
B	12	10	32.5	-0.6	0.1	0	0	tip land gone	
B	12	10	32.5	-0.6	0.1	2.5	0	tip land gone	
B	12	10	32.5	-0.6	0.1	5	0	tip land gone	
B	12	10	32.5	-0.6	0.1	0.5	0	tip land gone	
B	12	10	32.5	-0.6	0.1	3	0	tip land gone	
B	12	10	32.5	0	0	0	0	tip land gone	
B	12	10	32.5	0	0	2.5	0	tip land gone	
B	12	10	32.5	0	0	5	0	tip land gone	
B	12	10	32.5	0	0	0.5	0	tip land gone	
B	12	10	32.5	0	0	3	0	tip land gone	
B	12	10	32.5	0	0.1	0	0	tip land gone	
B	12	10	32.5	0	0.1	2.5	0	tip land gone	
B	12	10	32.5	0	0.1	5	0	tip land gone	
B	12	10	32.5	0	0.1	0.5	0	tip land gone	
B	12	10	32.5	0	0.1	3	0	tip land gone	
B	12	10	33	-0.6	0	0	0	tip land gone	
B	12	10	33	-0.6	0	2.5	0	tip land gone	
B	12	10	33	-0.6	0	5	0	tip land gone	
B	12	10	33	-0.6	0	0.5	0	tip land gone	
B	12	10	33	-0.6	0	3	0	tip land gone	
B	12	10	33	-0.6	0.1	0	0	tip land gone	
B	12	10	33	-0.6	0.1	2.5	0	tip land gone	
B	12	10	33	-0.6	0.1	5	0	tip land gone	
B	12	10	33	-0.6	0.1	0.5	0	tip land gone	
B	12	10	33	-0.6	0.1	3	0	tip land gone	
B	12	10	33	0	0	0	0	tip land gone	
B	12	10	33	0	0	2.5	0	tip land gone	
B	12	10	33	0	0	5	0	tip land gone	
B	12	10	33	0	0	0.5	0	tip land gone	
B	12	10	33	0	0	3	0	tip land gone	
B	12	10	33	0	0.1	0	0	tip land gone	
B	12	10	33	0	0.1	2.5	0	tip land gone	
B	12	10	33	0	0.1	5	0	tip land gone	
B	12	10	33	0	0.1	0.5	0	tip land gone	
B	12	10	33	0	0.1	3	0	tip land gone	
B	12	10	33.5	-0.6	0	0	0	tip land gone	
B	12	10	33.5	-0.6	0	2.5	0	tip land gone	
B	12	10	33.5	-0.6	0	5	0	tip land gone	
B	12	10	33.5	-0.6	0	0.5	0	tip land gone	
B	12	10	33.5	-0.6	0	3	0	tip land gone	
B	12	10	33.5	-0.6	0.1	0	0	tip land gone	
B	12	10	33.5	-0.6	0.1	2.5	0	tip land gone	
B	12	10	33.5	-0.6	0.1	5	0	tip land gone	
B	12	10	33.5	-0.6	0.1	0.5	0	tip land gone	
B	12	10	33.5	-0.6	0.1	3	0	tip land gone	
B	12	10	33.5	0	0	0	0	tip land gone	
B	12	10	33.5	0	0	2.5	0	tip land gone	
B	12	10	33.5	0	0	5	0	tip land gone	
B	12	10	33.5	0	0	0.5	0	tip land gone	
B	12	10	33.5	0	0	3	0	tip land gone	
B	12	10	33.5	0	0.1	0	0	tip land gone	
B	12	10	33.5	0	0.1	2.5	0	tip land gone	
B	12	10	33.5	0	0.1	5	0	tip land gone	
B	12	10	33.5	0	0.1	0.5	0	tip land gone	
B	12	10	33.5	0	0.1	3	0	tip land gone	
B	12	10	35	-0.6	0	0	0	tip land gone	
B	12	10	35	-0.6	0	2.5	0	tip land gone	
B	12	10	35	-0.6	0	5	0	tip land gone	
B	12	10	35	-0.6	0	0.5	0	tip land gone	
B	12	10	35	-0.6	0	3	0	tip land gone	
B	12	10	35	-0.6	0.1	0	0	tip land gone	
B	12	10	35	-0.6	0.1	2.5	0	tip land gone	
B	12	10	35	-0.6	0.1	5	0	tip land gone	
B	12	10	35	-0.6	0.1	0.5	0	tip land gone	
B	12	10	35	-0.6	0.1	3	0	tip land gone	
B	12	10	35	-0.6	1	0	0	tip land gone	
B	12	10	35	-0.6	1	2.5	0	tip land gone	
B	12	10	35	-0.6	1	5	0	tip land gone	
B	12	10	35	-0.6	1	0.5	0	tip land gone	
B	12	10	35	-0.6	1	3	0	tip land gone	
B	14	10	32.5	-0.6	0	0	0	tip land gone	
B	14	10	32.5	-0.6	0	2.5	0	tip land gone	
B	14	10	32.5	-0.6	0	5	0	tip land gone	
B	14	10	32.5	-0.6	0	0.5	0	tip land gone	
B	14	10	32.5	-0.6	0	3	0	tip land gone	
B	14	10	32.5	-0.6	0.1	0	0	tip land gone	
B	14	10	32.5	-0.6	0.1	2.5	0	tip land gone	
B	14	10	32.5	-0.6	0.1	5	0	tip land gone	
B	14	10	32.5	-0.6	0.1	0.5	0	tip land gone	
B	14	10	32.5	-0.6	0.1	3	0	tip land gone	
B	14	10	32.5	0	0	0	0	tip land gone	
B	14	10	32.5	0	0	2.5	0	tip land gone	
B	14	10	32.5	0	0	5	0	tip land gone	
B	14	10	32.5	0	0	0.5	0	tip land gone	
B	14	10	32.5	0	0	3	0	tip land gone	
B	14	10	32.5	0	0.1	0	0	tip land gone	
B	14	10	32.5	0	0.1	2.5	0	tip land gone	
B	14	10	32.5	0	0.1	5	0	tip land gone	
B	14	10	32.5	0	0.1	0.5	0	tip land gone	
B	14	10	32.5	0	0.1	3	0	tip land gone	
B	14	10	33	-0.6	0	0	0	tip land gone	
B	14	10	33	-0.6	0	2.5	0	tip land gone	
B	14	10	33	-0.6	0	5	0	tip land gone	
B	14	10	33	-0.6	0	0.5	0	tip land gone	
B	14	10	33	-0.6	0	3	0	tip land gone	
B	14	10	33	-0.6	0.1	0	0	tip land gone	
B	14	10	33	-0.6	0.1	2.5	0	tip land gone	
B	14	10	33	-0.6	0.1	5	0	tip land gone	
B	14	10	33	-0.6	0.1	0.5	0	tip land gone	
B	14	10	33	-0.6	0.1	3	0	tip land gone	
B	14	10	33	0	0	0	0	tip land gone	
B	14	10	33	0	0	2.5	0	tip land gone	
B	14	10	33	0	0	5	0	tip land gone	
B	14	10	33	0	0	0.5	0	tip land gone	
B	14	10	33	0	0	3	0	tip land gone	
B	14	10	33	0	0.1	0	0	tip land gone	
B	14	10	33	0	0.1	2.5	0	tip land gone	
B	14	10	33	0	0.1	5	0	tip land gone	
B	14	10	33	0	0.1	0.5	0	tip land gone	
B	14	10	33	0	0.1	3	0	tip land gone	
B	14	10	33.5	-0.6	0	0	0	tip land gone	
B	14	10	33.5	-0.6	0	2.5	0	tip land gone	
B	14	10	33.5	-0.6	0	5	0	tip land gone	
B	14	10	33.5	-0.6	0	0.5	0	tip land gone	
B	14	10	33.5	-0.6	0	3	0	tip land gone	
B	14	10	33.5	-0.6	0.1	0	0	tip land gone	
B	14	10	33.5	-0.6	0.1	2.5	0	tip land gone	
B	14	10	33.5	-0.6	0.1	5	0	tip land gone	
B	14	10	33.5	-0.6	0.1	0.5	0	tip land gone	
B	14	10	33.5	-0.6	0.1	3	0	tip land gone	
B	14	10	33.5	0	0	0	0	tip land gone	
B	14	10	33.5	0	0	2.5	0	tip land gone	
B	14	10	33.5	0	0	5	0	tip land gone	
B	14	10	33.5	0	0	0.5	0	tip land gone	
B	14	10	33.5	0	0	3	0	tip land gone	
B	14	10	33.5	0	0.1	0	0	tip land gone	
B	14	10	33.5	0	0.1	2.5	0	tip land gone	
B	14	10	33.5	0	0.1	5	0	tip land gone	
B	14	10	33.5	0	0.1	0.5	0	tip land gone	
B	14	10	33.5	0	0.1	3	0	tip land gone	
B	14	10	35	-0.6	0	0	0	tip land gone	
B	14	10	35	-0.6	0	2.5	0	tip land gone	
B	14	10	35	-0.6	0	5	0	tip land gone	
B	14	10	35	-0.6	0	0.5	0	tip land gone	
B	14	10	35	-0.6	0	3	0	tip land gone	
B	14	10	35	-0.6	0.1	0	0	tip land gone	
B	14	10	35	-0.6	0.1	2.5	0	tip land gone	
B	14	10	35	-0.6	0.1	5	0	tip land gone	
B	14	10	35	-0.6	0.1	0.5	0	tip land gone	
B	14	10	35	-0.6	0.1	3	0	tip land gone	
B	14	10	35	-0.6	1	0	0	tip land gone	
B	14	10	35	-0.6	1	2.5	0	tip land gone	
B	14	10	35	-0.6	1	5	0	tip land gone	
B	14	10	35	-0.6	1	0.5	0	tip land gone	
B	14	10	35	-0.6	1	3	0	tip land gone	
B	14	10	35	0	0	0	0	nothing radial to replace	
B	14	10	35	0	0	2.5	0	nothing radial to replace	
B	14	10	35	0	0	5	0	nothing radial to replace	
B	14	10	35	0	0	0.5	0	nothing radial to replace	
B	14	10	35	0	0	3	0	nothing radial to replace	
B	17	10	14.5	1	0	0	0	nothing radial to replace	
B	17	10	14.5	1	0	2.5	2.5	nothing radial to replace	
B	17	10	14.5	1	0	5	5	nothing radial to replace	
B	17	10	14.5	1	0	0.5	0.5	nothing radial to replace	
B	17	10	14.5	1	0	3	3	nothing radial to replace	
B	17	10	14.5	1	0.1	0	0	nothing radial to replace	
B	17	10	14.5	1	0.1	2.5	2.5	nothing radial to replace	
B	17	10	14.5	1	0.1	5	5	nothing radial to replace	
B	17	10	14.5	1	0.1	0.5	0.5	nothing radial to replace	
B	17	10	14.5	1	0.1	3	3	nothing radial to replace	
B	17	10	20	1	0	0	0	nothing radial to replace	
B	17	10	20	1	0	2.5	2.5	nothing radial to replace	
B	17	10	20	1	0	5	4.719	nothing radial to replace	
B	17	10	20	1	0	0.5	0.5	nothing radial to replace	
B	17	10	20	1	0	3	3	nothing radial to replace	
B	17	10	20	1	0.1	0	0	nothing radial to replace	
B	17	10	20	1	0.1	2.5	2.5	nothing radial to replace	
B	17	10	20	1	0.1	5	4.79	nothing radial to replace	
B	17	10	20	1	0.1	0.5	0.5	nothing radial to replace	
B	17	10	20	1	0.1	3	3	nothing radial to replace	
B	17	10	32	0	0	0	0	nothing radial to replace	
B	17	10	32	0	0	2.5	0.077	nothing radial to replace	
B	17	10	32	0	0	5	0.077	nothing radial to replace	
B	17	10	32	0	0	0.5	0.077	nothing radial to replace	
B	17	10	32	0	0	3	0.077	nothing radial to replace	
B	17	10	32	0	0.1	0	0	nothing radial to replace	
B	17	10	32	0	0.1	2.5	0.167	nothing radial to replace	
B	17	10	32	0	0.1	5	0.167	nothing radial to replace	
B	17	10	32	0	0.1	0.5	0.167	nothing radial to replace	
B	17	10	32	0	0.1	3	0.167	nothing radial to replace	
B	17	10	32	0	1	0	0	nothing radial to replace	
B	17	10	32	0	1	2.5	0.979	nothing radial to replace	
B	17	10	32	0	1	5	0.979	nothing radial to replace	
B	17	10	32	0	1	0.5	0.5	nothing radial to replace	
B	17	10	32	0	1	3	0.979	nothing radial to replace	
B	17	10	32.5	-0.6	0	0	0	tip land gone	
B	17	10	32.5	-0.6	0	2.5	0	tip land gone	
B	17	10	32.5	-0.6	0	5	0	tip land gone	
B	17	10	32.5	-0.6	0	0.5	0	tip land gone	
B	17	10	32.5	-0.6	0	3	0	tip land gone	
B	17	10	32.5	-0.6	0.1	0	0	tip land gone	
B	17	10	32.5	-0.6	0.1	2.5	0	tip land gone	
B	17	10	32.5	-0.6	0.1	5	0	tip land gone	
B	17	10	32.5	-0.6	0.1	0.5	0	tip land gone	
B	17	10	32.5	-0.6	0.1	3	0	tip land gone	
B	17	10	32.5	0	0	0	0	nothing radial to replace	
B	17	10	32.5	0	0	2.5	0	nothing radial to replace	
B	17	10	32.5	0	0	5	0	nothing radial to replace	
B	17	10	32.5	0	0	0.5	0	nothing radial to replace	
B	17	10	32.5	0	0	3	0	nothing radial to replace	
B	17	10	32.5	0	0.1	0	0	nothing radial to replace	
B	17	10	32.5	0	0.1	2.5	0	nothing radial to replace	
B	17	10	32.5	0	0.1	5	0	nothing radial to replace	
B	17	10	32.5	0	0.1	0.5	0	nothing radial to replace	
B	17	10	32.5	0	0.1	3	0	nothing radial to replace	
B	17	10	32.5	0	1	0	0	nothing radial to replace	
B	17	10	32.5	0	1	2.5	0.711	nothing radial to replace	
B	17	10	32.5	0	1	5	0.711	nothing radial to replace	
B	17	10	32.5	0	1	0.5	0.5	nothing radial to replace	
B	17	10	32.5	0	1	3	0.711	nothing radial to replace	
B	17	10	33	-0.6	0	0	0	tip land gone	
B	17	10	33	-0.6	0	2.5	0	tip land gone	
B	17	10	33	-0.6	0	5	0	tip land gone	
B	17	10	33	-0.6	0	0.5	0	tip land gone	
B	17	10	33	-0.6	0	3	0	tip land gone	
B	17	10	33	-0.6	0.1	0	0	tip land gone	
B	17	10	33	-0.6	0.1	2.5	0	tip land gone	
B	17	10	33	-0.6	0.1	5	0	tip land gone	
B	17	10	33	-0.6	0.1	0.5	0	tip land gone	
B	17	10	33	-0.6	0.1	3	0	tip land gone	
B	17	10	33	0	0	0	0	nothing radial to replace	
B	17	10	33	0	0	2.5	0	nothing radial to replace	
B	17	10	33	0	0	5	0	nothing radial to replace	
B	17	10	33	0	0	0.5	0	nothing radial to replace	
B	17	10	33	0	0	3	0	nothing radial to replace	
B	17	10	33	0	0.1	0	0	nothing radial to replace	
B	17	10	33	0	0.1	2.5	0	nothing radial to replace	
B	17	10	33	0	0.1	5	0	nothing radial to replace	
B	17	10	33	0	0.1	0.5	0	nothing radial to replace	
B	17	10	33	0	0.1	3	0	nothing radial to replace	
B	17	10	33	0	1	0	0	nothing radial to replace	
B	17	10	33	0	1	2.5	0.435	nothing radial to replace	
B	17	10	33	0	1	5	0.435	nothing radial to replace	
B	17	10	33	0	1	0.5	0.435	nothing radial to replace	
B	17	10	33	0	1	3	0.435	nothing radial to replace	
B	17	10	33.5	-0.6	0	0	0	tip land gone	
B	17	10	33.5	-0.6	0	2.5	0	tip land gone	
B	17	10	33.5	-0.6	0	5	0	tip land gone	
B	17	10	33.5	-0.6	0	0.5	0	tip land gone	
B	17	10	33.5	-0.6	0	3	0	tip land gone	
B	17	10	33.5	-0.6	0.1	0	0	tip land gone	
B	17	10	33.5	-0.6	0.1	2.5	0	tip land gone	
B	17	10	33.5	-0.6	0.1	5	0	tip land gone	
B	17	10	33.5	-0.6	0.1	0.5	0	tip land gone	
B	17	10	33.5	-0.6	0.1	3	0	tip land gone	
B	17	10	33.5	0	0	0	0	nothing radial to replace	
B	17	10	33.5	0	0	2.5	0	nothing radial to replace	
B	17	10	33.5	0	0	5	0	nothing radial to replace	
B	17	10	33.5	0	0	0.5	0	nothing radial to replace	
B	17	10	33.5	0	0	3	0	nothing radial to replace	
B	17	10	33.5	0	0.1	0	0	nothing radial to replace	
B	17	10	33.5	0	0.1	2.5	0	nothing radial to replace	
B	17	10	33.5	0	0.1	5	0	nothing radial to replace	
B	17	10	33.5	0	0.1	0.5	0	nothing radial to replace	
B	17	10	33.5	0	0.1	3	0	nothing radial to replace	
B	17	10	35	-0.6	0	0	0	tip land gone	
B	17	10	35	-0.6	0	2.5	0	tip land gone	
B	17	10	35	-0.6	0	5	0	tip land gone	
B	17	10	35	-0.6	0	0.5	0	tip land gone	
B	17	10	35	-0.6	0	3	0	tip land gone	
B	17	10	35	-0.6	0.1	0	0	tip land gone	
B	17	10	35	-0.6	0.1	2.5	0	tip land gone	
B	17	10	35	-0.6	0.1	5	0	tip land gone	
B	17	10	35	-0.6	0.1	0.5	0	tip land gone	
B	17	10	35	-0.6	0.1	3	0	tip land gone	
B	17	10	35	-0.6	1	0	0	tip land gone	
B	17	10	35	-0.6	1	2.5	0	tip land gone	
B	17	10	35	-0.6	1	5	0	tip land gone	
B	17	10	35	-0.6	1	0.5	0	tip land gone	
B	17	10	35	-0.6	1	3	0	tip land gone	
B	17	10	35	0	0	0	0	nothing radial to replace	
B	17	10	35	0	0	2.5	0	nothing radial to replace	
B	17	10	35	0	0	5	0	nothing radial to replace	
B	17	10	35	0	0	0.5	0	nothing radial to replace	
B	17	10	35	0	0	3	0	nothing radial to replace	
B	17	10	35	0	0.1	0	0	nothing radial to replace	
B	17	10	35	0	0.1	2.5	0	nothing radial to replace	
B	17	10	35	0	0.1	5	0	nothing radial to replace	
B	17	10	35	0	0.1	0.5	0	nothing radial to replace	
B	17	10	35	0	0.1	3	0	nothing radial to replace	
B	18	10	14.5	1	0	0	0	nothing radial to replace	
B	18	10	14.5	1	0	2.5	2.5	nothing radial to replace	
B	18	10	14.5	1	0	5	5	nothing radial to replace	
B	18	10	14.5	1	0	0.5	0.5	nothing radial to replace	
B	18	10	14.5	1	0	3	3	nothing radial to replace	
B	18	10	14.5	1	0.1	0	0	nothing radial to replace	
B	18	10	14.5	1	0.1	2.5	2.5	nothing radial to replace	
B	18	10	14.5	1	0.1	5	5	nothing radial to replace	
B	18	10	14.5	1	0.1	0.5	0.5	nothing radial to replace	
B	18	10	14.5	1	0.1	3	3	nothing radial to replace	
B	18	10	14.5	1	1	0	0	nothing radial to replace	
B	18	10	14.5	1	1	2.5	2.5	nothing radial to replace	
B	18	10	14.5	1	1	5	5	nothing radial to replace	
B	18	10	14.5	1	1	0.5	0.5	nothing radial to replace	
B	18	10	14.5	1	1	3	3	nothing radial to replace	
B	18	10	20	1	0	0	0	nothing radial to replace	
B	18	10	20	1	0	2.5	2.5	nothing radial to replace	
B	18	10	20	1	0	5	4.719	nothing radial to replace	
B	18	10	20	1	0	0.5	0.5	nothing radial to replace	
B	18	10	20	1	0	3	3	nothing radial to replace	
B	18	10	20	1	0.1	0	0	nothing radial to replace	
B	18	10	20	1	0.1	2.5	2.5	nothing radial to replace	
B	18	10	20	1	0.1	5	4.79	nothing radial to replace	
B	18	10	20	1	0.1	0.5	0.5	nothing radial to replace	
B	18	10	20	1	0.1	3	3	nothing radial to replace	
B	18	10	32	0	0	0	0	nothing radial to replace	
B	18	10	32	0	0	2.5	0.077	nothing radial to replace	
B	18	10	32	0	0	5	0.077	nothing radial to replace	
B	18	10	32	0	0	0.5	0.077	nothing radial to replace	
B	18	10	32	0	0	3	0.077	nothing radial to replace	
B	18	10	32	0	0.1	0	0	nothing radial to replace	
B	18	10	32	0	0.1	2.5	0.167	nothing radial to replace	
B	18	10	32	0	0.1	5	0.167	nothing radial to replace	
B	18	10	32	0	0.1	0.5	0.167	nothing radial to replace	
B	18	10	32	0	0.1	3	0.167	nothing radial to replace	
B	18	10	32	0	1	0	0	nothing radial to replace	
B	18	10	32	0	1	2.5	0.979	nothing radial to replace	
B	18	10	32	0	1	5	0.979	nothing radial to replace	
B	18	10	32	0	1	0.5	0.5	nothing radial to replace	
B	18	10	32	0	1	3	0.979	nothing radial to replace	
B	18	10	32.5	-0.6	0	0	0	tip land gone	
B	18	10	32.5	-0.6	0	2.5	0	tip land gone	
B	18	10	32.5	-0.6	0	5	0	tip land gone	
B	18	10	32.5	-0.6	0	0.5	0	tip land gone	
B	18	10	32.5	-0.6	0	3	0	tip land gone	
B	18	10	32.5	-0.6	0.1	0	0	tip land gone	
B	18	10	32.5	-0.6	0.1	2.5	0	tip land gone	
B	18	10	32.5	-0.6	0.1	5	0	tip land gone	
B	18	10	32.5	-0.6	0.1	0.5	0	tip land gone	
B	18	10	32.5	-0.6	0.1	3	0	tip land gone	
B	18	10	32.5	0	0	0	0	nothing radial to replace	
B	18	10	32.5	0	0	2.5	0	nothing radial to replace	
B	18	10	32.5	0	0	5	0	nothing radial to replace	
B	18	10	32.5	0	0	0.5	0	nothing radial to replace	
B	18	10	32.5	0	0	3	0	nothing radial to replace	
B	18	10	32.5	0	0.1	0	0	nothing radial to replace	
B	18	10	32.5	0	0.1	2.5	0	nothing radial to replace	
B	18	10	32.5	0	0.1	5	0	nothing radial to replace	
B	18	10	32.5	0	0.1	0.5	0	nothing radial to replace	
B	18	10	32.5	0	0.1	3	0	nothing radial to replace	
B	18	10	32.5	0	1	0	0	nothing radial to replace	
B	18	10	32.5	0	1	2.5	0.711	nothing radial to replace	
B	18	10	32.5	0	1	5	0.711	nothing radial to replace	
B	18	10	32.5	0	1	0.5	0.5	nothing radial to replace	
B	18	10	32.5	0	1	3	0.711	nothing radial to replace	
B	18	10	33	-0.6	0	0	0	tip land gone	
B	18	10	33	-0.6	0	2.5	0	tip land gone	
B	18	10	33	-0.6	0	5	0	tip land gone	
B	18	10	33	-0.6	0	0.5	0	tip land gone	
B	18	10	33	-0.6	0	3	0	tip land gone	
B	18	10	33	-0.6	0.1	0	0	tip land gone	
B	18	10	33	-0.6	0.1	2.5	0	tip land gone	
B	18	10	33	-0.6	0.1	5	0	tip land gone	
B	18	10	33	-0.6	0.1	0.5	0	tip land gone	
B	18	10	33	-0.6	0.1	3	0	tip land gone	
B	18	10	33	0	0	0	0	nothing radial to replace	
B	18	10	33	0	0	2.5	0	nothing radial to replace	
B	18	10	33	0	0	5	0	nothing radial to replace	
B	18	10	33	0	0	0.5	0	nothing radial to replace	
B	18	10	33	0	0	3	0	nothing radial to replace	
B	18	10	33	0	0.1	0	0	nothing radial to replace	
B	18	10	33	0	0.1	2.5	0	nothing radial to replace	
B	18	10	33	0	0.1	5	0	nothing radial to replace	
B	18	10	33	0	0.1	0.5	0	nothing radial to replace	
B	18	10	33	0	0.1	3	0	nothing radial to replace	
B	18	10	33	0	1	0	0	nothing radial to replace	
B	18	10	33	0	1	2.5	0.435	nothing radial to replace	
B	18	10	33	0	1	5	0.435	nothing radial to replace	
B	18	10	33	0	1	0.5	0.435	nothing radial to replace	
B	18	10	33	0	1	3	0.435	nothing radial to replace	
B	18	10	33.5	-0.6	0	0	0	tip land gone	
B	18	10	33.5	-0.6	0	2.5	0	tip land gone	
B	18	10	33.5	-0.6	0	5	0	tip land gone	
B	18	10	33.5	-0.6	0	0.5	0	tip land gone	
B	18	10	33.5	-0.6	0	3	0	tip land gone	
B	18	10	33.5	-0.6	0.1	0	0	tip land gone	
B	18	10	33.5	-0.6	0.1	2.5	0	tip land gone	
B	18	10	33.5	-0.6	0.1	5	0	tip land gone	
B	18	10	33.5	-0.6	0.1	0.5	0	tip land gone	
B	18	10	33.5	-0.6	0.1	3	0	tip land gone	
B	18	10	33.5	0	0	0	0	nothing radial to replace	
B	18	10	33.5	0	0	2.5	0	nothing radial to replace	
B	18	10	33.5	0	0	5	0	nothing radial to replace	
B	18	10	33.5	0	0	0.5	0	nothing radial to replace	
B	18	10	33.5	0	0	3	0	nothing radial to replace	
B	18	10	33.5	0	0.1	0	0	nothing radial to replace	
B	18	10	33.5	0	0.1	2.5	0	nothing radial to replace	
B	18	10	33.5	0	0.1	5	0	nothing radial to replace	
B	18	10	33.5	0	0.1	0.5	0	nothing radial to replace	
B	18	10	33.5	0	0.1	3	0	nothing radial to replace	
B	18	10	33.5	0	1	0	0	nothing radial to replace	
B	18	10	33.5	0	1	2.5	0.149	nothing radial to replace	
B	18	10	33.5	0	1	5	0.149	nothing radial to replace	
B	18	10	33.5	0	1	0.5	0.149	nothing radial to replace	
B	18	10	33.5	0	1	3	0.149	nothing radial to replace	
B	18	10	35	-0.6	0	0	0	tip land gone	
B	18	10	35	-0.6	0	2.5	0	tip land gone	
B	18	10	35	-0.6	0	5	0	tip land gone	
B	18	10	35	-0.6	0	0.5	0	tip land gone	
B	18	10	35	-0.6	0	3	0	tip land gone	
B	18	10	35	-0.6	0.1	0	0	tip land gone	
B	18	10	35	-0.6	0.1	2.5	0	tip land gone	
B	18	10	35	-0.6	0.1	5	0	tip land gone	
B	18	10	35	-0.6	0.1	0.5	0	tip land gone	
B	18	10	35	-0.6	0.1	3	0	tip land gone	
B	18	10	35	-0.6	1	0	0	tip land gone	
B	18	10	35	-0.6	1	2.5	0	tip land gone	
B	18	10	35	-0.6	1	5	0	tip land gone	
B	18	10	35	-0.6	1	0.5	0	tip land gone	
B	18	10	35	-0.6	1	3	0	tip land gone	
B	18	10	35	0	0	0	0	nothing radial to replace	
B	18	10	35	0	0	2.5	0	nothing radial to replace	
B	18	10	35	0	0	5	0	nothing radial to replace	
B	18	10	35	0	0	0.5	0	nothing radial to replace	
B	18	10	35	0	0	3	0	nothing radial to replace	
B	18	10	35	0	0.1	0	0	nothing radial to replace	
B	18	10	35	0	0.1	2.5	0	nothing radial to replace	
B	18	10	35	0	0.1	5	0	nothing radial to replace	
B	18	10	35	0	0.1	0.5	0	nothing radial to replace	
B	18	10	35	0	0.1	3	0	nothing radial to replace	
B	20	10	14.5	1	0	0	0	nothing radial to replace	
B	20	10	14.5	1	0	2.5	2.5	nothing radial to replace	
B	20	10	14.5	1	0	5	5	nothing radial to replace	
B	20	10	14.5	1	0	0.5	0.5	nothing radial to replace	
B	20	10	14.5	1	0	3	3	nothing radial to replace	
B	20	10	14.5	1	0.1	0	0	nothing radial to replace	
B	20	10	14.5	1	0.1	2.5	2.5	nothing radial to replace	
B	20	10	14.5	1	0.1	5	5	nothing radial to replace	
B	20	10	14.5	1	0.1	0.5	0.5	nothing radial to replace	
B	20	10	14.5	1	0.1	3	3	nothing radial to replace	
B	20	10	14.5	1	1	0	0	nothing radial to replace	
B	20	10	14.5	1	1	2.5	2.5	nothing radial to replace	
B	20	10	14.5	1	1	5	5	nothing radial to replace	
B	20	10	14.5	1	1	0.5	0.5	nothing radial to replace	
B	20	10	14.5	1	1	3	3	nothing radial to replace	
B	20	10	20	1	0	0	0	nothing radial to replace	
B	20	10	20	1	0	2.5	2.5	nothing radial to replace	
B	20	10	20	1	0	5	4.719	nothing radial to replace	
B	20	10	20	1	0	0.5	0.5	nothing radial to replace	
B	20	10	20	1	0	3	3	nothing radial to replace	
B	20	10	20	1	0.1	0	0	nothing radial to replace	
B	20	10	20	1	0.1	2.5	2.5	nothing radial to replace	
B	20	10	20	1	0.1	5	4.79	nothing radial to replace	
B	20	10	20	1	0.1	0.5	0.5	nothing radial to replace	
B	20	10	20	1	0.1	3	3	nothing radial to replace	
B	20	10	20	1	1	0	0	nothing radial to replace	
B	20	10	20	1	1	2.5	2.5	nothing radial to replace	
B	20	10	20	1	1	5	5	nothing radial to replace	
B	20	10	20	1	1	0.5	0.5	nothing radial to replace	
B	20	10	20	1	1	3	3	nothing radial to replace	
B	20	10	25	1	0	0	0	nothing radial to replace	
B	20	10	25	1	0	2.5	2.5	nothing radial to replace	
B	20	10	25	1	0	5	3.178	nothing radial to replace	
B	20	10	25	1	0	0.5	0.5	nothing radial to replace	
B	20	10	25	1	0	3	3	nothing radial to replace	
B	20	10	25	1	0.1	0	0	nothing radial to replace	
B	20	10	25	1	0.1	2.5	2.5	nothing radial to replace	
B	20	10	25	1	0.1	5	3.257	nothing radial to replace	
B	20	10	25	1	0.1	0.5	0.5	nothing radial to replace	
B	20	10	25	1	0.1	3	3	nothing radial to replace	
B	20	10	30	0	0	0	0	nothing radial to replace	
B	20	10	30	0	0	2.5	1.103	nothing radial to replace	
B	20	10	30	0	0	5	1.103	nothing radial to replace	
B	20	10	30	0	0	0.5	0.5	nothing radial to replace	
B	20	10	30	0	0	3	1.103	nothing radial to replace	
B	20	10	30	0	0.1	0	0	nothing radial to replace	
B	20	10	30	0	0.1	2.5	1.19	nothing radial to replace	
B	20	10	30	0	0.1	5	1.19	nothing radial to replace	
B	20	10	30	0	0.1	0.5	0.5	nothing radial to replace	
B	20	10	30	0	0.1	3	1.19	nothing radial to replace	
B	20	10	30	0	1	0	0	nothing radial to replace	
B	20	10	30	0	1	2.5	1.969	nothing radial to replace	
B	20	10	30	0	1	5	1.969	nothing radial to replace	
B	20	10	30	0	1	0.5	0.5	nothing radial to replace	
B	20	10	30	0	1	3	1.969	nothing radial to replace	
B	20	10	32	0	0	0	0	nothing radial to replace	
B	20	10	32	0	0	2.5	0.077	nothing radial to replace	
B	20	10	32	0	0	5	0.077	nothing radial to replace	
B	20	10	32	0	0	0.5	0.077	nothing radial to replace	
B	20	10	32	0	0	3	0.077	nothing radial to replace	
B	20	10	32	0	0.1	0	0	nothing radial to replace	
B	20	10	32	0	0.1	2.5	0.167	nothing radial to replace	
B	20	10	32	0	0.1	5	0.167	nothing radial to replace	
B	20	10	32	0	0.1	0.5	0.167	nothing radial to replace	
B	20	10	32	0	0.1	3	0.167	nothing radial to replace	
B	20	10	32	0	1	0	0	nothing radial to replace	
B	20	10	32	0	1	2.5	0.979	nothing radial to replace	
B	20	10	32	0	1	5	0.979	nothing radial to replace	
B	20	10	32	0	1	0.5	0.5	nothing radial to replace	
B	20	10	32	0	1	3	0.979	nothing radial to replace	
B	20	10	32.5	-0.6	0	0	0	tip land gone	
B	20	10	32.5	-0.6	0	2.5	0	tip land gone	
B	20	10	32.5	-0.6	0	5	0	tip land gone	
B	20	10	32.5	-0.6	0	0.5	0	tip land gone	
B	20	10	32.5	-0.6	0	3	0	tip land gone	
B	20	10	32.5	-0.6	0.1	0	0	tip land gone	
B	20	10	32.5	-0.6	0.1	2.5	0	tip land gone	
B	20	10	32.5	-0.6	0.1	5	0	tip land gone	
B	20	10	32.5	-0.6	0.1	0.5	0	tip land gone	
B	20	10	32.5	-0.6	0.1	3	0	tip land gone	
B	20	10	32.5	0	0	0	0	nothing radial to replace	
B	20	10	32.5	0	0	2.5	0	nothing radial to replace	
B	20	10	32.5	0	0	5	0	nothing radial to replace	
B	20	10	32.5	0	0	0.5	0	nothing radial to replace	
B	20	10	32.5	0	0	3	0	nothing radial to replace	
B	20	10	32.5	0	0.1	0	0	nothing radial to replace	
B	20	10	32.5	0	0.1	2.5	0	nothing radial to replace	
B	20	10	32.5	0	0.1	5	0	nothing radial to replace	
B	20	10	32.5	0	0.1	0.5	0	nothing radial to replace	
B	20	10	32.5	0	0.1	3	0	nothing radial to replace	
B	20	10	32.5	0	1	0	0	nothing radial to replace	
B	20	10	32.5	0	1	2.5	0.711	nothing radial to replace	
B	20	10	32.5	0	1	5	0.711	nothing radial to replace	
B	20	10	32.5	0	1	0.5	0.5	nothing radial to replace	
B	20	10	32.5	0	1	3	0.711	nothing radial to replace	
B	20	10	33	-0.6	0	0	0	tip land gone	
B	20	10	33	-0.6	0	2.5	0	tip land gone	
B	20	10	33	-0.6	0	5	0	tip land gone	
B	20	10	33	-0.6	0	0.5	0	tip land gone	
B	20	10	33	-0.6	0	3	0	tip land gone	
B	20	10	33	-0.6	0.1	0	0	tip land gone	
B	20	10	33	-0.6	0.1	2.5	0	tip land gone	
B	20	10	33	-0.6	0.1	5	0	tip land gone	
B	20	10	33	-0.6	0.1	0.5	0	tip land gone	
B	20	10	33	-0.6	0.1	3	0	tip land gone	
B	20	10	33	0	0	0	0	nothing radial to replace	
B	20	10	33	0	0	2.5	0	nothing radial to replace	
B	20	10	33	0	0	5	0	nothing radial to replace	
B	20	10	33	0	0	0.5	0	nothing radial to replace	
B	20	10	33	0	0	3	0	nothing radial to replace	
B	20	10	33	0	0.1	0	0	nothing radial to replace	
B	20	10	33	0	0.1	2.5	0	nothing radial to replace	
B	20	10	33	0	0.1	5	0	nothing radial to replace	
B	20	10	33	0	0.1	0.5	0	nothing radial to replace	
B	20	10	33	0	0.1	3	0	nothing radial to replace	
B	20	10	33	0	1	0	0	nothing radial to replace	
B	20	10	33	0	1	2.5	0.435	nothing radial to replace	
B	20	10	33	0	1	5	0.435	nothing radial to replace	
B	20	10	33	0	1	0.5	0.435	nothing radial to replace	
B	20	10	33	0	1	3	0.435	nothing radial to replace	
B	20	10	33.5	-0.6	0	0	0	tip land gone	
B	20	10	33.5	-0.6	0	2.5	0	tip land gone	
B	20	10	33.5	-0.6	0	5	0	tip land gone	
B	20	10	33.5	-0.6	0	0.5	0	tip land gone	
B	20	10	33.5	-0.6	0	3	0	tip land gone	
B	20	10	33.5	-0.6	0.1	0	0	tip land gone	
B	20	10	33.5	-0.6	0.1	2.5	0	tip land gone	
B	20	10	33.5	-0.6	0.1	5	0	tip land gone	
B	20	10	33.5	-0.6	0.1	0.5	0	tip land gone	
B	20	10	33.5	-0.6	0.1	3	0	tip land gone	
B	20	10	33.5	0	0	0	0	nothing radial to replace	
B	20	10	33.5	0	0	2.5	0	nothing radial to replace	
B	20	10	33.5	0	0	5	0	nothing radial to replace	
B	20	10	33.5	0	0	0.5	0	nothing radial to replace	
B	20	10	33.5	0	0	3	0	nothing radial to replace	
B	20	10	33.5	0	0.1	0	0	nothing radial to replace	
B	20	10	33.5	0	0.1	2.5	0	nothing radial to replace	
B	20	10	33.5	0	0.1	5	0	nothing radial to replace	
B	20	10	33.5	0	0.1	0.5	0	nothing radial to replace	
B	20	10	33.5	0	0.1	3	0	nothing radial to replace	
B	20	10	33.5	0	1	0	0	nothing radial to replace	
B	20	10	33.5	0	1	2.5	0.149	nothing radial to replace	
B	20	10	33.5	0	1	5	0.149	nothing radial to replace	
B	20	10	33.5	0	1	0.5	0.149	nothing radial to replace	
B	20	10	33.5	0	1	3	0.149	nothing radial to replace	
B	20	10	35	-0.6	0	0	0	tip land gone	
B	20	10	35	-0.6	0	2.5	0	tip land gone	
B	20	10	35	-0.6	0	5	0	tip land gone	
B	20	10	35	-0.6	0	0.5	0	tip land gone	
B	20	10	35	-0.6	0	3	0	tip land gone	
B	20	10	35	-0.6	0.1	0	0	tip land gone	
B	20	10	35	-0.6	0.1	2.5	0	tip land gone	
B	20	10	35	-0.6	0.1	5	0	tip land gone	
B	20	10	35	-0.6	0.1	0.5	0	tip land gone	
B	20	10	35	-0.6	0.1	3	0	tip land gone	
B	20	10	35	-0.6	1	0	0	tip land gone	
B	20	10	35	-0.6	1	2.5	0	tip land gone	
B	20	10	35	-0.6	1	5	0	tip land gone	
B	20	10	35	-0.6	1	0.5	0	tip land gone	
B	20	10	35	-0.6	1	3	0	tip land gone	
B	20	10	35	0	0	0	0	nothing radial to replace	
B	20	10	35	0	0	2.5	0	nothing radial to replace	
B	20	10	35	0	0	5	0	nothing radial to replace	
B	20	10	35	0	0	0.5	0	nothing radial to replace	
B	20	10	35	0	0	3	0	nothing radial to replace	
B	20	10	35	0	0.1	0	0	nothing radial to replace	
B	20	10	35	0	0.1	2.5	0	nothing radial to replace	
B	20	10	35	0	0.1	5	0	nothing radial to replace	
B	20	10	35	0	0.1	0.5	0	nothing radial to replace	
B	20	10	35	0	0.1	3	0	nothing radial to replace	
B	25	10	14.5	1	0	0	0	nothing radial to replace	
B	25	10	14.5	1	0	2.5	2.5	nothing radial to replace	
B	25	10	14.5	1	0	5	5	nothing radial to replace	
B	25	10	14.5	1	0	0.5	0.5	nothing radial to replace	
B	25	10	14.5	1	0	3	3	nothing radial to replace	
B	25	10	14.5	1	0.1	0	0	nothing radial to replace	
B	25	10	14.5	1	0.1	2.5	2.5	nothing radial to replace	
B	25	10	14.5	1	0.1	5	5	nothing radial to replace	
B	25	10	14.5	1	0.1	0.5	0.5	nothing radial to replace	
B	25	10	14.5	1	0.1	3	3	nothing radial to replace	
B	25	10	14.5	1	1	0	0	nothing radial to replace	
B	25	10	14.5	1	1	2.5	2.5	nothing radial to replace	
B	25	10	14.5	1	1	5	5	nothing radial to replace	
B	25	10	14.5	1	1	0.5	0.5	nothing radial to replace	
B	25	10	14.5	1	1	3	3	nothing radial to replace	
B	25	10	20	1	0	0	0	nothing radial to replace	
B	25	10	20	1	0	2.5	2.5	nothing radial to replace	
B	25	10	20	1	0	5	4.719	nothing radial to replace	
B	25	10	20	1	0	0.5	0.5	nothing radial to replace	
B	25	10	20	1	0	3	3	nothing radial to replace	
B	25	10	20	1	0.1	0	0	nothing radial to replace	
B	25	10	20	1	0.1	2.5	2.5	nothing radial to replace	
B	25	10	20	1	0.1	5	4.79	nothing radial to replace	
B	25	10	20	1	0.1	0.5	0.5	nothing radial to replace	
B	25	10	20	1	0.1	3	3	nothing radial to replace	
B	25	10	20	1	1	0	0	nothing radial to replace	
B	25	10	20	1	1	2.5	2.5	nothing radial to replace	
B	25	10	20	1	1	5	5	nothing radial to replace	
B	25	10	20	1	1	0.5	0.5	nothing radial to replace	
B	25	10	20	1	1	3	3	nothing radial to replace	
B	25	10	25	1	0	0	0	nothing radial to replace	
B	25	10	25	1	0	2.5	2.5	nothing radial to replace	
B	25	10	25	1	0	5	3.178	nothing radial to replace	
B	25	10	25	1	0	0.5	0.5	nothing radial to replace	
B	25	10	25	1	0	3	3	nothing radial to replace	
B	25	10	25	1	0.1	0	0	nothing radial to replace	
B	25	10	25	1	0.1	2.5	2.5	nothing radial to replace	
B	25	10	25	1	0.1	5	3.257	nothing radial to replace	
B	25	10	25	1	0.1	0.5	0.5	nothing radial to replace	
B	25	10	25	1	0.1	3	3	nothing radial to replace	
B	25	10	25	1	1	0	0	nothing radial to replace	
B	25	10	25	1	1	2.5	2.5	nothing radial to replace	
B	25	10	25	1	1	5	3.963	nothing radial to replace	
B	25	10	25	1	1	0.5	0.5	nothing radial to replace	
B	25	10	25	1	1	3	3	nothing radial to replace	
B	25	10	30	0	0	0	0	nothing radial to replace	
B	25	10	30	0	0	2.5	1.103	nothing radial to replace	
B	25	10	30	0	0	5	1.103	nothing radial to replace	
B	25	10	30	0	0	0.5	0.5	nothing radial to replace	
B	25	10	30	0	0	3	1.103	nothing radial to replace	
B	25	10	30	0	0.1	0	0	nothing radial to replace	
B	25	10	30	0	0.1	2.5	1.19	nothing radial to replace	
B	25	10	30	0	0.1	5	1.19	nothing radial to replace	
B	25	10	30	0	0.1	0.5	0.5	nothing radial to replace	
B	25	10	30	0	0.1	3	1.19	nothing radial to replace	
B	25	10	30	0	1	0	0	nothing radial to replace	
B	25	10	30	0	1	2.5	1.969	nothing radial to replace	
B	25	10	30	0	1	5	1.969	nothing radial to replace	
B	25	10	30	0	1	0.5	0.5	nothing radial to replace	
B	25	10	30	0	1	3	1.969	nothing radial to replace	
B	25	10	32	-0.6	0	0	0	nothing radial to replace	
B	25	10	32	-0.6	0	2.5	0.077	nothing radial to replace	
B	25	10	32	-0.6	0	5	0.077	nothing radial to replace	
B	25	10	32	-0.6	0	0.5	0.077	nothing radial to replace	
B	25	10	32	-0.6	0	3	0.077	nothing radial to replace	
B	25	10	32	-0.6	0.1	0	0	nothing radial to replace	
B	25	10	32	-0.6	0.1	2.5	0.167	nothing radial to replace	
B	25	10	32	-0.6	0.1	5	0.167	nothing radial to replace	
B	25	10	32	-0.6	0.1	0.5	0.167	nothing radial to replace	
B	25	10	32	-0.6	0.1	3	0.167	nothing radial to replace	
B	25	10	32	-0.6	1	0	0	nothing radial to replace	
B	25	10	32	-0.6	1	2.5	0.979	nothing radial to replace	
B	25	10	32	-0.6	1	5	0.979	nothing radial to replace	
B	25	10	32	-0.6	1	0.5	0.5	nothing radial to replace	
B	25	10	32	-0.6	1	3	0.979	nothing radial to replace	
B	25	10	32	0	0	0	0	nothing radial to replace	
B	25	10	32	0	0	2.5	0.077	nothing radial to replace	
B	25	10	32	0	0	5	0.077	nothing radial to replace	
B	25	10	32	0	0	0.5	0.077	nothing radial to replace	
B	25	10	32	0	0	3	0.077	nothing radial to replace	
B	25	10	32	0	0.1	0	0	nothing radial to replace	
B	25	10	32	0	0.1	2.5	0.167	nothing radial to replace	
B	25	10	32	0	0.1	5	0.167	nothing radial to replace	
B	25	10	32	0	0.1	0.5	0.167	nothing radial to replace	
B	25	10	32	0	0.1	3	0.167	nothing radial to replace	
B	25	10	32	0	1	0	0	nothing radial to replace	
B	25	10	32	0	1	2.5	0.979	nothing radial to replace	
B	25	10	32	0	1	5	0.979	nothing radial to replace	
B	25	10	32	0	1	0.5	0.5	nothing radial to replace	
B	25	10	32	0	1	3	0.979	nothing radial to replace	
B	25	10	32.5	-0.6	0	0	0	nothing radial to replace	
B	25	10	32.5	-0.6	0	2.5	0	nothing radial to replace	
B	25	10	32.5	-0.6	0	5	0	nothing radial to replace	
B	25	10	32.5	-0.6	0	0.5	0	nothing radial to replace	
B	25	10	32.5	-0.6	0	3	0	nothing radial to replace	
B	25	10	32.5	-0.6	0.1	0	0	nothing radial to replace	
B	25	10	32.5	-0.6	0.1	2.5	0	nothing radial to replace	
B	25	10	32.5	-0.6	0.1	5	0	nothing radial to replace	
B	25	10	32.5	-0.6	0.1	0.5	0	nothing radial to replace	
B	25	10	32.5	-0.6	0.1	3	0	nothing radial to replace	
B	25	10	32.5	-0.6	1	0	0	nothing radial to replace	
B	25	10	32.5	-0.6	1	2.5	0.711	nothing radial to replace	
B	25	10	32.5	-0.6	1	5	0.711	nothing radial to replace	
B	25	10	32.5	-0.6	1	0.5	0.5	nothing radial to replace	
B	25	10	32.5	-0.6	1	3	0.711	nothing radial to replace	
B	25	10	32.5	0	0	0	0	nothing radial to replace	
B	25	10	32.5	0	0	2.5	0	nothing radial to replace	
B	25	10	32.5	0	0	5	0	nothing radial to replace	
B	25	10	32.5	0	0	0.5	0	nothing radial to replace	
B	25	10	32.5	0	0	3	0	nothing radial to replace	
B	25	10	32.5	0	0.1	0	0	nothing radial to replace	
B	25	10	32.5	0	0.1	2.5	0	nothing radial to replace	
B	25	10	32.5	0	0.1	5	0	nothing radial to replace	
B	25	10	32.5	0	0.1	0.5	0	nothing radial to replace	
B	25	10	32.5	0	0.1	3	0	nothing radial to replace	
B	25	10	32.5	0	1	0	0	nothing radial to replace	
B	25	10	32.5	0	1	2.5	0.711	nothing radial to replace	
B	25	10	32.5	0	1	5	0.711	nothing radial to replace	
B	25	10	32.5	0	1	0.5	0.5	nothing radial to replace	
B	25	10	32.5	0	1	3	0.711	nothing radial to replace	
B	25	10	33	-0.6	0	0	0	nothing radial to replace	
B	25	10	33	-0.6	0	2.5	0	nothing radial to replace	
B	25	10	33	-0.6	0	5	0	nothing radial to replace	
B	25	10	33	-0.6	0	0.5	0	nothing radial to replace	
B	25	10	33	-0.6	0	3	0	nothing radial to replace	
B	25	10	33	-0.6	0.1	0	0	nothing radial to replace	
B	25	10	33	-0.6	0.1	2.5	0	nothing radial to replace	
B	25	10	33	-0.6	0.1	5	0	nothing radial to replace	
B	25	10	33	-0.6	0.1	0.5	0	nothing radial to replace	
B	25	10	33	-0.6	0.1	3	0	nothing radial to replace	
B	25	10	33	-0.6	1	0	0	nothing radial to replace	
B	25	10	33	-0.6	1	2.5	0.435	nothing radial to replace	
B	25	10	33	-0.6	1	5	0.435	nothing radial to replace	
B	25	10	33	-0.6	1	0.5	0.435	nothing radial to replace	
B	25	10	33	-0.6	1	3	0.435	nothing radial to replace	
B	25	10	33	0	0	0	0	nothing radial to replace	
B	25	10	33	0	0	2.5	0	nothing radial to replace	
B	25	10	33	0	0	5	0	nothing radial to replace	
B	25	10	33	0	0	0.5	0	nothing radial to replace	
B	25	10	33	0	0	3	0	nothing radial to replace	
B	25	10	33	0	0.1	0	0	nothing radial to replace	
B	25	10	33	0	0.1	2.5	0	nothing radial to replace	
B	25	10	33	0	0.1	5	0	nothing radial to replace	
B	25	10	33	0	0.1	0.5	0	nothing radial to replace	
B	25	10	33	0	0.1	3	0	nothing radial to replace	
B	25	10	33	0	1	0	0	nothing radial to replace	
B	25	10	33	0	1	2.5	0.435	nothing radial to replace	
B	25	10	33	0	1	5	0.435	nothing radial to replace	
B	25	10	33	0	1	0.5	0.435	nothing radial to replace	
B	25	10	33	0	1	3	0.435	nothing radial to replace	
B	25	10	33.5	-0.6	0	0	0	nothing radial to replace	
B	25	10	33.5	-0.6	0	2.5	0	nothing radial to replace	
B	25	10	33.5	-0.6	0	5	0	nothing radial to replace	
B	25	10	33.5	-0.6	0	0.5	0	nothing radial to replace	
B	25	10	33.5	-0.6	0	3	0	nothing radial to replace	
B	25	10	33.5	-0.6	0.1	0	0	nothing radial to replace	
B	25	10	33.5	-0.6	0.1	2.5	0	nothing radial to replace	
B	25	10	33.5	-0.6	0.1	5	0	nothing radial to replace	
B	25	10	33.5	-0.6	0.1	0.5	0	nothing radial to replace	
B	25	10	33.5	-0.6	0.1	3	0	nothing radial to replace	
B	25	10	33.5	-0.6	1	0	0	nothing radial to replace	
B	25	10	33.5	-0.6	1	2.5	0.149	nothing radial to replace	
B	25	10	33.5	-0.6	1	5	0.149	nothing radial to replace	
B	25	10	33.5	-0.6	1	0.5	0.149	nothing radial to replace	
B	25	10	33.5	-0.6	1	3	0.149	nothing radial to replace	
B	25	10	33.5	0	0	0	0	nothing radial to replace	
B	25	10	33.5	0	0	2.5	0	nothing radial to replace	
B	25	10	33.5	0	0	5	0	nothing radial to replace	
B	25	10	33.5	0	0	0.5	0	nothing radial to replace	
B	25	10	33.5	0	0	3	0	nothing radial to replace	
B	25	10	33.5	0	0.1	0	0	nothing radial to replace	
B	25	10	33.5	0	0.1	2.5	0	nothing radial to replace	
B	25	10	33.5	0	0.1	5	0	nothing radial to replace	
B	25	10	33.5	0	0.1	0.5	0	nothing radial to replace	
B	25	10	33.5	0	0.1	3	0	nothing radial to replace	
B	25	10	33.5	0	1	0	0	nothing radial to replace	
B	25	10	33.5	0	1	2.5	0.149	nothing radial to replace	
B	25	10	33.5	0	1	5	0.149	nothing radial to replace	
B	25	10	33.5	0	1	0.5	0.149	nothing radial to replace	
B	25	10	33.5	0	1	3	0.149	nothing radial to replace	
B	25	10	35	-0.6	0	0	0	nothing radial to replace	
B	25	10	35	-0.6	0	2.5	0	nothing radial to replace	
B	25	10	35	-0.6	0	5	0	nothing radial to replace	
B	25	10	35	-0.6	0	0.5	0	nothing radial to replace	
B	25	10	35	-0.6	0	3	0	nothing radial to replace	
B	25	10	35	-0.6	0.1	0	0	nothing radial to replace	
B	25	10	35	-0.6	0.1	2.5	0	nothing radial to replace	
B	25	10	35	-0.6	0.1	5	0	nothing radial to replace	
B	25	10	35	-0.6	0.1	0.5	0	nothing radial to replace	
B	25	10	35	-0.6	0.1	3	0	nothing radial to replace	
B	25	10	35	-0.6	1	0	0	nothing radial to replace	
B	25	10	35	-0.6	1	2.5	0	nothing radial to replace	
B	25	10	35	-0.6	1	5	0	nothing radial to replace	
B	25	10	35	-0.6	1	0.5	0	nothing radial to replace	
B	25	10	35	-0.6	1	3	0	nothing radial to replace	
B	25	10	35	0	0	0	0	nothing radial to replace	
B	25	10	35	0	0	2.5	0	nothing radial to replace	
B	25	10	35	0	0	5	0	nothing radial to replace	
B	25	10	35	0	0	0.5	0	nothing radial to replace	
B	25	10	35	0	0	3	0	nothing radial to replace	
B	25	10	35	0	0.1	0	0	nothing radial to replace	
B	25	10	35	0	0.1	2.5	0	nothing radial to replace	
B	25	10	35	0	0.1	5	0	nothing radial to replace	
B	25	10	35	0	0.1	0.5	0	nothing radial to replace	
B	25	10	35	0	0.1	3	0	nothing radial to replace	
B	30	10	14.5	1	0	0	0	nothing radial to replace	
B	30	10	14.5	1	0	2.5	2.5	nothing radial to replace	
B	30	10	14.5	1	0	5	5	nothing radial to replace	
B	30	10	14.5	1	0	0.5	0.5	nothing radial to replace	
B	30	10	14.5	1	0	3	3	nothing radial to replace	
B	30	10	14.5	1	0.1	0	0	nothing radial to replace	
B	30	10	14.5	1	0.1	2.5	2.5	nothing radial to replace	
B	30	10	14.5	1	0.1	5	5	nothing radial to replace	
B	30	10	14.5	1	0.1	0.5	0.5	nothing radial to replace	
B	30	10	14.5	1	0.1	3	3	nothing radial to replace	
B	30	10	14.5	1	1	0	0	nothing radial to replace	
B	30	10	14.5	1	1	2.5	2.5	nothing radial to replace	
B	30	10	14.5	1	1	5	5	nothing radial to replace	
B	30	10	14.5	1	1	0.5	0.5	nothing radial to replace	
B	30	10	14.5	1	1	3	3	nothing radial to replace	
B	30	10	20	1	0	0	0	nothing radial to replace	
B	30	10	20	1	0	2.5	2.5	nothing radial to replace	
B	30	10	20	1	0	5	4.719	nothing radial to replace	
B	30	10	20	1	0	0.5	0.5	nothing radial to replace	
B	30	10	20	1	0	3	3	nothing radial to replace	
B	30	10	20	1	0.1	0	0	nothing radial to replace	
B	30	10	20	1	0.1	2.5	2.5	nothing radial to replace	
B	30	10	20	1	0.1	5	4.79	nothing radial to replace	
B	30	10	20	1	0.1	0.5	0.5	nothing radial to replace	
B	30	10	20	1	0.1	3	3	nothing radial to replace	
B	30	10	20	1	1	0	0	nothing radial to replace	
B	30	10	20	1	1	2.5	2.5	nothing radial to replace	
B	30	10	20	1	1	5	5	nothing radial to replace	
B	30	10	20	1	1	0.5	0.5	nothing radial to replace	
B	30	10	20	1	1	3	3	nothing radial to replace	
B	30	10	25	0	0	0	0	nothing radial to replace	
B	30	10	25	0	0	2.5	2.5	nothing radial to replace	
B	30	10	25	0	0	5	3.178	nothing radial to replace	
B	30	10	25	0	0	0.5	0.5	nothing radial to replace	
B	30	10	25	0	0	3	3	nothing radial to replace	
B	30	10	25	0	0.1	0	0	nothing radial to replace	
B	30	10	25	0	0.1	2.5	2.5	nothing radial to replace	
B	30	10	25	0	0.1	5	3.257	nothing radial to replace	
B	30	10	25	0	0.1	0.5	0.5	nothing radial to replace	
B	30	10	25	0	0.1	3	3	nothing radial to replace	
B	30	10	25	0	1	0	0	nothing radial to replace	
B	30	10	25	0	1	2.5	2.5	nothing radial to replace	
B	30	10	25	0	1	5	3.963	nothing radial to replace	
B	30	10	25	0	1	0.5	0.5	nothing radial to replace	
B	30	10	25	0	1	3	3	nothing radial to replace	
B	30	10	25	1	0	0	0	nothing radial to replace	
B	30	10	25	1	0	2.5	2.5	nothing radial to replace	
B	30	10	25	1	0	5	3.178	nothing radial to replace	
B	30	10	25	1	0	0.5	0.5	nothing radial to replace	
B	30	10	25	1	0	3	3	nothing radial to replace	
B	30	10	25	1	0.1	0	0	nothing radial to replace	
B	30	10	25	1	0.1	2.5	2.5	nothing radial to replace	
B	30	10	25	1	0.1	5	3.257	nothing radial to replace	
B	30	10	25	1	0.1	0.5	0.5	nothing radial to replace	
B	30	10	25	1	0.1	3	3	nothing radial to replace	
B	30	10	25	1	1	0	0	nothing radial to replace	
B	30	10	25	1	1	2.5	2.5	nothing radial to replace	
B	30	10	25	1	1	5	3.963	nothing radial to replace	
B	30	10	25	1	1	0.5	0.5	nothing radial to replace	
B	30	10	25	1	1	3	3	nothing radial to replace	
B	30	10	30	-0.6	0	0	0	nothing radial to replace	
B	30	10	30	-0.6	0	2.5	1.103	nothing radial to replace	
B	30	10	30	-0.6	0	5	1.103	nothing radial to replace	
B	30	10	30	-0.6	0	0.5	0.5	nothing radial to replace	
B	30	10	30	-0.6	0	3	1.103	nothing radial to replace	
B	30	10	30	-0.6	0.1	0	0	nothing radial to replace	
B	30	10	30	-0.6	0.1	2.5	1.19	nothing radial to replace	
B	30	10	30	-0.6	0.1	5	1.19	nothing radial to replace	
B	30	10	30	-0.6	0.1	0.5	0.5	nothing radial to replace	
B	30	10	30	-0.6	0.1	3	1.19	nothing radial to replace	
B	30	10	30	-0.6	1	0	0	nothing radial to replace	
B	30	10	30	-0.6	1	2.5	1.969	nothing radial to replace	
B	30	10	30	-0.6	1	5	1.969	nothing radial to replace	
B	30	10	30	-0.6	1	0.5	0.5	nothing radial to replace	
B	30	10	30	-0.6	1	3	1.969	nothing radial to replace	
B	30	10	30	0	0	0	0	nothing radial to replace	
B	30	10	30	0	0	2.5	1.103	nothing radial to replace	
B	30	10	30	0	0	5	1.103	nothing radial to replace	
B	30	10	30	0	0	0.5	0.5	nothing radial to replace	
B	30	10	30	0	0	3	1.103	nothing radial to replace	
B	30	10	30	0	0.1	0	0	nothing radial to replace	
B	30	10	30	0	0.1	2.5	1.19	nothing radial to replace	
B	30	10	30	0	0.1	5	1.19	nothing radial to replace	
B	30	10	30	0	0.1	0.5	0.5	nothing radial to replace	
B	30	10	30	0	0.1	3	1.19	nothing radial to replace	
B	30	10	30	0	1	0	0	nothing radial to replace	
B	30	10	30	0	1	2.5	1.969	nothing radial to replace	
B	30	10	30	0	1	5	1.969	nothing radial to replace	
B	30	10	30	0	1	0.5	0.5	nothing radial to replace	
B	30	10	30	0	1	3	1.969	nothing radial to replace	
B	30	10	30	1	0	0	0	nothing radial to replace	
B	30	10	30	1	0	2.5	1.103	nothing radial to replace	
B	30	10	30	1	0	5	1.103	nothing radial to replace	
B	30	10	30	1	0	0.5	0.5	nothing radial to replace	
B	30	10	30	1	0	3	1.103	nothing radial to replace	
B	30	10	30	1	0.1	0	0	nothing radial to replace	
B	30	10	30	1	0.1	2.5	1.19	nothing radial to replace	
B	30	10	30	1	0.1	5	1.19	nothing radial to replace	
B	30	10	30	1	0.1	0.5	0.5	nothing radial to replace	
B	30	10	30	1	0.1	3	1.19	nothing radial to replace	
B	30	10	32	-0.6	0	0	0	nothing radial to replace	
B	30	10	32	-0.6	0	2.5	0.077	nothing radial to replace	
B	30	10	32	-0.6	0	5	0.077	nothing radial to replace	
B	30	10	32	-0.6	0	0.5	0.077	nothing radial to replace	
B	30	10	32	-0.6	0	3	0.077	nothing radial to replace	
B	30	10	32	-0.6	0.1	0	0	nothing radial to replace	
B	30	10	32	-0.6	0.1	2.5	0.167	nothing radial to replace	
B	30	10	32	-0.6	0.1	5	0.167	nothing radial to replace	
B	30	10	32	-0.6	0.1	0.5	0.167	nothing radial to replace	
B	30	10	32	-0.6	0.1	3	0.167	nothing radial to replace	
B	30	10	32	-0.6	1	0	0	nothing radial to replace	
B	30	10	32	-0.6	1	2.5	0.979	nothing radial to replace	
B	30	10	32	-0.6	1	5	0.979	nothing radial to replace	
B	30	10	32	-0.6	1	0.5	0.5	nothing radial to replace	
B	30	10	32	-0.6	1	3	0.979	nothing radial to replace	
B	30	10	32	0	0	0	0	nothing radial to replace	
B	30	10	32	0	0	2.5	0.077	nothing radial to replace	
B	30	10	32	0	0	5	0.077	nothing radial to replace	
B	30	10	32	0	0	0.5	0.077	nothing radial to replace	
B	30	10	32	0	0	3	0.077	nothing radial to replace	
B	30	10	32	0	0.1	0	0	nothing radial to replace	
B	30	10	32	0	0.1	2.5	0.167	nothing radial to replace	
B	30	10	32	0	0.1	5	0.167	nothing radial to replace	
B	30	10	32	0	0.1	0.5	0.167	nothing radial to replace	
B	30	10	32	0	0.1	3	0.167	nothing radial to replace	
B	30	10	32	0	1	0	0	nothing radial to replace	
B	30	10	32	0	1	2.5	0.979	nothing radial to replace	
B	30	10	32	0	1	5	0.979	nothing radial to replace	
B	30	10	32	0	1	0.5	0.5	nothing radial to replace	
B	30	10	32	0	1	3	0.979	nothing radial to replace	
B	30	10	32.5	-0.6	0	0	0	nothing radial to replace	
B	30	10	32.5	-0.6	0	2.5	0	nothing radial to replace	
B	30	10	32.5	-0.6	0	5	0	nothing radial to replace	
B	30	10	32.5	-0.6	0	0.5	0	nothing radial to replace	
B	30	10	32.5	-0.6	0	3	0	nothing radial to replace	
B	30	10	32.5	-0.6	0.1	0	0	nothing radial to replace	
B	30	10	32.5	-0.6	0.1	2.5	0	nothing radial to replace	
B	30	10	32.5	-0.6	0.1	5	0	nothing radial to replace	
B	30	10	32.5	-0.6	0.1	0.5	0	nothing radial to replace	
B	30	10	32.5	-0.6	0.1	3	0	nothing radial to replace	
B	30	10	32.5	-0.6	1	0	0	nothing radial to replace	
B	30	10	32.5	-0.6	1	2.5	0.711	nothing radial to replace	
B	30	10	32.5	-0.6	1	5	0.711	nothing radial to replace	
B	30	10	32.5	-0.6	1	0.5	0.5	nothing radial to replace	
B	30	10	32.5	-0.6	1	3	0.711	nothing radial to replace	
B	30	10	32.5	0	0	0	0	nothing radial to replace	
B	30	10	32.5	0	0	2.5	0	nothing radial to replace	
B	30	10	32.5	0	0	5	0	nothing radial to replace	
B	30	10	32.5	0	0	0.5	0	nothing radial to replace	
B	30	10	32.5	0	0	3	0	nothing radial to replace	
B	30	10	32.5	0	0.1	0	0	nothing radial to replace	
B	30	10	32.5	0	0.1	2.5	0	nothing radial to replace	
B	30	10	32.5	0	0.1	5	0	nothing radial to replace	
B	30	10	32.5	0	0.1	0.5	0	nothing radial to replace	
B	30	10	32.5	0	0.1	3	0	nothing radial to replace	
B	30	10	32.5	0	1	0	0	nothing radial to replace	
B	30	10	32.5	0	1	2.5	0.711	nothing radial to replace	
B	30	10	32.5	0	1	5	0.711	nothing radial to replace	
B	30	10	32.5	0	1	0.5	0.5	nothing radial to replace	
B	30	10	32.5	0	1	3	0.711	nothing radial to replace	
B	30	10	33	-0.6	0	0	0	nothing radial to replace	
B	30	10	33	-0.6	0	2.5	0	nothing radial to replace	
B	30	10	33	-0.6	0	5	0	nothing radial to replace	
B	30	10	33	-0.6	0	0.5	0	nothing radial to replace	
B	30	10	33	-0.6	0	3	0	nothing radial to replace	
B	30	10	33	-0.6	0.1	0	0	nothing radial to replace	
B	30	10	33	-0.6	0.1	2.5	0	nothing radial to replace	
B	30	10	33	-0.6	0.1	5	0	nothing radial to replace	
B	30	10	33	-0.6	0.1	0.5	0	nothing radial to replace	
B	30	10	33	-0.6	0.1	3	0	nothing radial to replace	
B	30	10	33	-0.6	1	0	0	nothing radial to replace	
B	30	10	33	-0.6	1	2.5	0.435	nothing radial to replace	
B	30	10	33	-0.6	1	5	0.435	nothing radial to replace	
B	30	10	33	-0.6	1	0.5	0.435	nothing radial to replace	
B	30	10	33	-0.6	1	3	0.435	nothing radial to replace	
B	30	10	33	0	0	0	0	nothing radial to replace	
B	30	10	33	0	0	2.5	0	nothing radial to replace	
B	30	10	33	0	0	5	0	nothing radial to replace	
B	30	10	33	0	0	0.5	0	nothing radial to replace	
B	30	10	33	0	0	3	0	nothing radial to replace	
B	30	10	33	0	0.1	0	0	nothing radial to replace	
B	30	10	33	0	0.1	2.5	0	nothing radial to replace	
B	30	10	33	0	0.1	5	0	nothing radial to replace	
B	30	10	33	0	0.1	0.5	0	nothing radial to replace	
B	30	10	33	0	0.1	3	0	nothing radial to replace	
B	30	10	33	0	1	0	0	nothing radial to replace	
B	30	10	33	0	1	2.5	0.435	nothing radial to replace	
B	30	10	33	0	1	5	0.435	nothing radial to replace	
B	30	10	33	0	1	0.5	0.435	nothing radial to replace	
B	30	10	33	0	1	3	0.435	nothing radial to replace	
B	30	10	33.5	-0.6	0	0	0	nothing radial to replace	
B	30	10	33.5	-0.6	0	2.5	0	nothing radial to replace	
B	30	10	33.5	-0.6	0	5	0	nothing radial to replace	
B	30	10	33.5	-0.6	0	0.5	0	nothing radial to replace	
B	30	10	33.5	-0.6	0	3	0	nothing radial to replace	
B	30	10	33.5	-0.6	0.1	0	0	nothing radial to replace	
B	30	10	33.5	-0.6	0.1	2.5	0	nothing radial to replace	
B	30	10	33.5	-0.6	0.1	5	0	nothing radial to replace	
B	30	10	33.5	-0.6	0.1	0.5	0	nothing radial to replace	
B	30	10	33.5	-0.6	0.1	3	0	nothing radial to replace	
B	30	10	33.5	-0.6	1	0	0	nothing radial to replace	
B	30	10	33.5	-0.6	1	2.5	0.149	nothing radial to replace	
B	30	10	33.5	-0.6	1	5	0.149	nothing radial to replace	
B	30	10	33.5	-0.6	1	0.5	0.149	nothing radial to replace	
B	30	10	33.5	-0.6	1	3	0.149	nothing radial to replace	
B	30	10	33.5	0	0	0	0	nothing radial to replace	
B	30	10	33.5	0	0	2.5	0	nothing radial to replace	
B	30	10	33.5	0	0	5	0	nothing radial to replace	
B	30	10	33.5	0	0	0.5	0	nothing radial to replace	
B	30	10	33.5	0	0	3	0	nothing radial to replace	
B	30	10	33.5	0	0.1	0	0	nothing radial to replace	
B	30	10	33.5	0	0.1	2.5	0	nothing radial to replace	
B	30	10	33.5	0	0.1	5	0	nothing radial to replace	
B	30	10	33.5	0	0.1	0.5	0	nothing radial to replace	
B	30	10	33.5	0	0.1	3	0	nothing radial to replace	
B	30	10	33.5	0	1	0	0	nothing radial to replace	
B	30	10	33.5	0	1	2.5	0.149	nothing radial to replace	
B	30	10	33.5	0	1	5	0.149	nothing radial to replace	
B	30	10	33.5	0	1	0.5	0.149	nothing radial to replace	
B	30	10	33.5	0	1	3	0.149	nothing radial to replace	
B	30	10	35	-0.6	0	0	0	nothing radial to replace	
B	30	10	35	-0.6	0	2.5	0	nothing radial to replace	
B	30	10	35	-0.6	0	5	0	nothing radial to replace	
B	30	10	35	-0.6	0	0.5	0	nothing radial to replace	
B	30	10	35	-0.6	0	3	0	nothing radial to replace	
B	30	10	35	-0.6	0.1	0	0	nothing radial to replace	
B	30	10	35	-0.6	0.1	2.5	0	nothing radial to replace	
B	30	10	35	-0.6	0.1	5	0	nothing radial to replace	
B	30	10	35	-0.6	0.1	0.5	0	nothing radial to replace	
B	30	10	35	-0.6	0.1	3	0	nothing radial to replace	
B	30	10	35	-0.6	1	0	0	nothing radial to replace	
B	30	10	35	-0.6	1	2.5	0	nothing radial to replace	
B	30	10	35	-0.6	1	5	0	nothing radial to replace	
B	30	10	35	-0.6	1	0.5	0	nothing radial to replace	
B	30	10	35	-0.6	1	3	0	nothing radial to replace	
B	40	10	14.5	1	0	0	0	nothing radial to replace	
B	40	10	14.5	1	0	2.5	2.5	nothing radial to replace	
B	40	10	14.5	1	0	5	5	nothing radial to replace	
B	40	10	14.5	1	0	0.5	0.5	nothing radial to replace	
B	40	10	14.5	1	0	3	3	nothing radial to replace	
B	40	10	14.5	1	0.1	0	0	nothing radial to replace	
B	40	10	14.5	1	0.1	2.5	2.5	nothing radial to replace	
B	40	10	14.5	1	0.1	5	5	nothing radial to replace	
B	40	10	14.5	1	0.1	0.5	0.5	nothing radial to replace	
B	40	10	14.5	1	0.1	3	3	nothing radial to replace	
B	40	10	14.5	1	1	0	0	nothing radial to replace	
B	40	10	14.5	1	1	2.5	2.5	nothing radial to replace	
B	40	10	14.5	1	1	5	5	nothing radial to replace	
B	40	10	14.5	1	1	0.5	0.5	nothing radial to replace	
B	40	10	14.5	1	1	3	3	nothing radial to replace	
B	40	10	20	1	0	0	0	nothing radial to replace	
B	40	10	20	1	0	2.5	2.5	nothing radial to replace	
B	40	10	20	1	0	5	4.719	nothing radial to replace	
B	40	10	20	1	0	0.5	0.5	nothing radial to replace	
B	40	10	20	1	0	3	3	nothing radial to replace	
B	40	10	20	1	0.1	0	0	nothing radial to replace	
B	40	10	20	1	0.1	2.5	2.5	nothing radial to replace	
B	40	10	20	1	0.1	5	4.79	nothing radial to replace	
B	40	10	20	1	0.1	0.5	0.5	nothing radial to replace	
B	40	10	20	1	0.1	3	3	nothing radial to replace	
B	40	10	20	1	1	0	0	nothing radial to replace	
B	40	10	20	1	1	2.5	2.5	nothing radial to replace	
B	40	10	20	1	1	5	5	nothing radial to replace	
B	40	10	20	1	1	0.5	0.5	nothing radial to replace	
B	40	10	20	1	1	3	3	nothing radial to replace	
B	40	10	25	-0.6	0	0	0	nothing radial to replace	
B	40	10	25	-0.6	0	2.5	2.5	nothing radial to replace	
B	40	10	25	-0.6	0	5	3.178	nothing radial to replace	
B	40	10	25	-0.6	0	0.5	0.5	nothing radial to replace	
B	40	10	25	-0.6	0	3	3	nothing radial to replace	
B	40	10	25	-0.6	0.1	0	0	nothing radial to replace	
B	40	10	25	-0.6	0.1	2.5	2.5	nothing radial to replace	
B	40	10	25	-0.6	0.1	5	3.257	nothing radial to replace	
B	40	10	25	-0.6	0.1	0.5	0.5	nothing radial to replace	
B	40	10	25	-0.6	0.1	3	3	nothing radial to replace	
B	40	10	25	-0.6	1	0	0	nothing radial to replace	
B	40	10	25	-0.6	1	2.5	2.5	nothing radial to replace	
B	40	10	25	-0.6	1	5	3.963	nothing radial to replace	
B	40	10	25	-0.6	1	0.5	0.5	nothing radial to replace	
B	40	10	25	-0.6	1	3	3	nothing radial to replace	
B	40	10	25	0	0	0	0	nothing radial to replace	
B	40	10	25	0	0	2.5	2.5	nothing radial to replace	
B	40	10	25	0	0	5	3.178	nothing radial to replace	
B	40	10	25	0	0	0.5	0.5	nothing radial to replace	
B	40	10	25	0	0	3	3	nothing radial to replace	
B	40	10	25	0	0.1	0	0	nothing radial to replace	
B	40	10	25	0	0.1	2.5	2.5	nothing radial to replace	
B	40	10	25	0	0.1	5	3.257	nothing radial to replace	
B	40	10	25	0	0.1	0.5	0.5	nothing radial to replace	
B	40	10	25	0	0.1	3	3	nothing radial to replace	
B	40	10	25	0	1	0	0	nothing radial to replace	
B	40	10	25	0	1	2.5	2.5	nothing radial to replace	
B	40	10	25	0	1	5	3.963	nothing radial to replace	
B	40	10	25	0	1	0.5	0.5	nothing radial to replace	
B	40	10	25	0	1	3	3	nothing radial to replace	
B	40	10	25	1	0	0	0	nothing radial to replace	
B	40	10	25	1	0	2.5	2.5	nothing radial to replace	
B	40	10	25	1	0	5	3.178	nothing radial to replace	
B	40	10	25	1	0	0.5	0.5	nothing radial to replace	
B	40	10	25	1	0	3	3	nothing radial to replace	
B	40	10	25	1	0.1	0	0	nothing radial to replace	
B	40	10	25	1	0.1	2.5	2.5	nothing radial to replace	
B	40	10	25	1	0.1	5	3.257	nothing radial to replace	
B	40	10	25	1	0.1	0.5	0.5	nothing radial to replace	
B	40	10	25	1	0.1	3	3	nothing radial to replace	
B	40	10	25	1	1	0	0	nothing radial to replace	
B	40	10	25	1	1	2.5	2.5	nothing radial to replace	
B	40	10	25	1	1	5	3.963	nothing radial to replace	
B	40	10	25	1	1	0.5	0.5	nothing radial to replace	
B	40	10	25	1	1	3	3	nothing radial to replace	
B	40	10	30	-0.6	0	0	0	nothing radial to replace	
B	40	10	30	-0.6	0	2.5	1.103	nothing radial to replace	
B	40	10	30	-0.6	0	5	1.103	nothing radial to replace	
B	40	10	30	-0.6	0	0.5	0.5	nothing radial to replace	
B	40	10	30	-0.6	0	3	1.103	nothing radial to replace	
B	40	10	30	-0.6	0.1	0	0	nothing radial to replace	
B	40	10	30	-0.6	0.1	2.5	1.19	nothing radial to replace	
B	40	10	30	-0.6	0.1	5	1.19	nothing radial to replace	
B	40	10	30	-0.6	0.1	0.5	0.5	nothing radial to replace	
B	40	10	30	-0.6	0.1	3	1.19	nothing radial to replace	
B	40	10	30	-0.6	1	0	0	nothing radial to replace	
B	40	10	30	-0.6	1	2.5	1.969	nothing radial to replace	
B	40	10	30	-0.6	1	5	1.969	nothing radial to replace	
B	40	10	30	-0.6	1	0.5	0.5	nothing radial to replace	
B	40	10	30	-0.6	1	3	1.969	nothing radial to replace	
B	40	10	30	0	0	0	0	nothing radial to replace	
B	40	10	30	0	0	2.5	1.103	nothing radial to replace	
B	40	10	30	0	0	5	1.103	nothing radial to replace	
B	40	10	30	0	0	0.5	0.5	nothing radial to replace	
B	40	10	30	0	0	3	1.103	nothing radial to replace	
B	40	10	30	0	0.1	0	0	nothing radial to replace	
B	40	10	30	0	0.1	2.5	1.19	nothing radial to replace	
B	40	10	30	0	0.1	5	1.19	nothing radial to replace	
B	40	10	30	0	0.1	0.5	0.5	nothing radial to replace	
B	40	10	30	0	0.1	3	1.19	nothing radial to replace	
B	40	10	30	0	1	0	0	nothing radial to replace	
B	40	10	30	0	1	2.5	1.969	nothing radial to replace	
B	40	10	30	0	1	5	1.969	nothing radial to replace	
B	40	10	30	0	1	0.5	0.5	nothing radial to replace	
B	40	10	30	0	1	3	1.969	nothing radial to replace	
B	40	10	30	1	0	0	0	nothing radial to replace	
B	40	10	30	1	0	2.5	1.103	nothing radial to replace	
B	40	10	30	1	0	5	1.103	nothing radial to replace	
B	40	10	30	1	0	0.5	0.5	nothing radial to replace	
B	40	10	30	1	0	3	1.103	nothing radial to replace	
B	40	10	30	1	0.1	0	0	nothing radial to replace	
B	40	10	30	1	0.1	2.5	1.19	nothing radial to replace	
B	40	10	30	1	0.1	5	1.19	nothing radial to replace	
B	40	10	30	1	0.1	0.5	0.5	nothing radial to replace	
B	40	10	30	1	0.1	3	1.19	nothing radial to replace	
B	40	10	30	1	1	0	0	nothing radial to replace	
B	40	10	30	1	1	2.5	1.969	nothing radial to replace	
B	40	10	30	1	1	5	1.969	nothing radial to replace	
B	40	10	30	1	1	0.5	0.5	nothing radial to replace	
B	40	10	30	1	1	3	1.969	nothing radial to replace	
B	40	10	32	-0.6	0	0	0	nothing radial to replace	
B	40	10	32	-0.6	0	2.5	0.077	nothing radial to replace	
B	40	10	32	-0.6	0	5	0.077	nothing radial to replace	
B	40	10	32	-0.6	0	0.5	0.077	nothing radial to replace	
B	40	10	32	-0.6	0	3	0.077	nothing radial to replace	
B	40	10	32	-0.6	0.1	0	0	nothing radial to replace	
B	40	10	32	-0.6	0.1	2.5	0.167	nothing radial to replace	
B	40	10	32	-0.6	0.1	5	0.167	nothing radial to replace	
B	40	10	32	-0.6	0.1	0.5	0.167	nothing radial to replace	
B	40	10	32	-0.6	0.1	3	0.167	nothing radial to replace	
B	40	10	32	-0.6	1	0	0	nothing radial to replace	
B	40	10	32	-0.6	1	2.5	0.979	nothing radial to replace	
B	40	10	32	-0.6	1	5	0.979	nothing radial to replace	
B	40	10	32	-0.6	1	0.5	0.5	nothing radial to replace	
B	40	10	32	-0.6	1	3	0.979	nothing radial to replace	
B	40	10	32	0	0	0	0	nothing radial to replace	
B	40	10	32	0	0	2.5	0.077	nothing radial to replace	
B	40	10	32	0	0	5	0.077	nothing radial to replace	
B	40	10	32	0	0	0.5	0.077	nothing radial to replace	
B	40	10	32	0	0	3	0.077	nothing radial to replace	
B	40	10	32	0	0.1	0	0	nothing radial to replace	
B	40	10	32	0	0.1	2.5	0.167	nothing radial to replace	
B	40	10	32	0	0.1	5	0.167	nothing radial to replace	
B	40	10	32	0	0.1	0.5	0.167	nothing radial to replace	
B	40	10	32	0	0.1	3	0.167	nothing radial to replace	
B	40	10	32	0	1	0	0	nothing radial to replace	
B	40	10	32	0	1	2.5	0.979	nothing radial to replace	
B	40	10	32	0	1	5	0.979	nothing radial to replace	
B	40	10	32	0	1	0.5	0.5	nothing radial to replace	
B	40	10	32	0	1	3	0.979	nothing radial to replace	
B	40	10	32	1	0	0	0	nothing radial to replace	
B	40	10	32	1	0	2.5	0.077	nothing radial to replace	
B	40	10	32	1	0	5	0.077	nothing radial to replace	
B	40	10	32	1	0	0.5	0.077	nothing radial to replace	
B	40	10	32	1	0	3	0.077	nothing radial to replace	
B	40	10	32	1	0.1	0	0	nothing radial to replace	
B	40	10	32	1	0.1	2.5	0.167	nothing radial to replace	
B	40	10	32	1	0.1	5	0.167	nothing radial to replace	
B	40	10	32	1	0.1	0.5	0.167	nothing radial to replace	
B	40	10	32	1	0.1	3	0.167	nothing radial to replace	
B	40	10	32.5	-0.6	0	0	0	nothing radial to replace	
B	40	10	32.5	-0.6	0	2.5	0	nothing radial to replace	
B	40	10	32.5	-0.6	0	5	0	nothing radial to replace	
B	40	10	32.5	-0.6	0	0.5	0	nothing radial to replace	
B	40	10	32.5	-0.6	0	3	0	nothing radial to replace	
B	40	10	32.5	-0.6	0.1	0	0	nothing radial to replace	
B	40	10	32.5	-0.6	0.1	2.5	0	nothing radial to replace	
B	40	10	32.5	-0.6	0.1	5	0	nothing radial to replace	
B	40	10	32.5	-0.6	0.1	0.5	0	nothing radial to replace	
B	40	10	32.5	-0.6	0.1	3	0	nothing radial to replace	
B	40	10	32.5	-0.6	1	0	0	nothing radial to replace	
B	40	10	32.5	-0.6	1	2.5	0.711	nothing radial to replace	
B	40	10	32.5	-0.6	1	5	0.711	nothing radial to replace	
B	40	10	32.5	-0.6	1	0.5	0.5	nothing radial to replace	
B	40	10	32.5	-0.6	1	3	0.711	nothing radial to replace	
B	40	10	32.5	0	0	0	0	nothing radial to replace	
B	40	10	32.5	0	0	2.5	0	nothing radial to replace	
B	40	10	32.5	0	0	5	0	nothing radial to replace	
B	40	10	32.5	0	0	0.5	0	nothing radial to replace	
B	40	10	32.5	0	0	3	0	nothing radial to replace	
B	40	10	32.5	0	0.1	0	0	nothing radial to replace	
B	40	10	32.5	0	0.1	2.5	0	nothing radial to replace	
B	40	10	32.5	0	0.1	5	0	nothing radial to replace	
B	40	10	32.5	0	0.1	0.5	0	nothing radial to replace	
B	40	10	32.5	0	0.1	3	0	nothing radial to replace	
B	40	10	32.5	0	1	0	0	nothing radial to replace	
B	40	10	32.5	0	1	2.5	0.711	nothing radial to replace	
B	40	10	32.5	0	1	5	0.711	nothing radial to replace	
B	40	10	32.5	0	1	0.5	0.5	nothing radial to replace	
B	40	10	32.5	0	1	3	0.711	nothing radial to replace	
B	40	10	33	-0.6	0	0	0	nothing radial to replace	
B	40	10	33	-0.6	0	2.5	0	nothing radial to replace	
B	40	10	33	-0.6	0	5	0	nothing radial to replace	
B	40	10	33	-0.6	0	0.5	0	nothing radial to replace	
B	40	10	33	-0.6	0	3	0	nothing radial to replace	
B	40	10	33	-0.6	0.1	0	0	nothing radial to replace	
B	40	10	33	-0.6	0.1	2.5	0	nothing radial to replace	
B	40	10	33	-0.6	0.1	5	0	nothing radial to replace	
B	40	10	33	-0.6	0.1	0.5	0	nothing radial to replace	
B	40	10	33	-0.6	0.1	3	0	nothing radial to replace	
B	40	10	33	-0.6	1	0	0	nothing radial to replace	
B	40	10	33	-0.6	1	2.5	0.435	nothing radial to replace	
B	40	10	33	-0.6	1	5	0.435	nothing radial to replace	
B	40	10	33	-0.6	1	0.5	0.435	nothing radial to replace	
B	40	10	33	-0.6	1	3	0.435	nothing radial to replace	
B	40	10	33	0	0	0	0	nothing radial to replace	
B	40	10	33	0	0	2.5	0	nothing radial to replace	
B	40	10	33	0	0	5	0	nothing radial to replace	
B	40	10	33	0	0	0.5	0	nothing radial to replace	
B	40	10	33	0	0	3	0	nothing radial to replace	
B	40	10	33	0	0.1	0	0	nothing radial to replace	
B	40	10	33	0	0.1	2.5	0	nothing radial to replace	
B	40	10	33	0	0.1	5	0	nothing radial to replace	
B	40	10	33	0	0.1	0.5	0	nothing radial to replace	
B	40	10	33	0	0.1	3	0	nothing radial to replace	
B	40	10	33	0	1	0	0	nothing radial to replace	
B	40	10	33	0	1	2.5	0.435	nothing radial to replace	
B	40	10	33	0	1	5	0.435	nothing radial to replace	
B	40	10	33	0	1	0.5	0.435	nothing radial to replace	
B	40	10	33	0	1	3	0.435	nothing radial to replace	
B	40	10	33.5	-0.6	0	0	0	nothing radial to replace	
B	40	10	33.5	-0.6	0	2.5	0	nothing radial to replace	
B	40	10	33.5	-0.6	0	5	0	nothing radial to replace	
B	40	10	33.5	-0.6	0	0.5	0	nothing radial to replace	
B	40	10	33.5	-0.6	0	3	0	nothing radial to replace	
B	40	10	33.5	-0.6	0.1	0	0	nothing radial to replace	
B	40	10	33.5	-0.6	0.1	2.5	0	nothing radial to replace	
B	40	10	33.5	-0.6	0.1	5	0	nothing radial to replace	
B	40	10	33.5	-0.6	0.1	0.5	0	nothing radial to replace	
B	40	10	33.5	-0.6	0.1	3	0	nothing radial to replace	
B	40	10	33.5	-0.6	1	0	0	nothing radial to replace	
B	40	10	33.5	-0.6	1	2.5	0.149	nothing radial to replace	
B	40	10	33.5	-0.6	1	5	0.149	nothing radial to replace	
B	40	10	33.5	-0.6	1	0.5	0.149	nothing radial to replace	
B	40	10	33.5	-0.6	1	3	0.149	nothing radial to replace	
B	40	10	33.5	0	0	0	0	nothing radial to replace	
B	40	10	33.5	0	0	2.5	0	nothing radial to replace	
B	40	10	33.5	0	0	5	0	nothing radial to replace	
B	40	10	33.5	0	0	0.5	0	nothing radial to replace	
B	40	10	33.5	0	0	3	0	nothing radial to replace	
B	40	10	33.5	0	0.1	0	0	nothing radial to replace	
B	40	10	33.5	0	0.1	2.5	0	nothing radial to replace	
B	40	10	33.5	0	0.1	5	0	nothing radial to replace	
B	40	10	33.5	0	0.1	0.5	0	nothing radial to replace	
B	40	10	33.5	0	0.1	3	0	nothing radial to replace	
B	40	10	33.5	0	1	0	0	nothing radial to replace	
B	40	10	33.5	0	1	2.5	0.149	nothing radial to replace	
B	40	10	33.5	0	1	5	0.149	nothing radial to replace	
B	40	10	33.5	0	1	0.5	0.149	nothing radial to replace	
B	40	10	33.5	0	1	3	0.149	nothing radial to replace	
B	40	10	35	-0.6	0	0	0	nothing radial to replace	
B	40	10	35	-0.6	0	2.5	0	nothing radial to replace	
B	40	10	35	-0.6	0	5	0	nothing radial to replace	
B	40	10	35	-0.6	0	0.5	0	nothing radial to replace	
B	40	10	35	-0.6	0	3	0	nothing radial to replace	
B	40	10	35	-0.6	0.1	0	0	nothing radial to replace	
B	40	10	35	-0.6	0.1	2.5	0	nothing radial to replace	
B	40	10	35	-0.6	0.1	5	0	nothing radial to replace	
B	40	10	35	-0.6	0.1	0.5	0	nothing radial to replace	
B	40	10	35	-0.6	0.1	3	0	nothing radial to replace	
B	40	10	35	-0.6	1	0	0	nothing radial to replace	
B	40	10	35	-0.6	1	2.5	0	nothing radial to replace	
B	40	10	35	-0.6	1	5	0	nothing radial to replace	
B	40	10	35	-0.6	1	0.5	0	nothing radial to replace	
B	40	10	35	-0.6	1	3	0	nothing radial to replace	
B	60	10	14.5	1	0	0	0	nothing radial to replace	
B	60	10	14.5	1	0	2.5	2.5	nothing radial to replace	
B	60	10	14.5	1	0	5	5	nothing radial to replace	
B	60	10	14.5	1	0	0.5	0.5	nothing radial to replace	
B	60	10	14.5	1	0	3	3	nothing radial to replace	
B	60	10	14.5	1	0.1	0	0	nothing radial to replace	
B	60	10	14.5	1	0.1	2.5	2.5	nothing radial to replace	
B	60	10	14.5	1	0.1	5	5	nothing radial to replace	
B	60	10	14.5	1	0.1	0.5	0.5	nothing radial to replace	
B	60	10	14.5	1	0.1	3	3	nothing radial to replace	
B	60	10	14.5	1	1	0	0	nothing radial to replace	
B	60	10	14.5	1	1	2.5	2.5	nothing radial to replace	
B	60	10	14.5	1	1	5	5	nothing radial to replace	
B	60	10	14.5	1	1	0.5	0.5	nothing radial to replace	
B	60	10	14.5	1	1	3	3	nothing radial to replace	
B	60	10	20	0	0	0	0	nothing radial to replace	
B	60	10	20	0	0	2.5	2.5	nothing radial to replace	
B	60	10	20	0	0	5	4.719	nothing radial to replace	
B	60	10	20	0	0	0.5	0.5	nothing radial to replace	
B	60	10	20	0	0	3	3	nothing radial to replace	
B	60	10	20	0	0.1	0	0	nothing radial to replace	
B	60	10	20	0	0.1	2.5	2.5	nothing radial to replace	
B	60	10	20	0	0.1	5	4.79	nothing radial to replace	
B	60	10	20	0	0.1	0.5	0.5	nothing radial to replace	
B	60	10	20	0	0.1	3	3	nothing radial to replace	
B	60	10	20	0	1	0	0	nothing radial to replace	
B	60	10	20	0	1	2.5	2.5	nothing radial to replace	
B	60	10	20	0	1	5	5	nothing radial to replace	
B	60	10	20	0	1	0.5	0.5	nothing radial to replace	
B	60	10	20	0	1	3	3	nothing radial to replace	
B	60	10	20	1	0	0	0	nothing radial to replace	
B	60	10	20	1	0	2.5	2.5	nothing radial to replace	
B	60	10	20	1	0	5	4.719	nothing radial to replace	
B	60	10	20	1	0	0.5	0.5	nothing radial to replace	
B	60	10	20	1	0	3	3	nothing radial to replace	
B	60	10	20	1	0.1	0	0	nothing radial to replace	
B	60	10	20	1	0.1	2.5	2.5	nothing radial to replace	
B	60	10	20	1	0.1	5	4.79	nothing radial to replace	
B	60	10	20	1	0.1	0.5	0.5	nothing radial to replace	
B	60	10	20	1	0.1	3	3	nothing radial to replace	
B	60	10	20	1	1	0	0	nothing radial to replace	
B	60	10	20	1	1	2.5	2.5	nothing radial to replace	
B	60	10	20	1	1	5	5	nothing radial to replace	
B	60	10	20	1	1	0.5	0.5	nothing radial to replace	
B	60	10	20	1	1	3	3	nothing radial to replace	
B	60	10	25	-0.6	0	0	0	nothing radial to replace	
B	60	10	25	-0.6	0	2.5	2.5	nothing radial to replace	
B	60	10	25	-0.6	0	5	3.178	nothing radial to replace	
B	60	10	25	-0.6	0	0.5	0.5	nothing radial to replace	
B	60	10	25	-0.6	0	3	3	nothing radial to replace	
B	60	10	25	-0.6	0.1	0	0	nothing radial to replace	
B	60	10	25	-0.6	0.1	2.5	2.5	nothing radial to replace	
B	60	10	25	-0.6	0.1	5	3.257	nothing radial to replace	
B	60	10	25	-0.6	0.1	0.5	0.5	nothing radial to replace	
B	60	10	25	-0.6	0.1	3	3	nothing radial to replace	
B	60	10	25	-0.6	1	0	0	nothing radial to replace	
B	60	10	25	-0.6	1	2.5	2.5	nothing radial to replace	
B	60	10	25	-0.6	1	5	3.963	nothing radial to replace	
B	60	10	25	-0.6	1	0.5	0.5	nothing radial to replace	
B	60	10	25	-0.6	1	3	3	nothing radial to replace	
B	60	10	25	0	0	0	0	nothing radial to replace	
B	60	10	25	0	0	2.5	2.5	nothing radial to replace	
B	60	10	25	0	0	5	3.178	nothing radial to replace	
B	60	10	25	0	0	0.5	0.5	nothing radial to replace	
B	60	10	25	0	0	3	3	nothing radial to replace	
B	60	10	25	0	0.1	0	0	nothing radial to replace	
B	60	10	25	0	0.1	2.5	2.5	nothing radial to replace	
B	60	10	25	0	0.1	5	3.257	nothing radial to replace	
B	60	10	25	0	0.1	0.5	0.5	nothing radial to replace	
B	60	10	25	0	0.1	3	3	nothing radial to replace	
B	60	10	25	0	1	0	0	nothing radial to replace	
B	60	10	25	0	1	2.5	2.5	nothing radial to replace	
B	60	10	25	0	1	5	3.963	nothing radial to replace	
B	60	10	25	0	1	0.5	0.5	nothing radial to replace	
B	60	10	25	0	1	3	3	nothing radial to replace	
B	60	10	25	1	0	0	0	nothing radial to replace	
B	60	10	25	1	0	2.5	2.5	nothing radial to replace	
B	60	10	25	1	0	5	3.178	nothing radial to replace	
B	60	10	25	1	0	0.5	0.5	nothing radial to replace	
B	60	10	25	1	0	3	3	nothing radial to replace	
B	60	10	25	1	0.1	0	0	nothing radial to replace	
B	60	10	25	1	0.1	2.5	2.5	nothing radial to replace	
B	60	10	25	1	0.1	5	3.257	nothing radial to replace	
B	60	10	25	1	0.1	0.5	0.5	nothing radial to replace	
B	60	10	25	1	0.1	3	3	nothing radial to replace	
B	60	10	25	1	1	0	0	nothing radial to replace	
B	60	10	25	1	1	2.5	2.5	nothing radial to replace	
B	60	10	25	1	1	5	3.963	nothing radial to replace	
B	60	10	25	1	1	0.5	0.5	nothing radial to replace	
B	60	10	25	1	1	3	3	nothing radial to replace	
B	60	10	30	-0.6	0	0	0	nothing radial to replace	
B	60	10	30	-0.6	0	2.5	1.103	nothing radial to replace	
B	60	10	30	-0.6	0	5	1.103	nothing radial to replace	
B	60	10	30	-0.6	0	0.5	0.5	nothing radial to replace	
B	60	10	30	-0.6	0	3	1.103	nothing radial to replace	
B	60	10	30	-0.6	0.1	0	0	nothing radial to replace	
B	60	10	30	-0.6	0.1	2.5	1.19	nothing radial to replace	
B	60	10	30	-0.6	0.1	5	1.19	nothing radial to replace	
B	60	10	30	-0.6	0.1	0.5	0.5	nothing radial to replace	
B	60	10	30	-0.6	0.1	3	1.19	nothing radial to replace	
B	60	10	30	-0.6	1	0	0	nothing radial to replace	
B	60	10	30	-0.6	1	2.5	1.969	nothing radial to replace	
B	60	10	30	-0.6	1	5	1.969	nothing radial to replace	
B	60	10	30	-0.6	1	0.5	0.5	nothing radial to replace	
B	60	10	30	-0.6	1	3	1.969	nothing radial to replace	
B	60	10	30	0	0	0	0	nothing radial to replace	
B	60	10	30	0	0	2.5	1.103	nothing radial to replace	
B	60	10	30	0	0	5	1.103	nothing radial to replace	
B	60	10	30	0	0	0.5	0.5	nothing radial to replace	
B	60	10	30	0	0	3	1.103	nothing radial to replace	
B	60	10	30	0	0.1	0	0	nothing radial to replace	
B	60	10	30	0	0.1	2.5	1.19	nothing radial to replace	
B	60	10	30	0	0.1	5	1.19	nothing radial to replace	
B	60	10	30	0	0.1	0.5	0.5	nothing radial to replace	
B	60	10	30	0	0.1	3	1.19	nothing radial to replace	
B	60	10	30	0	1	0	0	nothing radial to replace	
B	60	10	30	0	1	2.5	1.969	nothing radial to replace	
B	60	10	30	0	1	5	1.969	nothing radial to replace	
B	60	10	30	0	1	0.5	0.5	nothing radial to replace	
B	60	10	30	0	1	3	1.969	nothing radial to replace	
B	60	10	30	1	0	0	0	nothing radial to replace	
B	60	10	30	1	0	2.5	1.103	nothing radial to replace	
B	60	10	30	1	0	5	1.103	nothing radial to replace	
B	60	10	30	1	0	0.5	0.5	nothing radial to replace	
B	60	10	30	1	0	3	1.103	nothing radial to replace	
B	60	10	30	1	0.1	0	0	nothing radial to replace	
B	60	10	30	1	0.1	2.5	1.19	nothing radial to replace	
B	60	10	30	1	0.1	5	1.19	nothing radial to replace	
B	60	10	30	1	0.1	0.5	0.5	nothing radial to replace	
B	60	10	30	1	0.1	3	1.19	nothing radial to replace	
B	60	10	30	1	1	0	0	nothing radial to replace	
B	60	10	30	1	1	2.5	1.969	nothing radial to replace	
B	60	10	30	1	1	5	1.969	nothing radial to replace	
B	60	10	30	1	1	0.5	0.5	nothing radial to replace	
B	60	10	30	1	1	3	1.969	nothing radial to replace	
B	60	10	32	-0.6	0	0	0	nothing radial to replace	
B	60	10	32	-0.6	0	2.5	0.077	nothing radial to replace	
B	60	10	32	-0.6	0	5	0.077	nothing radial to replace	
B	60	10	32	-0.6	0	0.5	0.077	nothing radial to replace	
B	60	10	32	-0.6	0	3	0.077	nothing radial to replace	
B	60	10	32	-0.6	0.1	0	0	nothing radial to replace	
B	60	10	32	-0.6	0.1	2.5	0.167	nothing radial to replace	
B	60	10	32	-0.6	0.1	5	0.167	nothing radial to replace	
B	60	10	32	-0.6	0.1	0.5	0.167	nothing radial to replace	
B	60	10	32	-0.6	0.1	3	0.167	nothing radial to replace	
B	60	10	32	-0.6	1	0	0	nothing radial to replace	
B	60	10	32	-0.6	1	2.5	0.979	nothing radial to replace	
B	60	10	32	-0.6	1	5	0.979	nothing radial to replace	
B	60	10	32	-0.6	1	0.5	0.5	nothing radial to replace	
B	60	10	32	-0.6	1	3	0.979	nothing radial to replace	
B	60	10	32	0	0	0	0	nothing radial to replace	
B	60	10	32	0	0	2.5	0.077	nothing radial to replace	
B	60	10	32	0	0	5	0.077	nothing radial to replace	
B	60	10	32	0	0	0.5	0.077	nothing radial to replace	
B	60	10	32	0	0	3	0.077	nothing radial to replace	
B	60	10	32	0	0.1	0	0	nothing radial to replace	
B	60	10	32	0	0.1	2.5	0.167	nothing radial to replace	
B	60	10	32	0	0.1	5	0.167	nothing radial to replace	
B	60	10	32	0	0.1	0.5	0.167	nothing radial to replace	
B	60	10	32	0	0.1	3	0.167	nothing radial to replace	
B	60	10	32	0	1	0	0	nothing radial to replace	
B	60	10	32	0	1	2.5	0.979	nothing radial to replace	
B	60	10	32	0	1	5	0.979	nothing radial to replace	
B	60	10	32	0	1	0.5	0.5	nothing radial to replace	
B	60	10	32	0	1	3	0.979	nothing radial to replace	
B	60	10	32	1	0	0	0	nothing radial to replace	
B	60	10	32	1	0	2.5	0.077	nothing radial to replace	
B	60	10	32	1	0	5	0.077	nothing radial to replace	
B	60	10	32	1	0	0.5	0.077	nothing radial to replace	
B	60	10	32	1	0	3	0.077	nothing radial to replace	
B	60	10	32	1	0.1	0	0	nothing radial to replace	
B	60	10	32	1	0.1	2.5	0.167	nothing radial to replace	
B	60	10	32	1	0.1	5	0.167	nothing radial to replace	
B	60	10	32	1	0.1	0.5	0.167	nothing radial to replace	
B	60	10	32	1	0.1	3	0.167	nothing radial to replace	
B	60	10	32	1	1	0	0	nothing radial to replace	
B	60	10	32	1	1	2.5	0.979	nothing radial to replace	
B	60	10	32	1	1	5	0.979	nothing radial to replace	
B	60	10	32	1	1	0.5	0.5	nothing radial to replace	
B	60	10	32	1	1	3	0.979	nothing radial to replace	
B	60	10	32.5	-0.6	0	0	0	nothing radial to replace	
B	60	10	32.5	-0.6	0	2.5	0	nothing radial to replace	
B	60	10	32.5	-0.6	0	5	0	nothing radial to replace	
B	60	10	32.5	-0.6	0	0.5	0	nothing radial to replace	
B	60	10	32.5	-0.6	0	3	0	nothing radial to replace	
B	60	10	32.5	-0.6	0.1	0	0	nothing radial to replace	
B	60	10	32.5	-0.6	0.1	2.5	0	nothing radial to replace	
B	60	10	32.5	-0.6	0.1	5	0	nothing radial to replace	
B	60	10	32.5	-0.6	0.1	0.5	0	nothing radial to replace	
B	60	10	32.5	-0.6	0.1	3	0	nothing radial to replace	
B	60	10	32.5	-0.6	1	0	0	nothing radial to replace	
B	60	10	32.5	-0.6	1	2.5	0.711	nothing radial to replace	
B	60	10	32.5	-0.6	1	5	0.711	nothing radial to replace	
B	60	10	32.5	-0.6	1	0.5	0.5	nothing radial to replace	
B	60	10	32.5	-0.6	1	3	0.711	nothing radial to replace	
B	60	10	32.5	0	0	0	0	nothing radial to replace	
B	60	10	32.5	0	0	2.5	0	nothing radial to replace	
B	60	10	32.5	0	0	5	0	nothing radial to replace	
B	60	10	32.5	0	0	0.5	0	nothing radial to replace	
B	60	10	32.5	0	0	3	0	nothing radial to replace	
B	60	10	32.5	0	0.1	0	0	nothing radial to replace	
B	60	10	32.5	0	0.1	2.5	0	nothing radial to replace	
B	60	10	32.5	0	0.1	5	0	nothing radial to replace	
B	60	10	32.5	0	0.1	0.5	0	nothing radial to replace	
B	60	10	32.5	0	0.1	3	0	nothing radial to replace	
B	60	10	32.5	0	1	0	0	nothing radial to replace	
B	60	10	32.5	0	1	2.5	0.711	nothing radial to replace	
B	60	10	32.5	0	1	5	0.711	nothing radial to replace	
B	60	10	32.5	0	1	0.5	0.5	nothing radial to replace	
B	60	10	32.5	0	1	3	0.711	nothing radial to replace	
B	60	10	32.5	1	1	0	0	nothing radial to replace	
B	60	10	32.5	1	1	2.5	0.711	nothing radial to replace	
B	60	10	32.5	1	1	5	0.711	nothing radial to replace	
B	60	10	32.5	1	1	0.5	0.5	nothing radial to replace	
B	60	10	32.5	1	1	3	0.711	nothing radial to replace	
B	60	10	33	-0.6	0	0	0	nothing radial to replace	
B	60	10	33	-0.6	0	2.5	0	nothing radial to replace	
B	60	10	33	-0.6	0	5	0	nothing radial to replace	
B	60	10	33	-0.6	0	0.5	0	nothing radial to replace	
B	60	10	33	-0.6	0	3	0	nothing radial to replace	
B	60	10	33	-0.6	0.1	0	0	nothing radial to replace	
B	60	10	33	-0.6	0.1	2.5	0	nothing radial to replace	
B	60	10	33	-0.6	0.1	5	0	nothing radial to replace	
B	60	10	33	-0.6	0.1	0.5	0	nothing radial to replace	
B	60	10	33	-0.6	0.1	3	0	nothing radial to replace	
B	60	10	33	-0.6	1	0	0	nothing radial to replace	
B	60	10	33	-0.6	1	2.5	0.435	nothing radial to replace	
B	60	10	33	-0.6	1	5	0.435	nothing radial to replace	
B	60	10	33	-0.6	1	0.5	0.435	nothing radial to replace	
B	60	10	33	-0.6	1	3	0.435	nothing radial to replace	
B	60	10	33	0	0	0	0	nothing radial to replace	
B	60	10	33	0	0	2.5	0	nothing radial to replace	
B	60	10	33	0	0	5	0	nothing radial to replace	
B	60	10	33	0	0	0.5	0	nothing radial to replace	
B	60	10	33	0	0	3	0	nothing radial to replace	
B	60	10	33	0	0.1	0	0	nothing radial to replace	
B	60	10	33	0	0.1	2.5	0	nothing radial to replace	
B	60	10	33	0	0.1	5	0	nothing radial to replace	
B	60	10	33	0	0.1	0.5	0	nothing radial to replace	
B	60	10	33	0	0.1	3	0	nothing radial to replace	
B	60	10	33	0	1	0	0	nothing radial to replace	
B	60	10	33	0	1	2.5	0.435	nothing radial to replace	
B	60	10	33	0	1	5	0.435	nothing radial to replace	
B	60	10	33	0	1	0.5	0.435	nothing radial to replace	
B	60	10	33	0	1	3	0.435	nothing radial to replace	
B	60	10	33.5	-0.6	0	0	0	nothing radial to replace	
B	60	10	33.5	-0.6	0	2.5	0	nothing radial to replace	
B	60	10	33.5	-0.6	0	5	0	nothing radial to replace	
B	60	10	33.5	-0.6	0	0.5	0	nothing radial to replace	
B	60	10	33.5	-0.6	0	3	0	nothing radial to replace	
B	60	10	33.5	-0.6	0.1	0	0	nothing radial to replace	
B	60	10	33.5	-0.6	0.1	2.5	0	nothing radial to replace	
B	60	10	33.5	-0.6	0.1	5	0	nothing radial to replace	
B	60	10	33.5	-0.6	0.1	0.5	0	nothing radial to replace	
B	60	10	33.5	-0.6	0.1	3	0	nothing radial to replace	
B	60	10	33.5	-0.6	1	0	0	nothing radial to replace	
B	60	10	33.5	-0.6	1	2.5	0.149	nothing radial to replace	
B	60	10	33.5	-0.6	1	5	0.149	nothing radial to replace	
B	60	10	33.5	-0.6	1	0.5	0.149	nothing radial to replace	
B	60	10	33.5	-0.6	1	3	0.149	nothing radial to replace	
B	60	10	33.5	0	0.1	0	0	nothing radial to replace	
B	60	10	33.5	0	0.1	2.5	0	nothing radial to replace	
B	60	10	33.5	0	0.1	5	0	nothing radial to replace	
B	60	10	33.5	0	0.1	0.5	0	nothing radial to replace	
B	60	10	33.5	0	0.1	3	0	nothing radial to replace	
B	60	10	33.5	0	1	0	0	nothing radial to replace	
B	60	10	33.5	0	1	2.5	0.149	nothing radial to replace	
B	60	10	33.5	0	1	5	0.149	nothing radial to replace	
B	60	10	33.5	0	1	0.5	0.149	nothing radial to replace	
B	60	10	33.5	0	1	3	0.149	nothing radial to replace	
B	60	10	35	-0.6	0.1	0	0	nothing radial to replace	
B	60	10	35	-0.6	0.1	2.5	0	nothing radial to replace	
B	60	10	35	-0.6	0.1	5	0	nothing radial to replace	
B	60	10	35	-0.6	0.1	0.5	0	nothing radial to replace	
B	60	10	35	-0.6	0.1	3	0	nothing radial to replace	
B	60	10	35	-0.6	1	0	0	nothing radial to replace	
B	60	10	35	-0.6	1	2.5	0	nothing radial to replace	
B	60	10	35	-0.6	1	5	0	nothing radial to replace	
B	60	10	35	-0.6	1	0.5	0	nothing radial to replace	
B	60	10	35	-0.6	1	3	0	nothing radial to replace	
B	100	10	14.5	0	0	0	0	nothing radial to replace	
B	100	10	14.5	0	0	2.5	2.5	nothing radial to replace	
B	100	10	14.5	0	0	5	5	nothing radial to replace	
B	100	10	14.5	0	0	0.5	0.5	nothing radial to replace	
B	100	10	14.5	0	0	3	3	nothing radial to replace	
B	100	10	14.5	0	0.1	0	0	nothing radial to replace	
B	100	10	14.5	0	0.1	2.5	2.5	nothing radial to replace	
B	100	10	14.5	0	0.1	5	5	nothing radial to replace	
B	100	10	14.5	0	0.1	0.5	0.5	nothing radial to replace	
B	100	10	14.5	0	0.1	3	3	nothing radial to replace	
B	100	10	14.5	0	1	0	0	nothing radial to replace	
B	100	10	14.5	0	1	2.5	2.5	nothing radial to replace	
B	100	10	14.5	0	1	5	5	nothing radial to replace	
B	100	10	14.5	0	1	0.5	0.5	nothing radial to replace	
B	100	10	14.5	0	1	3	3	nothing radial to replace	
B	100	10	14.5	1	0	0	0	nothing radial to replace	
B	100	10	14.5	1	0	2.5	2.5	nothing radial to replace	
B	100	10	14.5	1	0	5	5	nothing radial to replace	
B	100	10	14.5	1	0	0.5	0.5	nothing radial to replace	
B	100	10	14.5	1	0	3	3	nothing radial to replace	
B	100	10	14.5	1	0.1	0	0	nothing radial to replace	
B	100	10	14.5	1	0.1	2.5	2.5	nothing radial to replace	
B	100	10	14.5	1	0.1	5	5	nothing radial to replace	
B	100	10	14.5	1	0.1	0.5	0.5	nothing radial to replace	
B	100	10	14.5	1	0.1	3	3	nothing radial to replace	
B	100	10	14.5	1	1	0	0	nothing radial to replace	
B	100	10	14.5	1	1	2.5	2.5	nothing radial to replace	
B	100	10	14.5	1	1	5	5	nothing radial to replace	
B	100	10	14.5	1	1	0.5	0.5	nothing radial to replace	
B	100	10	14.5	1	1	3	3	nothing radial to replace	
B	100	10	20	-0.6	0	0	0	nothing radial to replace	
B	100	10	20	-0.6	0	2.5	2.5	nothing radial to replace	
B	100	10	20	-0.6	0	5	4.719	nothing radial to replace	
B	100	10	20	-0.6	0	0.5	0.5	nothing radial to replace	
B	100	10	20	-0.6	0	3	3	nothing radial to replace	
B	100	10	20	-0.6	0.1	0	0	nothing radial to replace	
B	100	10	20	-0.6	0.1	2.5	2.5	nothing radial to replace	
B	100	10	20	-0.6	0.1	5	4.79	nothing radial to replace	
B	100	10	20	-0.6	0.1	0.5	0.5	nothing radial to replace	
B	100	10	20	-0.6	0.1	3	3	nothing radial to replace	
B	100	10	20	-0.6	1	0	0	nothing radial to replace	
B	100	10	20	-0.6	1	2.5	2.5	nothing radial to replace	
B	100	10	20	-0.6	1	5	5	nothing radial to replace	
B	100	10	20	-0.6	1	0.5	0.5	nothing radial to replace	
B	100	10	20	-0.6	1	3	3	nothing radial to replace	
B	100	10	20	0	0	0	0	nothing radial to replace	
B	100	10	20	0	0	2.5	2.5	nothing radial to replace	
B	100	10	20	0	0	5	4.719	nothing radial to replace	
B	100	10	20	0	0	0.5	0.5	nothing radial to replace	
B	100	10	20	0	0	3	3	nothing radial to replace	
B	100	10	20	0	0.1	0	0	nothing radial to replace	
B	100	10	20	0	0.1	2.5	2.5	nothing radial to replace	
B	100	10	20	0	0.1	5	4.79	nothing radial to replace	
B	100	10	20	0	0.1	0.5	0.5	nothing radial to replace	
B	100	10	20	0	0.1	3	3	nothing radial to replace	
B	100	10	20	0	1	0	0	nothing radial to replace	
B	100	10	20	0	1	2.5	2.5	nothing radial to replace	
B	100	10	20	0	1	5	5	nothing radial to replace	
B	100	10	20	0	1	0.5	0.5	nothing radial to replace	
B	100	10	20	0	1	3	3	nothing radial to replace	
B	100	10	20	1	0	0	0	nothing radial to replace	
B	100	10	20	1	0	2.5	2.5	nothing radial to replace	
B	100	10	20	1	0	5	4.719	nothing radial to replace	
B	100	10	20	1	0	0.5	0.5	nothing radial to replace	
B	100	10	20	1	0	3	3	nothing radial to replace	
B	100	10	20	1	0.1	0	0	nothing radial to replace	
B	100	10	20	1	0.1	2.5	2.5	nothing radial to replace	
B	100	10	20	1	0.1	5	4.79	nothing radial to replace	
B	100	10	20	1	0.1	0.5	0.5	nothing radial to replace	
B	100	10	20	1	0.1	3	3	nothing radial to replace	
B	100	10	20	1	1	0	0	nothing radial to replace	
B	100	10	20	1	1	2.5	2.5	nothing radial to replace	
B	100	10	20	1	1	5	5	nothing radial to replace	
B	100	10	20	1	1	0.5	0.5	nothing radial to replace	
B	100	10	20	1	1	3	3	nothing radial to replace	
B	100	10	25	-0.6	0	0	0	nothing radial to replace	
B	100	10	25	-0.6	0	2.5	2.5	nothing radial to replace	
B	100	10	25	-0.6	0	5	3.178	nothing radial to replace	
B	100	10	25	-0.6	0	0.5	0.5	nothing radial to replace	
B	100	10	25	-0.6	0	3	3	nothing radial to replace	
B	100	10	25	-0.6	0.1	0	0	nothing radial to replace	
B	100	10	25	-0.6	0.1	2.5	2.5	nothing radial to replace	
B	100	10	25	-0.6	0.1	5	3.257	nothing radial to replace	
B	100	10	25	-0.6	0.1	0.5	0.5	nothing radial to replace	
B	100	10	25	-0.6	0.1	3	3	nothing radial to replace	
B	100	10	25	-0.6	1	0	0	nothing radial to replace	
B	100	10	25	-0.6	1	2.5	2.5	nothing radial to replace	
B	100	10	25	-0.6	1	5	3.963	nothing radial to replace	
B	100	10	25	-0.6	1	0.5	0.5	nothing radial to replace	
B	100	10	25	-0.6	1	3	3	nothing radial to replace	
B	100	10	25	0	0	0	0	nothing radial to replace	
B	100	10	25	0	0	2.5	2.5	nothing radial to replace	
B	100	10	25	0	0	5	3.178	nothing radial to replace	
B	100	10	25	0	0	0.5	0.5	nothing radial to replace	
B	100	10	25	0	0	3	3	nothing radial to replace	
B	100	10	25	0	0.1	0	0	nothing radial to replace	
B	100	10	25	0	0.1	2.5	2.5	nothing radial to replace	
B	100	10	25	0	0.1	5	3.257	nothing radial to replace	
B	100	10	25	0	0.1	0.5	0.5	nothing radial to replace	
B	100	10	25	0	0.1	3	3	nothing radial to replace	
B	100	10	25	0	1	0	0	nothing radial to replace	
B	100	10	25	0	1	2.5	2.5	nothing radial to replace	
B	100	10	25	0	1	5	3.963	nothing radial to replace	
B	100	10	25	0	1	0.5	0.5	nothing radial to replace	
B	100	10	25	0	1	3	3	nothing radial to replace	
B	100	10	25	1	0	0	0	nothing radial to replace	
B	100	10	25	1	0	2.5	2.5	nothing radial to replace	
B	100	10	25	1	0	5	3.178	nothing radial to replace	
B	100	10	25	1	0	0.5	0.5	nothing radial to replace	
B	100	10	25	1	0	3	3	nothing radial to replace	
B	100	10	25	1	0.1	0	0	nothing radial to replace	
B	100	10	25	1	0.1	2.5	2.5	nothing radial to replace	
B	100	10	25	1	0.1	5	3.257	nothing radial to replace	
B	100	10	25	1	0.1	0.5	0.5	nothing radial to replace	
B	100	10	25	1	0.1	3	3	nothing radial to replace	
B	100	10	25	1	1	0	0	nothing radial to replace	
B	100	10	25	1	1	2.5	2.5	nothing radial to replace	
B	100	10	25	1	1	5	3.963	nothing radial to replace	
B	100	10	25	1	1	0.5	0.5	nothing radial to replace	
B	100	10	25	1	1	3	3	nothing radial to replace	
B	100	10	30	-0.6	0	0	0	nothing radial to replace	
B	100	10	30	-0.6	0	2.5	1.103	nothing radial to replace	
B	100	10	30	-0.6	0	5	1.103	nothing radial to replace	
B	100	10	30	-0.6	0	0.5	0.5	nothing radial to replace	
B	100	10	30	-0.6	0	3	1.103	nothing radial to replace	
B	100	10	30	-0.6	0.1	0	0	nothing radial to replace	
B	100	10	30	-0.6	0.1	2.5	1.19	nothing radial to replace	
B	100	10	30	-0.6	0.1	5	1.19	nothing radial to replace	
B	100	10	30	-0.6	0.1	0.5	0.5	nothing radial to replace	
B	100	10	30	-0.6	0.1	3	1.19	nothing radial to replace	
B	100	10	30	-0.6	1	0	0	nothing radial to replace	
B	100	10	30	-0.6	1	2.5	1.969	nothing radial to replace	
B	100	10	30	-0.6	1	5	1.969	nothing radial to replace	
B	100	10	30	-0.6	1	0.5	0.5	nothing radial to replace	
B	100	10	30	-0.6	1	3	1.969	nothing radial to replace	
B	100	10	30	0	0	0	0	nothing radial to replace	
B	100	10	30	0	0	2.5	1.103	nothing radial to replace	
B	100	10	30	0	0	5	1.103	nothing radial to replace	
B	100	10	30	0	0	0.5	0.5	nothing radial to replace	
B	100	10	30	0	0	3	1.103	nothing radial to replace	
B	100	10	30	0	0.1	0	0	nothing radial to replace	
B	100	10	30	0	0.1	2.5	1.19	nothing radial to replace	
B	100	10	30	0	0.1	5	1.19	nothing radial to replace	
B	100	10	30	0	0.1	0.5	0.5	nothing radial to replace	
B	100	10	30	0	0.1	3	1.19	nothing radial to replace	
B	100	10	30	0	1	0	0	nothing radial to replace	
B	100	10	30	0	1	2.5	1.969	nothing radial to replace	
B	100	10	30	0	1	5	1.969	nothing radial to replace	
B	100	10	30	0	1	0.5	0.5	nothing radial to replace	
B	100	10	30	0	1	3	1.969	nothing radial to replace	
B	100	10	30	1	0	0	0	nothing radial to replace	
B	100	10	30	1	0	2.5	1.103	nothing radial to replace	
B	100	10	30	1	0	5	1.103	nothing radial to replace	
B	100	10	30	1	0	0.5	0.5	nothing radial to replace	
B	100	10	30	1	0	3	1.103	nothing radial to replace	
B	100	10	30	1	0.1	0	0	nothing radial to replace	
B	100	10	30	1	0.1	2.5	1.19	nothing radial to replace	
B	100	10	30	1	0.1	5	1.19	nothing radial to replace	
B	100	10	30	1	0.1	0.5	0.5	nothing radial to replace	
B	100	10	30	1	0.1	3	1.19	nothing radial to replace	
B	100	10	30	1	1	0	0	nothing radial to replace	
B	100	10	30	1	1	2.5	1.969	nothing radial to replace	
B	100	10	30	1	1	5	1.969	nothing radial to replace	
B	100	10	30	1	1	0.5	0.5	nothing radial to replace	
B	100	10	30	1	1	3	1.969	nothing radial to replace	
B	100	10	32	-0.6	0	0	0	nothing radial to replace	
B	100	10	32	-0.6	0	2.5	0.077	nothing radial to replace	
B	100	10	32	-0.6	0	5	0.077	nothing radial to replace	
B	100	10	32	-0.6	0	0.5	0.077	nothing radial to replace	
B	100	10	32	-0.6	0	3	0.077	nothing radial to replace	
B	100	10	32	-0.6	0.1	0	0	nothing radial to replace	
B	100	10	32	-0.6	0.1	2.5	0.167	nothing radial to replace	
B	100	10	32	-0.6	0.1	5	0.167	nothing radial to replace	
B	100	10	32	-0.6	0.1	0.5	0.167	nothing radial to replace	
B	100	10	32	-0.6	0.1	3	0.167	nothing radial to replace	
B	100	10	32	-0.6	1	0	0	nothing radial to replace	
B	100	10	32	-0.6	1	2.5	0.979	nothing radial to replace	
B	100	10	32	-0.6	1	5	0.979	nothing radial to replace	
B	100	10	32	-0.6	1	0.5	0.5	nothing radial to replace	
B	100	10	32	-0.6	1	3	0.979	nothing radial to replace	
B	100	10	32	0	0	0	0	nothing radial to replace	
B	100	10	32	0	0	2.5	0.077	nothing radial to replace	
B	100	10	32	0	0	5	0.077	nothing radial to replace	
B	100	10	32	0	0	0.5	0.077	nothing radial to replace	
B	100	10	32	0	0	3	0.077	nothing radial to replace	
B	100	10	32	0	0.1	0	0	nothing radial to replace	
B	100	10	32	0	0.1	2.5	0.167	nothing radial to replace	
B	100	10	32	0	0.1	5	0.167	nothing radial to replace	
B	100	10	32	0	0.1	0.5	0.167	nothing radial to replace	
B	100	10	32	0	0.1	3	0.167	nothing radial to replace	
B	100	10	32	0	1	0	0	nothing radial to replace	
B	100	10	32	0	1	2.5	0.979	nothing radial to replace	
B	100	10	32	0	1	5	0.979	nothing radial to replace	
B	100	10	32	0	1	0.5	0.5	nothing radial to replace	
B	100	10	32	0	1	3	0.979	nothing radial to replace	
B	100	10	32	1	0	0	0	nothing radial to replace	
B	100	10	32	1	0	2.5	0.077	nothing radial to replace	
B	100	10	32	1	0	5	0.077	nothing radial to replace	
B	100	10	32	1	0	0.5	0.077	nothing radial to replace	
B	100	10	32	1	0	3	0.077	nothing radial to replace	
B	100	10	32	1	0.1	0	0	nothing radial to replace	
B	100	10	32	1	0.1	2.5	0.167	nothing radial to replace	
B	100	10	32	1	0.1	5	0.167	nothing radial to replace	
B	100	10	32	1	0.1	0.5	0.167	nothing radial to replace	
B	100	10	32	1	0.1	3	0.167	nothing radial to replace	
B	100	10	32	1	1	0	0	nothing radial to replace	
B	100	10	32	1	1	2.5	0.979	nothing radial to replace	
B	100	10	32	1	1	5	0.979	nothing radial to replace	
B	100	10	32	1	1	0.5	0.5	nothing radial to replace	
B	100	10	32	1	1	3	0.979	nothing radial to replace	
B	100	10	32.5	-0.6	0	0	0	nothing radial to replace	
B	100	10	32.5	-0.6	0	2.5	0	nothing radial to replace	
B	100	10	32.5	-0.6	0	5	0	nothing radial to replace	
B	100	10	32.5	-0.6	0	0.5	0	nothing radial to replace	
B	100	10	32.5	-0.6	0	3	0	nothing radial to replace	
B	100	10	32.5	-0.6	0.1	0	0	nothing radial to replace	
B	100	10	32.5	-0.6	0.1	2.5	0	nothing radial to replace	
B	100	10	32.5	-0.6	0.1	5	0	nothing radial to replace	
B	100	10	32.5	-0.6	0.1	0.5	0	nothing radial to replace	
B	100	10	32.5	-0.6	0.1	3	0	nothing radial to replace	
B	100	10	32.5	-0.6	1	0	0	nothing radial to replace	
B	100	10	32.5	-0.6	1	2.5	0.711	nothing radial to replace	
B	100	10	32.5	-0.6	1	5	0.711	nothing radial to replace	
B	100	10	32.5	-0.6	1	0.5	0.5	nothing radial to replace	
B	100	10	32.5	-0.6	1	3	0.711	nothing radial to replace	
B	100	10	32.5	0	0	0	0	nothing radial to replace	
B	100	10	32.5	0	0	2.5	0	nothing radial to replace	
B	100	10	32.5	0	0	5	0	nothing radial to replace	
B	100	10	32.5	0	0	0.5	0	nothing radial to replace	
B	100	10	32.5	0	0	3	0	nothing radial to replace	
B	100	10	32.5	0	0.1	0	0	nothing radial to replace	
B	100	10	32.5	0	0.1	2.5	0	nothing radial to replace	
B	100	10	32.5	0	0.1	5	0	nothing radial to replace	
B	100	10	32.5	0	0.1	0.5	0	nothing radial to replace	
B	100	10	32.5	0	0.1	3	0	nothing radial to replace	
B	100	10	32.5	0	1	0	0	nothing radial to replace	
B	100	10	32.5	0	1	2.5	0.711	nothing radial to replace	
B	100	10	32.5	0	1	5	0.711	nothing radial to replace	
B	100	10	32.5	0	1	0.5	0.5	nothing radial to replace	
B	100	10	32.5	0	1	3	0.711	nothing radial to replace	
B	100	10	32.5	1	1	0	0	nothing radial to replace	
B	100	10	32.5	1	1	2.5	0.711	nothing radial to replace	
B	100	10	32.5	1	1	5	0.711	nothing radial to replace	
B	100	10	32.5	1	1	0.5	0.5	nothing radial to replace	
B	100	10	32.5	1	1	3	0.711	nothing radial to replace	
B	100	10	33	-0.6	0	0	0	nothing radial to replace	
B	100	10	33	-0.6	0	2.5	0	nothing radial to replace	
B	100	10	33	-0.6	0	5	0	nothing radial to replace	
B	100	10	33	-0.6	0	0.5	0	nothing radial to replace	
B	100	10	33	-0.6	0	3	0	nothing radial to replace	
B	100	10	33	-0.6	0.1	0	0	nothing radial to replace	
B	100	10	33	-0.6	0.1	2.5	0	nothing radial to replace	
B	100	10	33	-0.6	0.1	5	0	nothing radial to replace	
B	100	10	33	-0.6	0.1	0.5	0	nothing radial to replace	
B	100	10	33	-0.6	0.1	3	0	nothing radial to replace	
B	100	10	33	-0.6	1	0	0	nothing radial to replace	
B	100	10	33	-0.6	1	2.5	0.435	nothing radial to replace	
B	100	10	33	-0.6	1	5	0.435	nothing radial to replace	
B	100	10	33	-0.6	1	0.5	0.435	nothing radial to replace	
B	100	10	33	-0.6	1	3	0.435	nothing radial to replace	
B	100	10	33	0	0.1	0	0	nothing radial to replace	
B	100	10	33	0	0.1	2.5	0	nothing radial to replace	
B	100	10	33	0	0.1	5	0	nothing radial to replace	
B	100	10	33	0	0.1	0.5	0	nothing radial to replace	
B	100	10	33	0	0.1	3	0	nothing radial to replace	
B	100	10	33	0	1	0	0	nothing radial to replace	
B	100	10	33	0	1	2.5	0.435	nothing radial to replace	
B	100	10	33	0	1	5	0.435	nothing radial to replace	
B	100	10	33	0	1	0.5	0.435	nothing radial to replace	
B	100	10	33	0	1	3	0.435	nothing radial to replace	
B	100	10	33	1	1	0	0	nothing radial to replace	
B	100	10	33	1	1	2.5	0.435	nothing radial to replace	
B	100	10	33	1	1	5	0.435	nothing radial to replace	
B	100	10	33	1	1	0.5	0.435	nothing radial to replace	
B	100	10	33	1	1	3	0.435	nothing radial to replace	
B	100	10	33.5	-0.6	0	0	0	nothing radial to replace	
B	100	10	33.5	-0.6	0	2.5	0	nothing radial to replace	
B	100	10	33.5	-0.6	0	5	0	nothing radial to replace	
B	100	10	33.5	-0.6	0	0.5	0	nothing radial to replace	
B	100	10	33.5	-0.6	0	3	0	nothing radial to replace	
B	100	10	33.5	-0.6	0.1	0	0	nothing radial to replace	
B	100	10	33.5	-0.6	0.1	2.5	0	nothing radial to replace	
B	100	10	33.5	-0.6	0.1	5	0	nothing radial to replace	
B	100	10	33.5	-0.6	0.1	0.5	0	nothing radial to replace	
B	100	10	33.5	-0.6	0.1	3	0	nothing radial to replace	
B	100	10	33.5	-0.6	1	0	0	nothing radial to replace	
B	100	10	33.5	-0.6	1	2.5	0.149	nothing radial to replace	
B	100	10	33.5	-0.6	1	5	0.149	nothing radial to replace	
B	100	10	33.5	-0.6	1	0.5	0.149	nothing radial to replace	
B	100	10	33.5	-0.6	1	3	0.149	nothing radial to replace	
B	100	10	33.5	0	1	0	0	nothing radial to replace	
B	100	10	33.5	0	1	2.5	0.149	nothing radial to replace	
B	100	10	33.5	0	1	5	0.149	nothing radial to replace	
B	100	10	33.5	0	1	0.5	0.149	nothing radial to replace	
B	100	10	33.5	0	1	3	0.149	nothing radial to replace	
B	100	10	33.5	1	1	0	0	nothing radial to replace	
B	100	10	33.5	1	1	2.5	0.149	nothing radial to replace	
B	100	10	33.5	1	1	5	0.149	nothing radial to replace	
B	100	10	33.5	1	1	0.5	0.149	nothing radial to replace	
B	100	10	33.5	1	1	3	0.149	nothing radial to replace	
B	100	10	35	-0.6	1	0	0	nothing radial to replace	
B	100	10	35	-0.6	1	2.5	0	nothing radial to replace	
B	100	10	35	-0.6	1	5	0	nothing radial to replace	
B	100	10	35	-0.6	1	0.5	0	nothing radial to replace	
B	100	10	35	-0.6	1	3	0	nothing radial to replace	
B	116	10	14.5	0	0	0	0	nothing radial to replace	
B	116	10	14.5	0	0	2.5	2.5	nothing radial to replace	
B	116	10	14.5	0	0	5	5	nothing radial to replace	
B	116	10	14.5	0	0	0.5	0.5	nothing radial to replace	
B	116	10	14.5	0	0	3	3	nothing radial to replace	
B	116	10	14.5	0	0.1	0	0	nothing radial to replace	
B	116	10	14.5	0	0.1	2.5	2.5	nothing radial to replace	
B	116	10	14.5	0	0.1	5	5	nothing radial to replace	
B	116	10	14.5	0	0.1	0.5	0.5	nothing radial to replace	
B	116	10	14.5	0	0.1	3	3	nothing radial to replace	
B	116	10	14.5	0	1	0	0	nothing radial to replace	
B	116	10	14.5	0	1	2.5	2.5	nothing radial to replace	
B	116	10	14.5	0	1	5	5	nothing radial to replace	
B	116	10	14.5	0	1	0.5	0.5	nothing radial to replace	
B	116	10	14.5	0	1	3	3	nothing radial to replace	
B	116	10	14.5	1	0	0	0	nothing radial to replace	
B	116	10	14.5	1	0	2.5	2.5	nothing radial to replace	
B	116	10	14.5	1	0	5	5	nothing radial to replace	
B	116	10	14.5	1	0	0.5	0.5	nothing radial to replace	
B	116	10	14.5	1	0	3	3	nothing radial to replace	
B	116	10	14.5	1	0.1	0	0	nothing radial to replace	
B	116	10	14.5	1	0.1	2.5	2.5	nothing radial to replace	
B	116	10	14.5	1	0.1	5	5	nothing radial to replace	
B	116	10	14.5	1	0.1	0.5	0.5	nothing radial to replace	
B	116	10	14.5	1	0.1	3	3	nothing radial to replace	
B	116	10	14.5	1	1	0	0	nothing radial to replace	
B	116	10	14.5	1	1	2.5	2.5	nothing radial to replace	
B	116	10	14.5	1	1	5	5	nothing radial to replace	
B	116	10	14.5	1	1	0.5	0.5	nothing radial to replace	
B	116	10	14.5	1	1	3	3	nothing radial to replace	
B	116	10	20	-0.6	0	0	0	nothing radial to replace	
B	116	10	20	-0.6	0	2.5	2.5	nothing radial to replace	
B	116	10	20	-0.6	0	5	4.719	nothing radial to replace	
B	116	10	20	-0.6	0	0.5	0.5	nothing radial to replace	
B	116	10	20	-0.6	0	3	3	nothing radial to replace	
B	116	10	20	-0.6	0.1	0	0	nothing radial to replace	
B	116	10	20	-0.6	0.1	2.5	2.5	nothing radial to replace	
B	116	10	20	-0.6	0.1	5	4.79	nothing radial to replace	
B	116	10	20	-0.6	0.1	0.5	0.5	nothing radial to replace	
B	116	10	20	-0.6	0.1	3	3	nothing radial to replace	
B	116	10	20	-0.6	1	0	0	nothing radial to replace	
B	116	10	20	-0.6	1	2.5	2.5	nothing radial to replace	
B	116	10	20	-0.6	1	5	5	nothing radial to replace	
B	116	10	20	-0.6	1	0.5	0.5	nothing radial to replace	
B	116	10	20	-0.6	1	3	3	nothing radial to replace	
B	116	10	20	0	0	0	0	nothing radial to replace	
B	116	10	20	0	0	2.5	2.5	nothing radial to replace	
B	116	10	20	0	0	5	4.719	nothing radial to replace	
B	116	10	20	0	0	0.5	0.5	nothing radial to replace	
B	116	10	20	0	0	3	3	nothing radial to replace	
B	116	10	20	0	0.1	0	0	nothing radial to replace	
B	116	10	20	0	0.1	2.5	2.5	nothing radial to replace	
B	116	10	20	0	0.1	5	4.79	nothing radial to replace	
B	116	10	20	0	0.1	0.5	0.5	nothing radial to replace	
B	116	10	20	0	0.1	3	3	nothing radial to replace	
B	116	10	20	0	1	0	0	nothing radial to replace	
B	116	10	20	0	1	2.5	2.5	nothing radial to replace	
B	116	10	20	0	1	5	5	nothing radial to replace	
B	116	10	20	0	1	0.5	0.5	nothing radial to replace	
B	116	10	20	0	1	3	3	nothing radial to replace	
B	116	10	20	1	0	0	0	nothing radial to replace	
B	116	10	20	1	0	2.5	2.5	nothing radial to replace	
B	116	10	20	1	0	5	4.719	nothing radial to replace	
B	116	10	20	1	0	0.5	0.5	nothing radial to replace	
B	116	10	20	1	0	3	3	nothing radial to replace	
B	116	10	20	1	0.1	0	0	nothing radial to replace	
B	116	10	20	1	0.1	2.5	2.5	nothing radial to replace	
B	116	10	20	1	0.1	5	4.79	nothing radial to replace	
B	116	10	20	1	0.1	0.5	0.5	nothing radial to replace	
B	116	10	20	1	0.1	3	3	nothing radial to replace	
B	116	10	20	1	1	0	0	nothing radial to replace	
B	116	10	20	1	1	2.5	2.5	nothing radial to replace	
B	116	10	20	1	1	5	5	nothing radial to replace	
B	116	10	20	1	1	0.5	0.5	nothing radial to replace	
B	116	10	20	1	1	3	3	nothing radial to replace	
B	116	10	25	-0.6	0	0	0	nothing radial to replace	
B	116	10	25	-0.6	0	2.5	2.5	nothing radial to replace	
B	116	10	25	-0.6	0	5	3.178	nothing radial to replace	
B	116	10	25	-0.6	0	0.5	0.5	nothing radial to replace	
B	116	10	25	-0.6	0	3	3	nothing radial to replace	
B	116	10	25	-0.6	0.1	0	0	nothing radial to replace	
B	116	10	25	-0.6	0.1	2.5	2.5	nothing radial to replace	
B	116	10	25	-0.6	0.1	5	3.257	nothing radial to replace	
B	116	10	25	-0.6	0.1	0.5	0.5	nothing radial to replace	
B	116	10	25	-0.6	0.1	3	3	nothing radial to replace	
B	116	10	25	-0.6	1	0	0	nothing radial to replace	
B	116	10	25	-0.6	1	2.5	2.5	nothing radial to replace	
B	116	10	25	-0.6	1	5	3.963	nothing radial to replace	
B	116	10	25	-0.6	1	0.5	0.5	nothing radial to replace	
B	116	10	25	-0.6	1	3	3	nothing radial to replace	
B	116	10	25	0	0	0	0	nothing radial to replace	
B	116	10	25	0	0	2.5	2.5	nothing radial to replace	
B	116	10	25	0	0	5	3.178	nothing radial to replace	
B	116	10	25	0	0	0.5	0.5	nothing radial to replace	
B	116	10	25	0	0	3	3	nothing radial to replace	
B	116	10	25	0	0.1	0	0	nothing radial to replace	
B	116	10	25	0	0.1	2.5	2.5	nothing radial to replace	
B	116	10	25	0	0.1	5	3.257	nothing radial to replace	
B	116	10	25	0	0.1	0.5	0.5	nothing radial to replace	
B	116	10	25	0	0.1	3	3	nothing radial to replace	
B	116	10	25	0	1	0	0	nothing radial to replace	
B	116	10	25	0	1	2.5	2.5	nothing radial to replace	
B	116	10	25	0	1	5	3.963	nothing radial to replace	
B	116	10	25	0	1	0.5	0.5	nothing radial to replace	
B	116	10	25	0	1	3	3	nothing radial to replace	
B	116	10	25	1	0	0	0	nothing radial to replace	
B	116	10	25	1	0	2.5	2.5	nothing radial to replace	
B	116	10	25	1	0	5	3.178	nothing radial to replace	
B	116	10	25	1	0	0.5	0.5	nothing radial to replace	
B	116	10	25	1	0	3	3	nothing radial to replace	
B	116	10	25	1	0.1	0	0	nothing radial to replace	
B	116	10	25	1	0.1	2.5	2.5	nothing radial to replace	
B	116	10	25	1	0.1	5	3.257	nothing radial to replace	
B	116	10	25	1	0.1	0.5	0.5	nothing radial to replace	
B	116	10	25	1	0.1	3	3	nothing radial to replace	
B	116	10	25	1	1	0	0	nothing radial to replace	
B	116	10	25	1	1	2.5	2.5	nothing radial to replace	
B	116	10	25	1	1	5	3.963	nothing radial to replace	
B	116	10	25	1	1	0.5	0.5	nothing radial to replace	
B	116	10	25	1	1	3	3	nothing radial to replace	
B	116	10	30	-0.6	0	0	0	nothing radial to replace	
B	116	10	30	-0.6	0	2.5	1.103	nothing radial to replace	
B	116	10	30	-0.6	0	5	1.103	nothing radial to replace	
B	116	10	30	-0.6	0	0.5	0.5	nothing radial to replace	
B	116	10	30	-0.6	0	3	1.103	nothing radial to replace	
B	116	10	30	-0.6	0.1	0	0	nothing radial to replace	
B	116	10	30	-0.6	0.1	2.5	1.19	nothing radial to replace	
B	116	10	30	-0.6	0.1	5	1.19	nothing radial to replace	
B	116	10	30	-0.6	0.1	0.5	0.5	nothing radial to replace	
B	116	10	30	-0.6	0.1	3	1.19	nothing radial to replace	
B	116	10	30	-0.6	1	0	0	nothing radial to replace	
B	116	10	30	-0.6	1	2.5	1.969	nothing radial to replace	
B	116	10	30	-0.6	1	5	1.969	nothing radial to replace	
B	116	10	30	-0.6	1	0.5	0.5	nothing radial to replace	
B	116	10	30	-0.6	1	3	1.969	nothing radial to replace	
B	116	10	30	0	0	0	0	nothing radial to replace	
B	116	10	30	0	0	2.5	1.103	nothing radial to replace	
B	116	10	30	0	0	5	1.103	nothing radial to replace	
B	116	10	30	0	0	0.5	0.5	nothing radial to replace	
B	116	10	30	0	0	3	1.103	nothing radial to replace	
B	116	10	30	0	0.1	0	0	nothing radial to replace	
B	116	10	30	0	0.1	2.5	1.19	nothing radial to replace	
B	116	10	30	0	0.1	5	1.19	nothing radial to replace	
B	116	10	30	0	0.1	0.5	0.5	nothing radial to replace	
B	116	10	30	0	0.1	3	1.19	nothing radial to replace	
B	116	10	30	0	1	0	0	nothing radial to replace	
B	116	10	30	0	1	2.5	1.969	nothing radial to replace	
B	116	10	30	0	1	5	1.969	nothing radial to replace	
B	116	10	30	0	1	0.5	0.5	nothing radial to replace	
B	116	10	30	0	1	3	1.969	nothing radial to replace	
B	116	10	30	1	0	0	0	nothing radial to replace	
B	116	10	30	1	0	2.5	1.103	nothing radial to replace	
B	116	10	30	1	0	5	1.103	nothing radial to replace	
B	116	10	30	1	0	0.5	0.5	nothing radial to replace	
B	116	10	30	1	0	3	1.103	nothing radial to replace	
B	116	10	30	1	0.1	0	0	nothing radial to replace	
B	116	10	30	1	0.1	2.5	1.19	nothing radial to replace	
B	116	10	30	1	0.1	5	1.19	nothing radial to replace	
B	116	10	30	1	0.1	0.5	0.5	nothing radial to replace	
B	116	10	30	1	0.1	3	1.19	nothing radial to replace	
B	116	10	30	1	1	0	0	nothing radial to replace	
B	116	10	30	1	1	2.5	1.969	nothing radial to replace	
B	116	10	30	1	1	5	1.969	nothing radial to replace	
B	116	10	30	1	1	0.5	0.5	nothing radial to replace	
B	116	10	30	1	1	3	1.969	nothing radial to replace	
B	116	10	32	-0.6	0	0	0	nothing radial to replace	
B	116	10	32	-0.6	0	2.5	0.077	nothing radial to replace	
B	116	10	32	-0.6	0	5	0.077	nothing radial to replace	
B	116	10	32	-0.6	0	0.5	0.077	nothing radial to replace	
B	116	10	32	-0.6	0	3	0.077	nothing radial to replace	
B	116	10	32	-0.6	0.1	0	0	nothing radial to replace	
B	116	10	32	-0.6	0.1	2.5	0.167	nothing radial to replace	
B	116	10	32	-0.6	0.1	5	0.167	nothing radial to replace	
B	116	10	32	-0.6	0.1	0.5	0.167	nothing radial to replace	
B	116	10	32	-0.6	0.1	3	0.167	nothing radial to replace	
B	116	10	32	-0.6	1	0	0	nothing radial to replace	
B	116	10	32	-0.6	1	2.5	0.979	nothing radial to replace	
B	116	10	32	-0.6	1	5	0.979	nothing radial to replace	
B	116	10	32	-0.6	1	0.5	0.5	nothing radial to replace	
B	116	10	32	-0.6	1	3	0.979	nothing radial to replace	
B	116	10	32	0	0	0	0	nothing radial to replace	
B	116	10	32	0	0	2.5	0.077	nothing radial to replace	
B	116	10	32	0	0	5	0.077	nothing radial to replace	
B	116	10	32	0	0	0.5	0.077	nothing radial to replace	
B	116	10	32	0	0	3	0.077	nothing radial to replace	
B	116	10	32	0	0.1	0	0	nothing radial to replace	
B	116	10	32	0	0.1	2.5	0.167	nothing radial to replace	
B	116	10	32	0	0.1	5	0.167	nothing radial to replace	
B	116	10	32	0	0.1	0.5	0.167	nothing radial to replace	
B	116	10	32	0	0.1	3	0.167	nothing radial to replace	
B	116	10	32	0	1	0	0	nothing radial to replace	
B	116	10	32	0	1	2.5	0.979	nothing radial to replace	
B	116	10	32	0	1	5	0.979	nothing radial to replace	
B	116	10	32	0	1	0.5	0.5	nothing radial to replace	
B	116	10	32	0	1	3	0.979	nothing radial to replace	
B	116	10	32	1	0	0	0	nothing radial to replace	
B	116	10	32	1	0	2.5	0.077	nothing radial to replace	
B	116	10	32	1	0	5	0.077	nothing radial to replace	
B	116	10	32	1	0	0.5	0.077	nothing radial to replace	
B	116	10	32	1	0	3	0.077	nothing radial to replace	
B	116	10	32	1	0.1	0	0	nothing radial to replace	
B	116	10	32	1	0.1	2.5	0.167	nothing radial to replace	
B	116	10	32	1	0.1	5	0.167	nothing radial to replace	
B	116	10	32	1	0.1	0.5	0.167	nothing radial to replace	
B	116	10	32	1	0.1	3	0.167	nothing radial to replace	
B	116	10	32	1	1	0	0	nothing radial to replace	
B	116	10	32	1	1	2.5	0.979	nothing radial to replace	
B	116	10	32	1	1	5	0.979	nothing radial to replace	
B	116	10	32	1	1	0.5	0.5	nothing radial to replace	
B	116	10	32	1	1	3	0.979	nothing radial to replace	
B	116	10	32.5	-0.6	0	0	0	nothing radial to replace	
B	116	10	32.5	-0.6	0	2.5	0	nothing radial to replace	
B	116	10	32.5	-0.6	0	5	0	nothing radial to replace	
B	116	10	32.5	-0.6	0	0.5	0	nothing radial to replace	
B	116	10	32.5	-0.6	0	3	0	nothing radial to replace	
B	116	10	32.5	-0.6	0.1	0	0	nothing radial to replace	
B	116	10	32.5	-0.6	0.1	2.5	0	nothing radial to replace	
B	116	10	32.5	-0.6	0.1	5	0	nothing radial to replace	
B	116	10	32.5	-0.6	0.1	0.5	0	nothing radial to replace	
B	116	10	32.5	-0.6	0.1	3	0	nothing radial to replace	
B	116	10	32.5	-0.6	1	0	0	nothing radial to replace	
B	116	10	32.5	-0.6	1	2.5	0.711	nothing radial to replace	
B	116	10	32.5	-0.6	1	5	0.711	nothing radial to replace	
B	116	10	32.5	-0.6	1	0.5	0.5	nothing radial to replace	
B	116	10	32.5	-0.6	1	3	0.711	nothing radial to replace	
B	116	10	32.5	0	0	0	0	nothing radial to replace	
B	116	10	32.5	0	0	2.5	0	nothing radial to replace	
B	116	10	32.5	0	0	5	0	nothing radial to replace	
B	116	10	32.5	0	0	0.5	0	nothing radial to replace	
B	116	10	32.5	0	0	3	0	nothing radial to replace	
B	116	10	32.5	0	0.1	0	0	nothing radial to replace	
B	116	10	32.5	0	0.1	2.5	0	nothing radial to replace	
B	116	10	32.5	0	0.1	5	0	nothing radial to replace	
B	116	10	32.5	0	0.1	0.5	0	nothing radial to replace	
B	116	10	32.5	0	0.1	3	0	nothing radial to replace	
B	116	10	32.5	0	1	0	0	nothing radial to replace	
B	116	10	32.5	0	1	2.5	0.711	nothing radial to replace	
B	116	10	32.5	0	1	5	0.711	nothing radial to replace	
B	116	10	32.5	0	1	0.5	0.5	nothing radial to replace	
B	116	10	32.5	0	1	3	0.711	nothing radial to replace	
B	116	10	32.5	1	1	0	0	nothing radial to replace	
B	116	10	32.5	1	1	2.5	0.711	nothing radial to replace	
B	116	10	32.5	1	1	5	0.711	nothing radial to replace	
B	116	10	32.5	1	1	0.5	0.5	nothing radial to replace	
B	116	10	32.5	1	1	3	0.711	nothing radial to replace	
B	116	10	33	-0.6	0	0	0	nothing radial to replace	
B	116	10	33	-0.6	0	2.5	0	nothing radial to replace	
B	116	10	33	-0.6	0	5	0	nothing radial to replace	
B	116	10	33	-0.6	0	0.5	0	nothing radial to replace	
B	116	10	33	-0.6	0	3	0	nothing radial to replace	
B	116	10	33	-0.6	0.1	0	0	nothing radial to replace	
B	116	10	33	-0.6	0.1	2.5	0	nothing radial to replace	
B	116	10	33	-0.6	0.1	5	0	nothing radial to replace	
B	116	10	33	-0.6	0.1	0.5	0	nothing radial to replace	
B	116	10	33	-0.6	0.1	3	0	nothing radial to replace	
B	116	10	33	-0.6	1	0	0	nothing radial to replace	
B	116	10	33	-0.6	1	2.5	0.435	nothing radial to replace	
B	116	10	33	-0.6	1	5	0.435	nothing radial to replace	
B	116	10	33	-0.6	1	0.5	0.435	nothing radial to replace	
B	116	10	33	-0.6	1	3	0.435	nothing radial to replace	
B	116	10	33	0	1	0	0	nothing radial to replace	
B	116	10	33	0	1	2.5	0.435	nothing radial to replace	
B	116	10	33	0	1	5	0.435	nothing radial to replace	
B	116	10	33	0	1	0.5	0.435	nothing radial to replace	
B	116	10	33	0	1	3	0.435	nothing radial to replace	
B	116	10	33	1	1	0	0	nothing radial to replace	
B	116	10	33	1	1	2.5	0.435	nothing radial to replace	
B	116	10	33	1	1	5	0.435	nothing radial to replace	
B	116	10	33	1	1	0.5	0.435	nothing radial to replace	
B	116	10	33	1	1	3	0.435	nothing radial to replace	
B	116	10	33.5	-0.6	0	0	0	nothing radial to replace	
B	116	10	33.5	-0.6	0	2.5	0	nothing radial to replace	
B	116	10	33.5	-0.6	0	5	0	nothing radial to replace	
B	116	10	33.5	-0.6	0	0.5	0	nothing radial to replace	
B	116	10	33.5	-0.6	0	3	0	nothing radial to replace	
B	116	10	33.5	-0.6	0.1	0	0	nothing radial to replace	
B	116	10	33.5	-0.6	0.1	2.5	0	nothing radial to replace	
B	116	10	33.5	-0.6	0.1	5	0	nothing radial to replace	
B	116	10	33.5	-0.6	0.1	0.5	0	nothing radial to replace	
B	116	10	33.5	-0.6	0.1	3	0	nothing radial to replace	
B	116	10	33.5	-0.6	1	0	0	nothing radial to replace	
B	116	10	33.5	-0.6	1	2.5	0.149	nothing radial to replace	
B	116	10	33.5	-0.6	1	5	0.149	nothing radial to replace	
B	116	10	33.5	-0.6	1	0.5	0.149	nothing radial to replace	
B	116	10	33.5	-0.6	1	3	0.149	nothing radial to replace	
B	116	10	33.5	0	1	0	0	nothing radial to replace	
B	116	10	33.5	0	1	2.5	0.149	nothing radial to replace	
B	116	10	33.5	0	1	5	0.149	nothing radial to replace	
B	116	10	33.5	0	1	0.5	0.149	nothing radial to replace	
B	116	10	33.5	0	1	3	0.149	nothing radial to replace	
B	116	10	33.5	1	1	0	0	nothing radial to replace	
B	116	10	33.5	1	1	2.5	0.149	nothing radial to replace	
B	116	10	33.5	1	1	5	0.149	nothing radial to replace	
B	116	10	33.5	1	1	0.5	0.149	nothing radial to replace	
B	116	10	33.5	1	1	3	0.149	nothing radial to replace	
B	116	10	35	-0.6	1	0	0	nothing radial to replace	
B	116	10	35	-0.6	1	2.5	0	nothing radial to replace	
B	116	10	35	-0.6	1	5	0	nothing radial to replace	
B	116	10	35	-0.6	1	0.5	0	nothing radial to replace	
B	116	10	35	-0.6	1	3	0	nothing radial to replace	
B	117	10	14.5	-0.6	0	0	0	nothing radial to replace	
B	117	10	14.5	-0.6	0	2.5	2.5	nothing radial to replace	
B	117	10	14.5	-0.6	0	5	5	nothing radial to replace	
B	117	10	14.5	-0.6	0	0.5	0.5	nothing radial to replace	
B	117	10	14.5	-0.6	0	3	3	nothing radial to replace	
B	117	10	14.5	-0.6	0.1	0	0	nothing radial to replace	
B	117	10	14.5	-0.6	0.1	2.5	2.5	nothing radial to replace	
B	117	10	14.5	-0.6	0.1	5	5	nothing radial to replace	
B	117	10	14.5	-0.6	0.1	0.5	0.5	nothing radial to replace	
B	117	10	14.5	-0.6	0.1	3	3	nothing radial to replace	
B	117	10	14.5	-0.6	1	0	0	nothing radial to replace	
B	117	10	14.5	-0.6	1	2.5	2.5	nothing radial to replace	
B	117	10	14.5	-0.6	1	5	5	nothing radial to replace	
B	117	10	14.5	-0.6	1	0.5	0.5	nothing radial to replace	
B	117	10	14.5	-0.6	1	3	3	nothing radial to replace	
B	117	10	14.5	0	0	0	0	nothing radial to replace	
B	117	10	14.5	0	0	2.5	2.5	nothing radial to replace	
B	117	10	14.5	0	0	5	5	nothing radial to replace	
B	117	10	14.5	0	0	0.5	0.5	nothing radial to replace	
B	117	10	14.5	0	0	3	3	nothing radial to replace	
B	117	10	14.5	0	0.1	0	0	nothing radial to replace	
B	117	10	14.5	0	0.1	2.5	2.5	nothing radial to replace	
B	117	10	14.5	0	0.1	5	5	nothing radial to replace	
B	117	10	14.5	0	0.1	0.5	0.5	nothing radial to replace	
B	117	10	14.5	0	0.1	3	3	nothing radial to replace	
B	117	10	14.5	0	1	0	0	nothing radial to replace	
B	117	10	14.5	0	1	2.5	2.5	nothing radial to replace	
B	117	10	14.5	0	1	5	5	nothing radial to replace	
B	117	10	14.5	0	1	0.5	0.5	nothing radial to replace	
B	117	10	14.5	0	1	3	3	nothing radial to replace	
B	117	10	14.5	1	0	0	0	nothing radial to replace	
B	117	10	14.5	1	0	2.5	2.5	nothing radial to replace	
B	117	10	14.5	1	0	5	5	nothing radial to replace	
B	117	10	14.5	1	0	0.5	0.5	nothing radial to replace	
B	117	10	14.5	1	0	3	3	nothing radial to replace	
B	117	10	14.5	1	0.1	0	0	nothing radial to replace	
B	117	10	14.5	1	0.1	2.5	2.5	nothing radial to replace	
B	117	10	14.5	1	0.1	5	5	nothing radial to replace	
B	117	10	14.5	1	0.1	0.5	0.5	nothing radial to replace	
B	117	10	14.5	1	0.1	3	3	nothing radial to replace	
B	117	10	14.5	1	1	0	0	nothing radial to replace	
B	117	10	14.5	1	1	2.5	2.5	nothing radial to replace	
B	117	10	14.5	1	1	5	5	nothing radial to replace	
B	117	10	14.5	1	1	0.5	0.5	nothing radial to replace	
B	117	10	14.5	1	1	3	3	nothing radial to replace	
B	117	10	20	-0.6	0	0	0	nothing radial to replace	
B	117	10	20	-0.6	0	2.5	2.5	nothing radial to replace	
B	117	10	20	-0.6	0	5	4.719	nothing radial to replace	
B	117	10	20	-0.6	0	0.5	0.5	nothing radial to replace	
B	117	10	20	-0.6	0	3	3	nothing radial to replace	
B	117	10	20	-0.6	0.1	0	0	nothing radial to replace	
B	117	10	20	-0.6	0.1	2.5	2.5	nothing radial to replace	
B	117	10	20	-0.6	0.1	5	4.79	nothing radial to replace	
B	117	10	20	-0.6	0.1	0.5	0.5	nothing radial to replace	
B	117	10	20	-0.6	0.1	3	3	nothing radial to replace	
B	117	10	20	-0.6	1	0	0	nothing radial to replace	
B	117	10	20	-0.6	1	2.5	2.5	nothing radial to replace	
B	117	10	20	-0.6	1	5	5	nothing radial to replace	
B	117	10	20	-0.6	1	0.5	0.5	nothing radial to replace	
B	117	10	20	-0.6	1	3	3	nothing radial to replace	
B	117	10	20	0	0	0	0	nothing radial to replace	
B	117	10	20	0	0	2.5	2.5	nothing radial to replace	
B	117	10	20	0	0	5	4.719	nothing radial to replace	
B	117	10	20	0	0	0.5	0.5	nothing radial to replace	
B	117	10	20	0	0	3	3	nothing radial to replace	
B	117	10	20	0	0.1	0	0	nothing radial to replace	
B	117	10	20	0	0.1	2.5	2.5	nothing radial to replace	
B	117	10	20	0	0.1	5	4.79	nothing radial to replace	
B	117	10	20	0	0.1	0.5	0.5	nothing radial to replace	
B	117	10	20	0	0.1	3	3	nothing radial to replace	
B	117	10	20	0	1	0	0	nothing radial to replace	
B	117	10	20	0	1	2.5	2.5	nothing radial to replace	
B	117	10	20	0	1	5	5	nothing radial to replace	
B	117	10	20	0	1	0.5	0.5	nothing radial to replace	
B	117	10	20	0	1	3	3	nothing radial to replace	
B	117	10	20	1	0	0	0	nothing radial to replace	
B	117	10	20	1	0	2.5	2.5	nothing radial to replace	
B	117	10	20	1	0	5	4.719	nothing radial to replace	
B	117	10	20	1	0	0.5	0.5	nothing radial to replace	
B	117	10	20	1	0	3	3	nothing radial to replace	
B	117	10	20	1	0.1	0	0	nothing radial to replace	
B	117	10	20	1	0.1	2.5	2.5	nothing radial to replace	
B	117	10	20	1	0.1	5	4.79	nothing radial to replace	
B	117	10	20	1	0.1	0.5	0.5	nothing radial to replace	
B	117	10	20	1	0.1	3	3	nothing radial to replace	
B	117	10	20	1	1	0	0	nothing radial to replace	
B	117	10	20	1	1	2.5	2.5	nothing radial to replace	
B	117	10	20	1	1	5	5	nothing radial to replace	
B	117	10	20	1	1	0.5	0.5	nothing radial to replace	
B	117	10	20	1	1	3	3	nothing radial to replace	
B	117	10	25	-0.6	0	0	0	nothing radial to replace	
B	117	10	25	-0.6	0	2.5	2.5	nothing radial to replace	
B	117	10	25	-0.6	0	5	3.178	nothing radial to replace	
B	117	10	25	-0.6	0	0.5	0.5	nothing radial to replace	
B	117	10	25	-0.6	0	3	3	nothing radial to replace	
B	117	10	25	-0.6	0.1	0	0	nothing radial to replace	
B	117	10	25	-0.6	0.1	2.5	2.5	nothing radial to replace	
B	117	10	25	-0.6	0.1	5	3.257	nothing radial to replace	
B	117	10	25	-0.6	0.1	0.5	0.5	nothing radial to replace	
B	117	10	25	-0.6	0.1	3	3	nothing radial to replace	
B	117	10	25	-0.6	1	0	0	nothing radial to replace	
B	117	10	25	-0.6	1	2.5	2.5	nothing radial to replace	
B	117	10	25	-0.6	1	5	3.963	nothing radial to replace	
B	117	10	25	-0.6	1	0.5	0.5	nothing radial to replace	
B	117	10	25	-0.6	1	3	3	nothing radial to replace	
B	117	10	25	0	0	0	0	nothing radial to replace	
B	117	10	25	0	0	2.5	2.5	nothing radial to replace	
B	117	10	25	0	0	5	3.178	nothing radial to replace	
B	117	10	25	0	0	0.5	0.5	nothing radial to replace	
B	117	10	25	0	0	3	3	nothing radial to replace	
B	117	10	25	0	0.1	0	0	nothing radial to replace	
B	117	10	25	0	0.1	2.5	2.5	nothing radial to replace	
B	117	10	25	0	0.1	5	3.257	nothing radial to replace	
B	117	10	25	0	0.1	0.5	0.5	nothing radial to replace	
B	117	10	25	0	0.1	3	3	nothing radial to replace	
B	117	10	25	0	1	0	0	nothing radial to replace	
B	117	10	25	0	1	2.5	2.5	nothing radial to replace	
B	117	10	25	0	1	5	3.963	nothing radial to replace	
B	117	10	25	0	1	0.5	0.5	nothing radial to replace	
B	117	10	25	0	1	3	3	nothing radial to replace	
B	117	10	25	1	0	0	0	nothing radial to replace	
B	117	10	25	1	0	2.5	2.5	nothing radial to replace	
B	117	10	25	1	0	5	3.178	nothing radial to replace	
B	117	10	25	1	0	0.5	0.5	nothing radial to replace	
B	117	10	25	1	0	3	3	nothing radial to replace	
B	117	10	25	1	0.1	0	0	nothing radial to replace	
B	117	10	25	1	0.1	2.5	2.5	nothing radial to replace	
B	117	10	25	1	0.1	5	3.257	nothing radial to replace	
B	117	10	25	1	0.1	0.5	0.5	nothing radial to replace	
B	117	10	25	1	0.1	3	3	nothing radial to replace	
B	117	10	25	1	1	0	0	nothing radial to replace	
B	117	10	25	1	1	2.5	2.5	nothing radial to replace	
B	117	10	25	1	1	5	3.963	nothing radial to replace	
B	117	10	25	1	1	0.5	0.5	nothing radial to replace	
B	117	10	25	1	1	3	3	nothing radial to replace	
B	117	10	30	-0.6	0	0	0	nothing radial to replace	
B	117	10	30	-0.6	0	2.5	1.103	nothing radial to replace	
B	117	10	30	-0.6	0	5	1.103	nothing radial to replace	
B	117	10	30	-0.6	0	0.5	0.5	nothing radial to replace	
B	117	10	30	-0.6	0	3	1.103	nothing radial to replace	
B	117	10	30	-0.6	0.1	0	0	nothing radial to replace	
B	117	10	30	-0.6	0.1	2.5	1.19	nothing radial to replace	
B	117	10	30	-0.6	0.1	5	1.19	nothing radial to replace	
B	117	10	30	-0.6	0.1	0.5	0.5	nothing radial to replace	
B	117	10	30	-0.6	0.1	3	1.19	nothing radial to replace	
B	117	10	30	-0.6	1	0	0	nothing radial to replace	
B	117	10	30	-0.6	1	2.5	1.969	nothing radial to replace	
B	117	10	30	-0.6	1	5	1.969	nothing radial to replace	
B	117	10	30	-0.6	1	0.5	0.5	nothing radial to replace	
B	117	10	30	-0.6	1	3	1.969	nothing radial to replace	
B	117	10	30	0	0	0	0	nothing radial to replace	
B	117	10	30	0	0	2.5	1.103	nothing radial to replace	
B	117	10	30	0	0	5	1.103	nothing radial to replace	
B	117	10	30	0	0	0.5	0.5	nothing radial to replace	
B	117	10	30	0	0	3	1.103	nothing radial to replace	
B	117	10	30	0	0.1	0	0	nothing radial to replace	
B	117	10	30	0	0.1	2.5	1.19	nothing radial to replace	
B	117	10	30	0	0.1	5	1.19	nothing radial to replace	
B	117	10	30	0	0.1	0.5	0.5	nothing radial to replace	
B	117	10	30	0	0.1	3	1.19	nothing radial to replace	
B	117	10	30	0	1	0	0	nothing radial to replace	
B	117	10	30	0	1	2.5	1.969	nothing radial to replace	
B	117	10	30	0	1	5	1.969	nothing radial to replace	
B	117	10	30	0	1	0.5	0.5	nothing radial to replace	
B	117	10	30	0	1	3	1.969	nothing radial to replace	
B	117	10	30	1	0	0	0	nothing radial to replace	
B	117	10	30	1	0	2.5	1.103	nothing radial to replace	
B	117	10	30	1	0	5	1.103	nothing radial to replace	
B	117	10	30	1	0	0.5	0.5	nothing radial to replace	
B	117	10	30	1	0	3	1.103	nothing radial to replace	
B	117	10	30	1	0.1	0	0	nothing radial to replace	
B	117	10	30	1	0.1	2.5	1.19	nothing radial to replace	
B	117	10	30	1	0.1	5	1.19	nothing radial to replace	
B	117	10	30	1	0.1	0.5	0.5	nothing radial to replace	
B	117	10	30	1	0.1	3	1.19	nothing radial to replace	
B	117	10	30	1	1	0	0	nothing radial to replace	
B	117	10	30	1	1	2.5	1.969	nothing radial to replace	
B	117	10	30	1	1	5	1.969	nothing radial to replace	
B	117	10	30	1	1	0.5	0.5	nothing radial to replace	
B	117	10	30	1	1	3	1.969	nothing radial to replace	
B	117	10	32	-0.6	0	0	0	nothing radial to replace	
B	117	10	32	-0.6	0	2.5	0.077	nothing radial to replace	
B	117	10	32	-0.6	0	5	0.077	nothing radial to replace	
B	117	10	32	-0.6	0	0.5	0.077	nothing radial to replace	
B	117	10	32	-0.6	0	3	0.077	nothing radial to replace	
B	117	10	32	-0.6	0.1	0	0	nothing radial to replace	
B	117	10	32	-0.6	0.1	2.5	0.167	nothing radial to replace	
B	117	10	32	-0.6	0.1	5	0.167	nothing radial to replace	
B	117	10	32	-0.6	0.1	0.5	0.167	nothing radial to replace	
B	117	10	32	-0.6	0.1	3	0.167	nothing radial to replace	
B	117	10	32	-0.6	1	0	0	nothing radial to replace	
B	117	10	32	-0.6	1	2.5	0.979	nothing radial to replace	
B	117	10	32	-0.6	1	5	0.979	nothing radial to replace	
B	117	10	32	-0.6	1	0.5	0.5	nothing radial to replace	
B	117	10	32	-0.6	1	3	0.979	nothing radial to replace	
B	117	10	32	0	0	0	0	nothing radial to replace	
B	117	10	32	0	0	2.5	0.077	nothing radial to replace	
B	117	10	32	0	0	5	0.077	nothing radial to replace	
B	117	10	32	0	0	0.5	0.077	nothing radial to replace	
B	117	10	32	0	0	3	0.077	nothing radial to replace	
B	117	10	32	0	0.1	0	0	nothing radial to replace	
B	117	10	32	0	0.1	2.5	0.167	nothing radial to replace	
B	117	10	32	0	0.1	5	0.167	nothing radial to replace	
B	117	10	32	0	0.1	0.5	0.167	nothing radial to replace	
B	117	10	32	0	0.1	3	0.167	nothing radial to replace	
B	117	10	32	0	1	0	0	nothing radial to replace	
B	117	10	32	0	1	2.5	0.979	nothing radial to replace	
B	117	10	32	0	1	5	0.979	nothing radial to replace	
B	117	10	32	0	1	0.5	0.5	nothing radial to replace	
B	117	10	32	0	1	3	0.979	nothing radial to replace	
B	117	10	32	1	0	0	0	nothing radial to replace	
B	117	10	32	1	0	2.5	0.077	nothing radial to replace	
B	117	10	32	1	0	5	0.077	nothing radial to replace	
B	117	10	32	1	0	0.5	0.077	nothing radial to replace	
B	117	10	32	1	0	3	0.077	nothing radial to replace	
B	117	10	32	1	0.1	0	0	nothing radial to replace	
B	117	10	32	1	0.1	2.5	0.167	nothing radial to replace	
B	117	10	32	1	0.1	5	0.167	nothing radial to replace	
B	117	10	32	1	0.1	0.5	0.167	nothing radial to replace	
B	117	10	32	1	0.1	3	0.167	nothing radial to replace	
B	117	10	32	1	1	0	0	nothing radial to replace	
B	117	10	32	1	1	2.5	0.979	nothing radial to replace	
B	117	10	32	1	1	5	0.979	nothing radial to replace	
B	117	10	32	1	1	0.5	0.5	nothing radial to replace	
B	117	10	32	1	1	3	0.979	nothing radial to replace	
B	117	10	32.5	-0.6	0	0	0	nothing radial to replace	
B	117	10	32.5	-0.6	0	2.5	0	nothing radial to replace	
B	117	10	32.5	-0.6	0	5	0	nothing radial to replace	
B	117	10	32.5	-0.6	0	0.5	0	nothing radial to replace	
B	117	10	32.5	-0.6	0	3	0	nothing radial to replace	
B	117	10	32.5	-0.6	0.1	0	0	nothing radial to replace	
B	117	10	32.5	-0.6	0.1	2.5	0	nothing radial to replace	
B	117	10	32.5	-0.6	0.1	5	0	nothing radial to replace	
B	117	10	32.5	-0.6	0.1	0.5	0	nothing radial to replace	
B	117	10	32.5	-0.6	0.1	3	0	nothing radial to replace	
B	117	10	32.5	-0.6	1	0	0	nothing radial to replace	
B	117	10	32.5	-0.6	1	2.5	0.711	nothing radial to replace	
B	117	10	32.5	-0.6	1	5	0.711	nothing radial to replace	
B	117	10	32.5	-0.6	1	0.5	0.5	nothing radial to replace	
B	117	10	32.5	-0.6	1	3	0.711	nothing radial to replace	
B	117	10	32.5	0	0	0	0	nothing radial to replace	
B	117	10	32.5	0	0	2.5	0	nothing radial to replace	
B	117	10	32.5	0	0	5	0	nothing radial to replace	
B	117	10	32.5	0	0	0.5	0	nothing radial to replace	
B	117	10	32.5	0	0	3	0	nothing radial to replace	
B	117	10	32.5	0	0.1	0	0	nothing radial to replace	
B	117	10	32.5	0	0.1	2.5	0	nothing radial to replace	
B	117	10	32.5	0	0.1	5	0	nothing radial to replace	
B	117	10	32.5	0	0.1	0.5	0	nothing radial to replace	
B	117	10	32.5	0	0.1	3	0	nothing radial to replace	
B	117	10	32.5	0	1	0	0	nothing radial to replace	
B	117	10	32.5	0	1	2.5	0.711	nothing radial to replace	
B	117	10	32.5	0	1	5	0.711	nothing radial to replace	
B	117	10	32.5	0	1	0.5	0.5	nothing radial to replace	
B	117	10	32.5	0	1	3	0.711	nothing radial to replace	
B	117	10	32.5	1	1	0	0	nothing radial to replace	
B	117	10	32.5	1	1	2.5	0.711	nothing radial to replace	
B	117	10	32.5	1	1	5	0.711	nothing radial to replace	
B	117	10	32.5	1	1	0.5	0.5	nothing radial to replace	
B	117	10	32.5	1	1	3	0.711	nothing radial to replace	
B	117	10	33	-0.6	0	0	0	nothing radial to replace	
B	117	10	33	-0.6	0	2.5	0	nothing radial to replace	
B	117	10	33	-0.6	0	5	0	nothing radial to replace	
B	117	10	33	-0.6	0	0.5	0	nothing radial to replace	
B	117	10	33	-0.6	0	3	0	nothing radial to replace	
B	117	10	33	-0.6	0.1	0	0	nothing radial to replace	
B	117	10	33	-0.6	0.1	2.5	0	nothing radial to replace	
B	117	10	33	-0.6	0.1	5	0	nothing radial to replace	
B	117	10	33	-0.6	0.1	0.5	0	nothing radial to replace	
B	117	10	33	-0.6	0.1	3	0	nothing radial to replace	
B	117	10	33	-0.6	1	0	0	nothing radial to replace	
B	117	10	33	-0.6	1	2.5	0.435	nothing radial to replace	
B	117	10	33	-0.6	1	5	0.435	nothing radial to replace	
B	117	10	33	-0.6	1	0.5	0.435	nothing radial to replace	
B	117	10	33	-0.6	1	3	0.435	nothing radial to replace	
B	117	10	33	0	1	0	0	nothing radial to replace	
B	117	10	33	0	1	2.5	0.435	nothing radial to replace	
B	117	10	33	0	1	5	0.435	nothing radial to replace	
B	117	10	33	0	1	0.5	0.435	nothing radial to replace	
B	117	10	33	0	1	3	0.435	nothing radial to replace	
B	117	10	33	1	1	0	0	nothing radial to replace	
B	117	10	33	1	1	2.5	0.435	nothing radial to replace	
B	117	10	33	1	1	5	0.435	nothing radial to replace	
B	117	10	33	1	1	0.5	0.435	nothing radial to replace	
B	117	10	33	1	1	3	0.435	nothing radial to replace	
B	117	10	33.5	-0.6	0	0	0	nothing radial to replace	
B	117	10	33.5	-0.6	0	2.5	0	nothing radial to replace	
B	117	10	33.5	-0.6	0	5	0	nothing radial to replace	
B	117	10	33.5	-0.6	0	0.5	0	nothing radial to replace	
B	117	10	33.5	-0.6	0	3	0	nothing radial to replace	
B	117	10	33.5	-0.6	0.1	0	0	nothing radial to replace	
B	117	10	33.5	-0.6	0.1	2.5	0	nothing radial to replace	
B	117	10	33.5	-0.6	0.1	5	0	nothing radial to replace	
B	117	10	33.5	-0.6	0.1	0.5	0	nothing radial to replace	
B	117	10	33.5	-0.6	0.1	3	0	nothing radial to replace	
B	117	10	33.5	-0.6	1	0	0	nothing radial to replace	
B	117	10	33.5	-0.6	1	2.5	0.149	nothing radial to replace	
B	117	10	33.5	-0.6	1	5	0.149	nothing radial to replace	
B	117	10	33.5	-0.6	1	0.5	0.149	nothing radial to replace	
B	117	10	33.5	-0.6	1	3	0.149	nothing radial to replace	
B	117	10	33.5	0	1	0	0	nothing radial to replace	
B	117	10	33.5	0	1	2.5	0.149	nothing radial to replace	
B	117	10	33.5	0	1	5	0.149	nothing radial to replace	
B	117	10	33.5	0	1	0.5	0.149	nothing radial to replace	
B	117	10	33.5	0	1	3	0.149	nothing radial to replace	
B	117	10	33.5	1	1	0	0	nothing radial to replace	
B	117	10	33.5	1	1	2.5	0.149	nothing radial to replace	
B	117	10	33.5	1	1	5	0.149	nothing radial to replace	
B	117	10	33.5	1	1	0.5	0.149	nothing radial to replace	
B	117	10	33.5	1	1	3	0.149	nothing radial to replace	
B	117	10	35	-0.6	1	0	0	nothing radial to replace	
B	117	10	35	-0.6	1	2.5	0	nothing radial to replace	
B	117	10	35	-0.6	1	5	0	nothing radial to replace	
B	117	10	35	-0.6	1	0.5	0	nothing radial to replace	
B	117	10	35	-0.6	1	3	0	nothing radial to replace	
B	200	10	14.5	-0.6	0	0	0	nothing radial to replace	
B	200	10	14.5	-0.6	0	2.5	2.5	nothing radial to replace	
B	200	10	14.5	-0.6	0	5	5	nothing radial to replace	
B	200	10	14.5	-0.6	0	0.5	0.5	nothing radial to replace	
B	200	10	14.5	-0.6	0	3	3	nothing radial to replace	
B	200	10	14.5	-0.6	0.1	0	0	nothing radial to replace	
B	200	10	14.5	-0.6	0.1	2.5	2.5	nothing radial to replace	
B	200	10	14.5	-0.6	0.1	5	5	nothing radial to replace	
B	200	10	14.5	-0.6	0.1	0.5	0.5	nothing radial to replace	
B	200	10	14.5	-0.6	0.1	3	3	nothing radial to replace	
B	200	10	14.5	-0.6	1	0	0	nothing radial to replace	
B	200	10	14.5	-0.6	1	2.5	2.5	nothing radial to replace	
B	200	10	14.5	-0.6	1	5	5	nothing radial to replace	
B	200	10	14.5	-0.6	1	0.5	0.5	nothing radial to replace	
B	200	10	14.5	-0.6	1	3	3	nothing radial to replace	
B	200	10	14.5	0	0	0	0	nothing radial to replace	
B	200	10	14.5	0	0	2.5	2.5	nothing radial to replace	
B	200	10	14.5	0	0	5	5	nothing radial to replace	
B	200	10	14.5	0	0	0.5	0.5	nothing radial to replace	
B	200	10	14.5	0	0	3	3	nothing radial to replace	
B	200	10	14.5	0	0.1	0	0	nothing radial to replace	
B	200	10	14.5	0	0.1	2.5	2.5	nothing radial to replace	
B	200	10	14.5	0	0.1	5	5	nothing radial to replace	
B	200	10	14.5	0	0.1	0.5	0.5	nothing radial to replace	
B	200	10	14.5	0	0.1	3	3	nothing radial to replace	
B	200	10	14.5	0	1	0	0	nothing radial to replace	
B	200	10	14.5	0	1	2.5	2.5	nothing radial to replace	
B	200	10	14.5	0	1	5	5	nothing radial to replace	
B	200	10	14.5	0	1	0.5	0.5	nothing radial to replace	
B	200	10	14.5	0	1	3	3	nothing radial to replace	
B	200	10	14.5	1	0	0	0	nothing radial to replace	
B	200	10	14.5	1	0	2.5	2.5	nothing radial to replace	
B	200	10	14.5	1	0	5	5	nothing radial to replace	
B	200	10	14.5	1	0	0.5	0.5	nothing radial to replace	
B	200	10	14.5	1	0	3	3	nothing radial to replace	
B	200	10	14.5	1	0.1	0	0	nothing radial to replace	
B	200	10	14.5	1	0.1	2.5	2.5	nothing radial to replace	
B	200	10	14.5	1	0.1	5	5	nothing radial to replace	
B	200	10	14.5	1	0.1	0.5	0.5	nothing radial to replace	
B	200	10	14.5	1	0.1	3	3	nothing radial to replace	
B	200	10	14.5	1	1	0	0	nothing radial to replace	
B	200	10	14.5	1	1	2.5	2.5	nothing radial to replace	
B	200	10	14.5	1	1	5	5	nothing radial to replace	
B	200	10	14.5	1	1	0.5	0.5	nothing radial to replace	
B	200	10	14.5	1	1	3	3	nothing radial to replace	
B	200	10	20	-0.6	0	0	0	nothing radial to replace	
B	200	10	20	-0.6	0	2.5	2.5	nothing radial to replace	
B	200	10	20	-0.6	0	5	4.719	nothing radial to replace	
B	200	10	20	-0.6	0	0.5	0.5	nothing radial to replace	
B	200	10	20	-0.6	0	3	3	nothing radial to replace	
B	200	10	20	-0.6	0.1	0	0	nothing radial to replace	
B	200	10	20	-0.6	0.1	2.5	2.5	nothing radial to replace	
B	200	10	20	-0.6	0.1	5	4.79	nothing radial to replace	
B	200	10	20	-0.6	0.1	0.5	0.5	nothing radial to replace	
B	200	10	20	-0.6	0.1	3	3	nothing radial to replace	
B	200	10	20	-0.6	1	0	0	nothing radial to replace	
B	200	10	20	-0.6	1	2.5	2.5	nothing radial to replace	
B	200	10	20	-0.6	1	5	5	nothing radial to replace	
B	200	10	20	-0.6	1	0.5	0.5	nothing radial to replace	
B	200	10	20	-0.6	1	3	3	nothing radial to replace	
B	200	10	20	0	0	0	0	nothing radial to replace	
B	200	10	20	0	0	2.5	2.5	nothing radial to replace	
B	200	10	20	0	0	5	4.719	nothing radial to replace	
B	200	10	20	0	0	0.5	0.5	nothing radial to replace	
B	200	10	20	0	0	3	3	nothing radial to replace	
B	200	10	20	0	0.1	0	0	nothing radial to replace	
B	200	10	20	0	0.1	2.5	2.5	nothing radial to replace	
B	200	10	20	0	0.1	5	4.79	nothing radial to replace	
B	200	10	20	0	0.1	0.5	0.5	nothing radial to replace	
B	200	10	20	0	0.1	3	3	nothing radial to replace	
B	200	10	20	0	1	0	0	nothing radial to replace	
B	200	10	20	0	1	2.5	2.5	nothing radial to replace	
B	200	10	20	0	1	5	5	nothing radial to replace	
B	200	10	20	0	1	0.5	0.5	nothing radial to replace	
B	200	10	20	0	1	3	3	nothing radial to replace	
B	200	10	20	1	0	0	0	nothing radial to replace	
B	200	10	20	1	0	2.5	2.5	nothing radial to replace	
B	200	10	20	1	0	5	4.719	nothing radial to replace	
B	200	10	20	1	0	0.5	0.5	nothing radial to replace	
B	200	10	20	1	0	3	3	nothing radial to replace	
B	200	10	20	1	0.1	0	0	nothing radial to replace	
B	200	10	20	1	0.1	2.5	2.5	nothing radial to replace	
B	200	10	20	1	0.1	5	4.79	nothing radial to replace	
B	200	10	20	1	0.1	0.5	0.5	nothing radial to replace	
B	200	10	20	1	0.1	3	3	nothing radial to replace	
B	200	10	20	1	1	0	0	nothing radial to replace	
B	200	10	20	1	1	2.5	2.5	nothing radial to replace	
B	200	10	20	1	1	5	5	nothing radial to replace	
B	200	10	20	1	1	0.5	0.5	nothing radial to replace	
B	200	10	20	1	1	3	3	nothing radial to replace	
B	200	10	25	-0.6	0	0	0	nothing radial to replace	
B	200	10	25	-0.6	0	2.5	2.5	nothing radial to replace	
B	200	10	25	-0.6	0	5	3.178	nothing radial to replace	
B	200	10	25	-0.6	0	0.5	0.5	nothing radial to replace	
B	200	10	25	-0.6	0	3	3	nothing radial to replace	
B	200	10	25	-0.6	0.1	0	0	nothing radial to replace	
B	200	10	25	-0.6	0.1	2.5	2.5	nothing radial to replace	
B	200	10	25	-0.6	0.1	5	3.257	nothing radial to replace	
B	200	10	25	-0.6	0.1	0.5	0.5	nothing radial to replace	
B	200	10	25	-0.6	0.1	3	3	nothing radial to replace	
B	200	10	25	-0.6	1	0	0	nothing radial to replace	
B	200	10	25	-0.6	1	2.5	2.5	nothing radial to replace	
B	200	10	25	-0.6	1	5	3.963	nothing radial to replace	
B	200	10	25	-0.6	1	0.5	0.5	nothing radial to replace	
B	200	10	25	-0.6	1	3	3	nothing radial to replace	
B	200	10	25	0	0	0	0	nothing radial to replace	
B	200	10	25	0	0	2.5	2.5	nothing radial to replace	
B	200	10	25	0	0	5	3.178	nothing radial to replace	
B	200	10	25	0	0	0.5	0.5	nothing radial to replace	
B	200	10	25	0	0	3	3	nothing radial to replace	
B	200	10	25	0	0.1	0	0	nothing radial to replace	
B	200	10	25	0	0.1	2.5	2.5	nothing radial to replace	
B	200	10	25	0	0.1	5	3.257	nothing radial to replace	
B	200	10	25	0	0.1	0.5	0.5	nothing radial to replace	
B	200	10	25	0	0.1	3	3	nothing radial to replace	
B	200	10	25	0	1	0	0	nothing radial to replace	
B	200	10	25	0	1	2.5	2.5	nothing radial to replace	
B	200	10	25	0	1	5	3.963	nothing radial to replace	
B	200	10	25	0	1	0.5	0.5	nothing radial to replace	
B	200	10	25	0	1	3	3	nothing radial to replace	
B	200	10	25	1	0	0	0	nothing radial to replace	
B	200	10	25	1	0	2.5	2.5	nothing radial to replace	
B	200	10	25	1	0	5	3.178	nothing radial to replace	
B	200	10	25	1	0	0.5	0.5	nothing radial to replace	
B	200	10	25	1	0	3	3	nothing radial to replace	
B	200	10	25	1	0.1	0	0	nothing radial to replace	
B	200	10	25	1	0.1	2.5	2.5	nothing radial to replace	
B	200	10	25	1	0.1	5	3.257	nothing radial to replace	
B	200	10	25	1	0.1	0.5	0.5	nothing radial to replace	
B	200	10	25	1	0.1	3	3	nothing radial to replace	
B	200	10	25	1	1	0	0	nothing radial to replace	
B	200	10	25	1	1	2.5	2.5	nothing radial to replace	
B	200	10	25	1	1	5	3.963	nothing radial to replace	
B	200	10	25	1	1	0.5	0.5	nothing radial to replace	
B	200	10	25	1	1	3	3	nothing radial to replace	
B	200	10	30	-0.6	0	0	0	nothing radial to replace	
B	200	10	30	-0.6	0	2.5	1.103	nothing radial to replace	
B	200	10	30	-0.6	0	5	1.103	nothing radial to replace	
B	200	10	30	-0.6	0	0.5	0.5	nothing radial to replace	
B	200	10	30	-0.6	0	3	1.103	nothing radial to replace	
B	200	10	30	-0.6	0.1	0	0	nothing radial to replace	
B	200	10	30	-0.6	0.1	2.5	1.19	nothing radial to replace	
B	200	10	30	-0.6	0.1	5	1.19	nothing radial to replace	
B	200	10	30	-0.6	0.1	0.5	0.5	nothing radial to replace	
B	200	10	30	-0.6	0.1	3	1.19	nothing radial to replace	
B	200	10	30	-0.6	1	0	0	nothing radial to replace	
B	200	10	30	-0.6	1	2.5	1.969	nothing radial to replace	
B	200	10	30	-0.6	1	5	1.969	nothing radial to replace	
B	200	10	30	-0.6	1	0.5	0.5	nothing radial to replace	
B	200	10	30	-0.6	1	3	1.969	nothing radial to replace	
B	200	10	30	0	0	0	0	nothing radial to replace	
B	200	10	30	0	0	2.5	1.103	nothing radial to replace	
B	200	10	30	0	0	5	1.103	nothing radial to replace	
B	200	10	30	0	0	0.5	0.5	nothing radial to replace	
B	200	10	30	0	0	3	1.103	nothing radial to replace	
B	200	10	30	0	0.1	0	0	nothing radial to replace	
B	200	10	30	0	0.1	2.5	1.19	nothing radial to replace	
B	200	10	30	0	0.1	5	1.19	nothing radial to replace	
B	200	10	30	0	0.1	0.5	0.5	nothing radial to replace	
B	200	10	30	0	0.1	3	1.19	nothing radial to replace	
B	200	10	30	0	1	0	0	nothing radial to replace	
B	200	10	30	0	1	2.5	1.969	nothing radial to replace	
B	200	10	30	0	1	5	1.969	nothing radial to replace	
B	200	10	30	0	1	0.5	0.5	nothing radial to replace	
B	200	10	30	0	1	3	1.969	nothing radial to replace	
B	200	10	30	1	0	0	0	nothing radial to replace	
B	200	10	30	1	0	2.5	1.103	nothing radial to replace	
B	200	10	30	1	0	5	1.103	nothing radial to replace	
B	200	10	30	1	0	0.5	0.5	nothing radial to replace	
B	200	10	30	1	0	3	1.103	nothing radial to replace	
B	200	10	30	1	0.1	0	0	nothing radial to replace	
B	200	10	30	1	0.1	2.5	1.19	nothing radial to replace	
B	200	10	30	1	0.1	5	1.19	nothing radial to replace	
B	200	10	30	1	0.1	0.5	0.5	nothing radial to replace	
B	200	10	30	1	0.1	3	1.19	nothing radial to replace	
B	200	10	30	1	1	0	0	nothing radial to replace	
B	200	10	30	1	1	2.5	1.969	nothing radial to replace	
B	200	10	30	1	1	5	1.969	nothing radial to replace	
B	200	10	30	1	1	0.5	0.5	nothing radial to replace	
B	200	10	30	1	1	3	1.969	nothing radial to replace	
B	200	10	32	-0.6	0	0	0	nothing radial to replace	
B	200	10	32	-0.6	0	2.5	0.077	nothing radial to replace	
B	200	10	32	-0.6	0	5	0.077	nothing radial to replace	
B	200	10	32	-0.6	0	0.5	0.077	nothing radial to replace	
B	200	10	32	-0.6	0	3	0.077	nothing radial to replace	
B	200	10	32	-0.6	0.1	0	0	nothing radial to replace	
B	200	10	32	-0.6	0.1	2.5	0.167	nothing radial to replace	
B	200	10	32	-0.6	0.1	5	0.167	nothing radial to replace	
B	200	10	32	-0.6	0.1	0.5	0.167	nothing radial to replace	
B	200	10	32	-0.6	0.1	3	0.167	nothing radial to replace	
B	200	10	32	-0.6	1	0	0	nothing radial to replace	
B	200	10	32	-0.6	1	2.5	0.979	nothing radial to replace	
B	200	10	32	-0.6	1	5	0.979	nothing radial to replace	
B	200	10	32	-0.6	1	0.5	0.5	nothing radial to replace	
B	200	10	32	-0.6	1	3	0.979	nothing radial to replace	
B	200	10	32	0	0	0	0	nothing radial to replace	
B	200	10	32	0	0	2.5	0.077	nothing radial to replace	
B	200	10	32	0	0	5	0.077	nothing radial to replace	
B	200	10	32	0	0	0.5	0.077	nothing radial to replace	
B	200	10	32	0	0	3	0.077	nothing radial to replace	
B	200	10	32	0	0.1	0	0	nothing radial to replace	
B	200	10	32	0	0.1	2.5	0.167	nothing radial to replace	
B	200	10	32	0	0.1	5	0.167	nothing radial to replace	
B	200	10	32	0	0.1	0.5	0.167	nothing radial to replace	
B	200	10	32	0	0.1	3	0.167	nothing radial to replace	
B	200	10	32	0	1	0	0	nothing radial to replace	
B	200	10	32	0	1	2.5	0.979	nothing radial to replace	
B	200	10	32	0	1	5	0.979	nothing radial to replace	
B	200	10	32	0	1	0.5	0.5	nothing radial to replace	
B	200	10	32	0	1	3	0.979	nothing radial to replace	
B	200	10	32	1	0	0	0	nothing radial to replace	
B	200	10	32	1	0	2.5	0.077	nothing radial to replace	
B	200	10	32	1	0	5	0.077	nothing radial to replace	
B	200	10	32	1	0	0.5	0.077	nothing radial to replace	
B	200	10	32	1	0	3	0.077	nothing radial to replace	
B	200	10	32	1	0.1	0	0	nothing radial to replace	
B	200	10	32	1	0.1	2.5	0.167	nothing radial to replace	
B	200	10	32	1	0.1	5	0.167	nothing radial to replace	
B	200	10	32	1	0.1	0.5	0.167	nothing radial to replace	
B	200	10	32	1	0.1	3	0.167	nothing radial to replace	
B	200	10	32	1	1	0	0	nothing radial to replace	
B	200	10	32	1	1	2.5	0.979	nothing radial to replace	
B	200	10	32	1	1	5	0.979	nothing radial to replace	
B	200	10	32	1	1	0.5	0.5	nothing radial to replace	
B	200	10	32	1	1	3	0.979	nothing radial to replace	
B	200	10	32.5	-0.6	0	0	0	nothing radial to replace	
B	200	10	32.5	-0.6	0	2.5	0	nothing radial to replace	
B	200	10	32.5	-0.6	0	5	0	nothing radial to replace	
B	200	10	32.5	-0.6	0	0.5	0	nothing radial to replace	
B	200	10	32.5	-0.6	0	3	0	nothing radial to replace	
B	200	10	32.5	-0.6	0.1	0	0	nothing radial to replace	
B	200	10	32.5	-0.6	0.1	2.5	0	nothing radial to replace	
B	200	10	32.5	-0.6	0.1	5	0	nothing radial to replace	
B	200	10	32.5	-0.6	0.1	0.5	0	nothing radial to replace	
B	200	10	32.5	-0.6	0.1	3	0	nothing radial to replace	
B	200	10	32.5	-0.6	1	0	0	nothing radial to replace	
B	200	10	32.5	-0.6	1	2.5	0.711	nothing radial to replace	
B	200	10	32.5	-0.6	1	5	0.711	nothing radial to replace	
B	200	10	32.5	-0.6	1	0.5	0.5	nothing radial to replace	
B	200	10	32.5	-0.6	1	3	0.711	nothing radial to replace	
B	200	10	32.5	0	0.1	0	0	nothing radial to replace	
B	200	10	32.5	0	0.1	2.5	0	nothing radial to replace	
B	200	10	32.5	0	0.1	5	0	nothing radial to replace	
B	200	10	32.5	0	0.1	0.5	0	nothing radial to replace	
B	200	10	32.5	0	0.1	3	0	nothing radial to replace	
B	200	10	32.5	0	1	0	0	nothing radial to replace	
B	200	10	32.5	0	1	2.5	0.711	nothing radial to replace	
B	200	10	32.5	0	1	5	0.711	nothing radial to replace	
B	200	10	32.5	0	1	0.5	0.5	nothing radial to replace	
B	200	10	32.5	0	1	3	0.711	nothing radial to replace	
B	200	10	32.5	1	1	0	0	nothing radial to replace	
B	200	10	32.5	1	1	2.5	0.711	nothing radial to replace	
B	200	10	32.5	1	1	5	0.711	nothing radial to replace	
B	200	10	32.5	1	1	0.5	0.5	nothing radial to replace	
B	200	10	32.5	1	1	3	0.711	nothing radial to replace	
B	200	10	33	-0.6	0.1	0	0	nothing radial to replace	
B	200	10	33	-0.6	0.1	2.5	0	nothing radial to replace	
B	200	10	33	-0.6	0.1	5	0	nothing radial to replace	
B	200	10	33	-0.6	0.1	0.5	0	nothing radial to replace	
B	200	10	33	-0.6	0.1	3	0	nothing radial to replace	
B	200	10	33	-0.6	1	0	0	nothing radial to replace	
B	200	10	33	-0.6	1	2.5	0.435	nothing radial to replace	
B	200	10	33	-0.6	1	5	0.435	nothing radial to replace	
B	200	10	33	-0.6	1	0.5	0.435	nothing radial to replace	
B	200	10	33	-0.6	1	3	0.435	nothing radial to replace	
B	200	10	33	0	1	0	0	nothing radial to replace	
B	200	10	33	0	1	2.5	0.435	nothing radial to replace	
B	200	10	33	0	1	5	0.435	nothing radial to replace	
B	200	10	33	0	1	0.5	0.435	nothing radial to replace	
B	200	10	33	0	1	3	0.435	nothing radial to replace	
B	200	10	33	1	1	0	0	nothing radial to replace	
B	200	10	33	1	1	2.5	0.435	nothing radial to replace	
B	200	10	33	1	1	5	0.435	nothing radial to replace	
B	200	10	33	1	1	0.5	0.435	nothing radial to replace	
B	200	10	33	1	1	3	0.435	nothing radial to replace	
B	200	10	33.5	-0.6	1	0	0	nothing radial to replace	
B	200	10	33.5	-0.6	1	2.5	0.149	nothing radial to replace	
B	200	10	33.5	-0.6	1	5	0.149	nothing radial to replace	
B	200	10	33.5	-0.6	1	0.5	0.149	nothing radial to replace	
B	200	10	33.5	-0.6	1	3	0.149	nothing radial to replace	
B	200	10	33.5	0	1	0	0	nothing radial to replace	
B	200	10	33.5	0	1	2.5	0.149	nothing radial to replace	
B	200	10	33.5	0	1	5	0.149	nothing radial to replace	
B	200	10	33.5	0	1	0.5	0.149	nothing radial to replace	
B	200	10	33.5	0	1	3	0.149	nothing radial to replace	
B	200	10	33.5	1	1	0	0	nothing radial to replace	
B	200	10	33.5	1	1	2.5	0.149	nothing radial to replace	
B	200	10	33.5	1	1	5	0.149	nothing radial to replace	
B	200	10	33.5	1	1	0.5	0.149	nothing radial to replace	
B	200	10	33.5	1	1	3	0.149	nothing radial to replace	
